item_id,item_name,store_id,store_name,category_id,category_name,status,created_at
mysql: [Warning] Using a password on the command line interface can be insecure.
1837,Aloo Gobi,NULL,NULL,107,NULL,1,2025-01-09 09:14:23
1841,Aloo Jeera,NULL,NULL,107,NULL,1,2025-01-09 09:28:52
1840,Aloo Simal,NULL,NULL,107,NULL,1,2025-01-09 09:23:38
1873,Aloo Vange,NULL,NULL,107,NULL,1,2025-01-09 11:19:45
435,Chicken,NULL,NULL,14,Fast Food,1,2024-11-14 08:26:41
767,Chocolate Cake,NULL,NULL,101,Bakery & Desserts,1,2024-11-30 04:21:34
1892,Dal Tadka,NULL,NULL,137,NULL,1,2025-01-09 11:41:13
17868,DANT KANTI NATURAL 100G,NULL,NULL,870,Ata,Rice,Grains & Dals,1,2025-12-03 16:03:54
17367,DANT KANTI NATURAL 100G,NULL,NULL,870,Ata,Rice,Grains & Dals,1,2025-12-03 15:32:48
17368,DANT KANTI NATURAL TP 300G+BRUSH RS 70,NULL,NULL,870,Ata,Rice,Grains & Dals,1,2025-12-03 15:32:48
17869,DANT KANTI NATURAL TP 300G+BRUSH RS 70,NULL,NULL,870,Ata,Rice,Grains & Dals,1,2025-12-03 16:03:54
17870,DARK CHOCOLATE TUB 1000ML,NULL,NULL,870,Ata,Rice,Grains & Dals,1,2025-12-03 16:03:54
17369,DARK CHOCOLATE TUB 1000ML,NULL,NULL,870,Ata,Rice,Grains & Dals,1,2025-12-03 15:32:48
17370,DARK FANTASY BOUR BONJUMBO PACK,NULL,NULL,870,Ata,Rice,Grains & Dals,1,2025-12-03 15:32:48
17871,DARK FANTASY BOUR BONJUMBO PACK,NULL,NULL,870,Ata,Rice,Grains & Dals,1,2025-12-03 16:03:54
17872,DARK FANTASY BOURBON 90G,NULL,NULL,870,Ata,Rice,Grains & Dals,1,2025-12-03 16:03:54
17371,DARK FANTASY BOURBON 90G,NULL,NULL,870,Ata,Rice,Grains & Dals,1,2025-12-03 15:32:48
17372,DARK FANTASY CHOCO FILLS,NULL,NULL,870,Ata,Rice,Grains & Dals,1,2025-12-03 15:32:48
17873,DARK FANTASY CHOCO FILLS,NULL,NULL,870,Ata,Rice,Grains & Dals,1,2025-12-03 16:03:54
17874,DARKFANTASY CHOCOFILLS,NULL,NULL,870,Ata,Rice,Grains & Dals,1,2025-12-03 16:03:54
17373,DARKFANTASY CHOCOFILLS,NULL,NULL,870,Ata,Rice,Grains & Dals,1,2025-12-03 15:32:48
17374,DAS PLUS FOOD MOHARI 50G,NULL,NULL,870,Ata,Rice,Grains & Dals,1,2025-12-03 15:32:48
17875,DAS PLUS FOOD MOHARI 50G,NULL,NULL,870,Ata,Rice,Grains & Dals,1,2025-12-03 16:03:54
17876,DBR HONEY 250 g BTL,NULL,NULL,870,Ata,Rice,Grains & Dals,1,2025-12-03 16:03:54
17375,DBR HONEY 250 g BTL,NULL,NULL,870,Ata,Rice,Grains & Dals,1,2025-12-03 15:32:48
17376,DBR RD TPS 200 100 g,NULL,NULL,870,Ata,Rice,Grains & Dals,1,2025-12-03 15:32:48
17877,DBR RD TPS 200 100 g,NULL,NULL,870,Ata,Rice,Grains & Dals,1,2025-12-03 16:03:54
17878,DDOVE CON DAILY SHINE BIOPRO CARE,NULL,NULL,870,Ata,Rice,Grains & Dals,1,2025-12-03 16:03:54
17377,DDOVE CON DAILY SHINE BIOPRO CARE,NULL,NULL,870,Ata,Rice,Grains & Dals,1,2025-12-03 15:32:48
17378,DEL MONTE ENE 1 KG PP,NULL,NULL,870,Ata,Rice,Grains & Dals,1,2025-12-03 15:32:48
17879,DEL MONTE ENE 1 KG PP,NULL,NULL,870,Ata,Rice,Grains & Dals,1,2025-12-03 16:03:54
17880,DENVAR DEO EMPEROR,NULL,NULL,870,Ata,Rice,Grains & Dals,1,2025-12-03 16:03:54
17379,DENVAR DEO EMPEROR,NULL,NULL,870,Ata,Rice,Grains & Dals,1,2025-12-03 15:32:48
17380,DENVAR DEO MASTRO RS 275,NULL,NULL,870,Ata,Rice,Grains & Dals,1,2025-12-03 15:32:48
17881,DENVAR DEO MASTRO RS 275,NULL,NULL,870,Ata,Rice,Grains & Dals,1,2025-12-03 16:03:54
17882,DENVER DEO KING RS 275,NULL,NULL,870,Ata,Rice,Grains & Dals,1,2025-12-03 16:03:54
17381,DENVER DEO KING RS 275,NULL,NULL,870,Ata,Rice,Grains & Dals,1,2025-12-03 15:32:48
17382,DESEEDED DATES 500G(R),NULL,NULL,870,Ata,Rice,Grains & Dals,1,2025-12-03 15:32:48
17883,DESEEDED DATES 500G(R),NULL,NULL,870,Ata,Rice,Grains & Dals,1,2025-12-03 16:03:54
17884,DESERTKING (REFIL) 250GM,NULL,NULL,870,Ata,Rice,Grains & Dals,1,2025-12-03 16:03:54
17383,DESERTKING (REFIL) 250GM,NULL,NULL,870,Ata,Rice,Grains & Dals,1,2025-12-03 15:32:48
17384,DESERTKING 250G(C),NULL,NULL,870,Ata,Rice,Grains & Dals,1,2025-12-03 15:32:48
17885,DESERTKING 250G(C),NULL,NULL,870,Ata,Rice,Grains & Dals,1,2025-12-03 16:03:54
17886,DESERTKING 500G(C),NULL,NULL,870,Ata,Rice,Grains & Dals,1,2025-12-03 16:03:54
17385,DESERTKING 500G(C),NULL,NULL,870,Ata,Rice,Grains & Dals,1,2025-12-03 15:32:48
17386,DESERTKING500 REFIL,NULL,NULL,870,Ata,Rice,Grains & Dals,1,2025-12-03 15:32:48
17887,DESERTKING500 REFIL,NULL,NULL,870,Ata,Rice,Grains & Dals,1,2025-12-03 16:03:54
17888,Detol Original Soap 100g,NULL,NULL,870,Ata,Rice,Grains & Dals,1,2025-12-03 16:03:54
17387,Detol Original Soap 100g,NULL,NULL,870,Ata,Rice,Grains & Dals,1,2025-12-03 15:32:48
17388,Detol Original Soap 150g,NULL,NULL,870,Ata,Rice,Grains & Dals,1,2025-12-03 15:32:48
17889,Detol Original Soap 150g,NULL,NULL,870,Ata,Rice,Grains & Dals,1,2025-12-03 16:03:54
17890,Dettol Aniti septic Liquid250ml,NULL,NULL,870,Ata,Rice,Grains & Dals,1,2025-12-03 16:03:54
17389,Dettol Aniti septic Liquid250ml,NULL,NULL,870,Ata,Rice,Grains & Dals,1,2025-12-03 15:32:48
17390,DETTOL ASL PET 750ML,NULL,NULL,870,Ata,Rice,Grains & Dals,1,2025-12-03 15:32:48
17891,DETTOL ASL PET 750ML,NULL,NULL,870,Ata,Rice,Grains & Dals,1,2025-12-03 16:03:54
17892,DETTOL HANDWASH,NULL,NULL,870,Ata,Rice,Grains & Dals,1,2025-12-03 16:03:54
17391,DETTOL HANDWASH,NULL,NULL,870,Ata,Rice,Grains & Dals,1,2025-12-03 15:32:48
17392,DETTOL ICY150gX5 WRP,NULL,NULL,870,Ata,Rice,Grains & Dals,1,2025-12-03 15:32:48
17893,DETTOL ICY150gX5 WRP,NULL,NULL,870,Ata,Rice,Grains & Dals,1,2025-12-03 16:03:54
17894,Dettol org pack of 4 100g,NULL,NULL,870,Ata,Rice,Grains & Dals,1,2025-12-03 16:03:54
17393,Dettol org pack of 4 100g,NULL,NULL,870,Ata,Rice,Grains & Dals,1,2025-12-03 15:32:48
17394,DETTOL ORGP 150g WRP,NULL,NULL,870,Ata,Rice,Grains & Dals,1,2025-12-03 15:32:48
17395,DETTOL ORI 200ML PET,NULL,NULL,870,Ata,Rice,Grains & Dals,1,2025-12-03 15:32:48
17896,DETTOL ORI 200ML PET,NULL,NULL,870,Ata,Rice,Grains & Dals,1,2025-12-03 16:03:54
17897,DETTOL ORI75mlx3 PCH,NULL,NULL,870,Ata,Rice,Grains & Dals,1,2025-12-03 16:03:54
17396,DETTOL ORI75mlx3 PCH,NULL,NULL,870,Ata,Rice,Grains & Dals,1,2025-12-03 15:32:48
17397,DETTOL ORIGINAL POUCH 675ML,NULL,NULL,870,Ata,Rice,Grains & Dals,1,2025-12-03 15:32:48
17898,DETTOL ORIGINAL POUCH 675ML,NULL,NULL,870,Ata,Rice,Grains & Dals,1,2025-12-03 16:03:54
17899,Dettol Pack of 5 150g,NULL,NULL,870,Ata,Rice,Grains & Dals,1,2025-12-03 16:03:54
17398,Dettol Pack of 5 150g,NULL,NULL,870,Ata,Rice,Grains & Dals,1,2025-12-03 15:32:48
17399,DETTOL SENSITIVE 675ML POUCH,NULL,NULL,870,Ata,Rice,Grains & Dals,1,2025-12-03 15:32:48
17900,DETTOL SENSITIVE 675ML POUCH,NULL,NULL,870,Ata,Rice,Grains & Dals,1,2025-12-03 16:03:54
17901,DETTOL SKINCARE,NULL,NULL,870,Ata,Rice,Grains & Dals,1,2025-12-03 16:03:54
17400,DETTOL SKINCARE,NULL,NULL,870,Ata,Rice,Grains & Dals,1,2025-12-03 15:32:48
17401,DETTOL SKN 675ML PCH,NULL,NULL,870,Ata,Rice,Grains & Dals,1,2025-12-03 15:32:48
17902,DETTOL SKN 675ML PCH,NULL,NULL,870,Ata,Rice,Grains & Dals,1,2025-12-03 16:03:54
17903,DETTOL SP SC 100GX4,NULL,NULL,870,Ata,Rice,Grains & Dals,1,2025-12-03 16:03:54
17402,DETTOL SP SC 100GX4,NULL,NULL,870,Ata,Rice,Grains & Dals,1,2025-12-03 15:32:48
17403,DEV POOJA OIL 450ML,NULL,NULL,870,Ata,Rice,Grains & Dals,1,2025-12-03 15:32:48
17904,DEV POOJA OIL 450ML,NULL,NULL,870,Ata,Rice,Grains & Dals,1,2025-12-03 16:03:54
17905,DEV POOJA OIL 900ML,NULL,NULL,870,Ata,Rice,Grains & Dals,1,2025-12-03 16:03:54
17404,DEV POOJA OIL 900ML,NULL,NULL,870,Ata,Rice,Grains & Dals,1,2025-12-03 15:32:48
17405,DHANA JEERA POWDER,NULL,NULL,870,Ata,Rice,Grains & Dals,1,2025-12-03 15:32:48
17906,DHANA JEERA POWDER,NULL,NULL,870,Ata,Rice,Grains & Dals,1,2025-12-03 16:03:54
17907,DHANIYA 100G,NULL,NULL,870,Ata,Rice,Grains & Dals,1,2025-12-03 16:03:54
17406,DHANIYA 100G,NULL,NULL,870,Ata,Rice,Grains & Dals,1,2025-12-03 15:32:48
17407,DHR GNUT OIL 5 L CAN,NULL,NULL,870,Ata,Rice,Grains & Dals,1,2025-12-03 15:32:48
17908,DHR GNUT OIL 5 L CAN,NULL,NULL,870,Ata,Rice,Grains & Dals,1,2025-12-03 16:03:54
17909,DHR GRNUT OIL 1 L P,NULL,NULL,870,Ata,Rice,Grains & Dals,1,2025-12-03 16:03:54
17408,DHR GRNUT OIL 1 L P,NULL,NULL,870,Ata,Rice,Grains & Dals,1,2025-12-03 15:32:48
17409,Dhron,NULL,NULL,870,Ata,Rice,Grains & Dals,1,2025-12-03 15:32:48
17910,Dhron,NULL,NULL,870,Ata,Rice,Grains & Dals,1,2025-12-03 16:03:54
17911,DIAMON BUCKET MOP PLASTIC  JALI,NULL,NULL,870,Ata,Rice,Grains & Dals,1,2025-12-03 16:03:54
17410,DIAMON BUCKET MOP PLASTIC  JALI,NULL,NULL,870,Ata,Rice,Grains & Dals,1,2025-12-03 15:32:48
17411,DIET COCKE CAN 300ML,NULL,NULL,870,Ata,Rice,Grains & Dals,1,2025-12-03 15:32:48
17912,DIET COCKE CAN 300ML,NULL,NULL,870,Ata,Rice,Grains & Dals,1,2025-12-03 16:03:54
17913,DILL LEAVES/SHEPU,NULL,NULL,870,Ata,Rice,Grains & Dals,1,2025-12-03 16:03:54
17412,DILL LEAVES/SHEPU,NULL,NULL,870,Ata,Rice,Grains & Dals,1,2025-12-03 15:32:48
17413,Dimand  Bhajka Poha -1Kg,NULL,NULL,870,Ata,Rice,Grains & Dals,1,2025-12-03 15:32:48
17914,Dimand  Bhajka Poha -1Kg,NULL,NULL,870,Ata,Rice,Grains & Dals,1,2025-12-03 16:03:54
17915,Dimand Bhadang -500G,NULL,NULL,870,Ata,Rice,Grains & Dals,1,2025-12-03 16:03:54
17414,Dimand Bhadang -500G,NULL,NULL,870,Ata,Rice,Grains & Dals,1,2025-12-03 15:32:48
17415,Dimand Murmura -500G,NULL,NULL,870,Ata,Rice,Grains & Dals,1,2025-12-03 15:32:48
17916,Dimand Murmura -500G,NULL,NULL,870,Ata,Rice,Grains & Dals,1,2025-12-03 16:03:54
17917,DINK LADOO MIX,NULL,NULL,870,Ata,Rice,Grains & Dals,1,2025-12-03 16:03:54
17416,DINK LADOO MIX,NULL,NULL,870,Ata,Rice,Grains & Dals,1,2025-12-03 15:32:48
17417,DINKA,NULL,NULL,870,Ata,Rice,Grains & Dals,1,2025-12-03 15:32:48
17918,DINKA,NULL,NULL,870,Ata,Rice,Grains & Dals,1,2025-12-03 16:03:54
17919,DINKA 250G,NULL,NULL,870,Ata,Rice,Grains & Dals,1,2025-12-03 16:03:54
17418,DINKA 250G,NULL,NULL,870,Ata,Rice,Grains & Dals,1,2025-12-03 15:32:48
17419,DINKA LADDO,NULL,NULL,870,Ata,Rice,Grains & Dals,1,2025-12-03 15:32:48
17920,DINKA LADDO,NULL,NULL,870,Ata,Rice,Grains & Dals,1,2025-12-03 16:03:54
17921,DISPOBLES SPOON 30N,NULL,NULL,870,Ata,Rice,Grains & Dals,1,2025-12-03 16:03:54
17420,DISPOBLES SPOON 30N,NULL,NULL,870,Ata,Rice,Grains & Dals,1,2025-12-03 15:32:48
17421,DIVYA GULAB JAL 120ML,NULL,NULL,870,Ata,Rice,Grains & Dals,1,2025-12-03 15:32:48
17922,DIVYA GULAB JAL 120ML,NULL,NULL,870,Ata,Rice,Grains & Dals,1,2025-12-03 16:03:54
17923,DLM PSCHIRG SPR  450 G,NULL,NULL,870,Ata,Rice,Grains & Dals,1,2025-12-03 16:03:54
17422,DLM PSCHIRG SPR  450 G,NULL,NULL,870,Ata,Rice,Grains & Dals,1,2025-12-03 15:32:48
17423,DM DOM PSTA ELB 1 KG,NULL,NULL,870,Ata,Rice,Grains & Dals,1,2025-12-03 15:32:48
17924,DM DOM PSTA ELB 1 KG,NULL,NULL,870,Ata,Rice,Grains & Dals,1,2025-12-03 16:03:54
17424,DML PSCHIRG 500G PP,NULL,NULL,870,Ata,Rice,Grains & Dals,1,2025-12-03 15:32:48
17425,DNV PANJABAD 180g PPD,NULL,NULL,870,Ata,Rice,Grains & Dals,1,2025-12-03 15:32:48
17926,DNV PANJABAD 180g PPD,NULL,NULL,870,Ata,Rice,Grains & Dals,1,2025-12-03 16:03:54
17927,DNV SPICIAAPAD 450G,NULL,NULL,870,Ata,Rice,Grains & Dals,1,2025-12-03 16:03:54
17426,DNV SPICIAAPAD 450G,NULL,NULL,870,Ata,Rice,Grains & Dals,1,2025-12-03 15:32:48
17427,DODAKE 250G,NULL,NULL,870,Ata,Rice,Grains & Dals,1,2025-12-03 15:32:48
17928,DODAKE 250G,NULL,NULL,870,Ata,Rice,Grains & Dals,1,2025-12-03 16:03:54
17929,Domex Fresh Guard Lime Fresh Disinfectant Toilet Expert 1L,NULL,NULL,870,Ata,Rice,Grains & Dals,1,2025-12-03 16:03:54
17428,Domex Fresh Guard Lime Fresh Disinfectant Toilet Expert 1L,NULL,NULL,870,Ata,Rice,Grains & Dals,1,2025-12-03 15:32:48
17429,Domex Original 500 ml,NULL,NULL,870,Ata,Rice,Grains & Dals,1,2025-12-03 15:32:48
17430,DOMS TEMPERA COLOUR,NULL,NULL,870,Ata,Rice,Grains & Dals,1,2025-12-03 15:32:48
17931,DOMS TEMPERA COLOUR,NULL,NULL,870,Ata,Rice,Grains & Dals,1,2025-12-03 16:03:54
17932,DORITOS NAESE 53G PP,NULL,NULL,870,Ata,Rice,Grains & Dals,1,2025-12-03 16:03:54
17431,DORITOS NAESE 53G PP,NULL,NULL,870,Ata,Rice,Grains & Dals,1,2025-12-03 15:32:48
17432,DORITOS SWLI 50 g PP,NULL,NULL,870,Ata,Rice,Grains & Dals,1,2025-12-03 15:32:48
17933,DORITOS SWLI 50 g PP,NULL,NULL,870,Ata,Rice,Grains & Dals,1,2025-12-03 16:03:54
17934,DOVE C F SH 5ML PK48,NULL,NULL,870,Ata,Rice,Grains & Dals,1,2025-12-03 16:03:54
17433,DOVE C F SH 5ML PK48,NULL,NULL,870,Ata,Rice,Grains & Dals,1,2025-12-03 15:32:48
17434,DOVE CLEAN AND FRESH SHAMPOO,NULL,NULL,870,Ata,Rice,Grains & Dals,1,2025-12-03 15:32:48
17935,DOVE CLEAN AND FRESH SHAMPOO,NULL,NULL,870,Ata,Rice,Grains & Dals,1,2025-12-03 16:03:54
17936,DOVE CON DAILY SHINE BIOPRO CARE,NULL,NULL,870,Ata,Rice,Grains & Dals,1,2025-12-03 16:03:54
17435,DOVE CON DAILY SHINE BIOPRO CARE,NULL,NULL,870,Ata,Rice,Grains & Dals,1,2025-12-03 15:32:48
17436,Dove Cream Beauty Bathing Bar 75 g (Pack of 3),NULL,NULL,870,Ata,Rice,Grains & Dals,1,2025-12-03 15:32:48
17937,Dove Cream Beauty Bathing Bar 75 g (Pack of 3),NULL,NULL,870,Ata,Rice,Grains & Dals,1,2025-12-03 16:03:54
17938,DOVE DAILY SHINE MID SHAMPOO,NULL,NULL,870,Ata,Rice,Grains & Dals,1,2025-12-03 16:03:54
17437,DOVE DAILY SHINE MID SHAMPOO,NULL,NULL,870,Ata,Rice,Grains & Dals,1,2025-12-03 15:32:48
17438,DOVE DANDRUF CARE SHAMPOO,NULL,NULL,870,Ata,Rice,Grains & Dals,1,2025-12-03 15:32:48
17939,DOVE DANDRUF CARE SHAMPOO,NULL,NULL,870,Ata,Rice,Grains & Dals,1,2025-12-03 16:03:54
17940,DOVE DEYNESS CARE CONDITIONER,NULL,NULL,870,Ata,Rice,Grains & Dals,1,2025-12-03 16:03:54
17439,DOVE DEYNESS CARE CONDITIONER,NULL,NULL,870,Ata,Rice,Grains & Dals,1,2025-12-03 15:32:48
17440,DOVE DRYNESS CARE CONDITIONER,NULL,NULL,870,Ata,Rice,Grains & Dals,1,2025-12-03 15:32:48
17941,DOVE DRYNESS CARE CONDITIONER,NULL,NULL,870,Ata,Rice,Grains & Dals,1,2025-12-03 16:03:54
17942,DOVE DRYNESS CARE SHAMPOO,NULL,NULL,870,Ata,Rice,Grains & Dals,1,2025-12-03 16:03:54
17441,DOVE DRYNESS CARE SHAMPOO,NULL,NULL,870,Ata,Rice,Grains & Dals,1,2025-12-03 15:32:48
17442,DOVE HAIR FALL RESCUE CONDITINOR,NULL,NULL,870,Ata,Rice,Grains & Dals,1,2025-12-03 15:32:48
17943,DOVE HAIR FALL RESCUE CONDITINOR,NULL,NULL,870,Ata,Rice,Grains & Dals,1,2025-12-03 16:03:54
17944,Dove Hair Theropy Hair Fall shampoo pack of 32,NULL,NULL,870,Ata,Rice,Grains & Dals,1,2025-12-03 16:03:54
17443,Dove Hair Theropy Hair Fall shampoo pack of 32,NULL,NULL,870,Ata,Rice,Grains & Dals,1,2025-12-03 15:32:48
17444,DOVE HAIRFALL RESCUE CONDITIONER,NULL,NULL,870,Ata,Rice,Grains & Dals,1,2025-12-03 15:32:48
17945,DOVE HAIRFALL RESCUE CONDITIONER,NULL,NULL,870,Ata,Rice,Grains & Dals,1,2025-12-03 16:03:54
17946,DOVE HAIRFALL RESCUE SHAMPOO,NULL,NULL,870,Ata,Rice,Grains & Dals,1,2025-12-03 16:03:54
17445,DOVE HAIRFALL RESCUE SHAMPOO,NULL,NULL,870,Ata,Rice,Grains & Dals,1,2025-12-03 15:32:48
17446,DOVE INRP TW RS5K 32,NULL,NULL,870,Ata,Rice,Grains & Dals,1,2025-12-03 15:32:48
17947,DOVE INRP TW RS5K 32,NULL,NULL,870,Ata,Rice,Grains & Dals,1,2025-12-03 16:03:54
17948,DOVE INTENSE REPAIR  SHAMPOO,NULL,NULL,870,Ata,Rice,Grains & Dals,1,2025-12-03 16:03:54
17447,DOVE INTENSE REPAIR  SHAMPOO,NULL,NULL,870,Ata,Rice,Grains & Dals,1,2025-12-03 15:32:48
17448,DOVE INTENSE REPAIR SMALL SHAMPOO,NULL,NULL,870,Ata,Rice,Grains & Dals,1,2025-12-03 15:32:48
17949,DOVE INTENSE REPAIR SMALL SHAMPOO,NULL,NULL,870,Ata,Rice,Grains & Dals,1,2025-12-03 16:03:54
17950,DOVE MENS CARE SHAMPOO,NULL,NULL,870,Ata,Rice,Grains & Dals,1,2025-12-03 16:03:54
17449,DOVE MENS CARE SHAMPOO,NULL,NULL,870,Ata,Rice,Grains & Dals,1,2025-12-03 15:32:48
17450,DOVE MENSCARE 2IN SHAMPOO CONDITIONER,NULL,NULL,870,Ata,Rice,Grains & Dals,1,2025-12-03 15:32:48
17951,DOVE MENSCARE 2IN SHAMPOO CONDITIONER,NULL,NULL,870,Ata,Rice,Grains & Dals,1,2025-12-03 16:03:54
17952,Dove Nutritive Solutions Intense Repair Conditioner 175 ml,NULL,NULL,870,Ata,Rice,Grains & Dals,1,2025-12-03 16:03:54
17451,Dove Nutritive Solutions Intense Repair Conditioner 175 ml,NULL,NULL,870,Ata,Rice,Grains & Dals,1,2025-12-03 15:32:48
17452,Dove Pink Rosa Bathing Soap (75g),NULL,NULL,870,Ata,Rice,Grains & Dals,1,2025-12-03 15:32:48
17953,Dove Pink Rosa Bathing Soap (75g),NULL,NULL,870,Ata,Rice,Grains & Dals,1,2025-12-03 16:03:54
17954,DOVE PINK SP 125GX3,NULL,NULL,870,Ata,Rice,Grains & Dals,1,2025-12-03 16:03:54
17453,DOVE PINK SP 125GX3,NULL,NULL,870,Ata,Rice,Grains & Dals,1,2025-12-03 15:32:48
17454,DOVE SERUM BEAUTY BAR 50G,NULL,NULL,870,Ata,Rice,Grains & Dals,1,2025-12-03 15:32:48
17955,DOVE SERUM BEAUTY BAR 50G,NULL,NULL,870,Ata,Rice,Grains & Dals,1,2025-12-03 16:03:54
17956,DOVE SP 12G,NULL,NULL,870,Ata,Rice,Grains & Dals,1,2025-12-03 16:03:54
17455,DOVE SP 12G,NULL,NULL,870,Ata,Rice,Grains & Dals,1,2025-12-03 15:32:48
17456,DR OETKER O 250g PET- VEG MAYO ORIGINAL,NULL,NULL,870,Ata,Rice,Grains & Dals,1,2025-12-03 15:32:48
17957,DR OETKER O 250g PET- VEG MAYO ORIGINAL,NULL,NULL,870,Ata,Rice,Grains & Dals,1,2025-12-03 16:03:54
17958,DR OETKER S 245G PET-EGG MAYONNAISE,NULL,NULL,870,Ata,Rice,Grains & Dals,1,2025-12-03 16:03:54
17457,DR OETKER S 245G PET-EGG MAYONNAISE,NULL,NULL,870,Ata,Rice,Grains & Dals,1,2025-12-03 15:32:48
17458,DR OTKR FUC 250G PET- SANDWICH SPREAD,NULL,NULL,870,Ata,Rice,Grains & Dals,1,2025-12-03 15:32:48
17959,DR OTKR FUC 250G PET- SANDWICH SPREAD,NULL,NULL,870,Ata,Rice,Grains & Dals,1,2025-12-03 16:03:54
17960,DR. OETKER FUN FDS 315G- P&P RED SAUCE,NULL,NULL,870,Ata,Rice,Grains & Dals,1,2025-12-03 16:03:54
17459,DR. OETKER FUN FDS 315G- P&P RED SAUCE,NULL,NULL,870,Ata,Rice,Grains & Dals,1,2025-12-03 15:32:48
17460,DR. OETKER FUNFOOD VEG MAYONNAISE GARLIC,NULL,NULL,870,Ata,Rice,Grains & Dals,1,2025-12-03 15:32:48
17961,DR. OETKER FUNFOOD VEG MAYONNAISE GARLIC,NULL,NULL,870,Ata,Rice,Grains & Dals,1,2025-12-03 16:03:54
17962,DR. OETKR FY 400g PET-PEANUT BUTTER,NULL,NULL,870,Ata,Rice,Grains & Dals,1,2025-12-03 16:03:54
17461,DR. OETKR FY 400g PET-PEANUT BUTTER,NULL,NULL,870,Ata,Rice,Grains & Dals,1,2025-12-03 15:32:48
17462,DR.OETKR FS 250G PET-VEG MAYO BURGER,NULL,NULL,870,Ata,Rice,Grains & Dals,1,2025-12-03 15:32:48
17963,DR.OETKR FS 250G PET-VEG MAYO BURGER,NULL,NULL,870,Ata,Rice,Grains & Dals,1,2025-12-03 16:03:54
17964,DR.OTK PST 315G- PZA  TOPPING,NULL,NULL,870,Ata,Rice,Grains & Dals,1,2025-12-03 16:03:54
17463,DR.OTK PST 315G- PZA  TOPPING,NULL,NULL,870,Ata,Rice,Grains & Dals,1,2025-12-03 15:32:48
17464,DRINKING CHOCOLATE,NULL,NULL,870,Ata,Rice,Grains & Dals,1,2025-12-03 15:32:48
17965,DRINKING CHOCOLATE,NULL,NULL,870,Ata,Rice,Grains & Dals,1,2025-12-03 16:03:54
17966,Drown,NULL,NULL,870,Ata,Rice,Grains & Dals,1,2025-12-03 16:03:54
17465,Drown,NULL,NULL,870,Ata,Rice,Grains & Dals,1,2025-12-03 15:32:48
17466,DROWN SMALL,NULL,NULL,870,Ata,Rice,Grains & Dals,1,2025-12-03 15:32:48
17967,DROWN SMALL,NULL,NULL,870,Ata,Rice,Grains & Dals,1,2025-12-03 16:03:54
17968,DRY COCOCOCONUT 500G,NULL,NULL,870,Ata,Rice,Grains & Dals,1,2025-12-03 16:03:54
17467,DRY COCOCOCONUT 500G,NULL,NULL,870,Ata,Rice,Grains & Dals,1,2025-12-03 15:32:48
17468,DRY COCONUT 2500G,NULL,NULL,870,Ata,Rice,Grains & Dals,1,2025-12-03 15:32:48
17969,DRY COCONUT 2500G,NULL,NULL,870,Ata,Rice,Grains & Dals,1,2025-12-03 16:03:54
17970,DRY FRUIT MIX 150 G,NULL,NULL,870,Ata,Rice,Grains & Dals,1,2025-12-03 16:03:54
17469,DRY FRUIT MIX 150 G,NULL,NULL,870,Ata,Rice,Grains & Dals,1,2025-12-03 15:32:48
17470,DTL SENHW 200 ml PET,NULL,NULL,870,Ata,Rice,Grains & Dals,1,2025-12-03 15:32:48
17971,DTL SENHW 200 ml PET,NULL,NULL,870,Ata,Rice,Grains & Dals,1,2025-12-03 16:03:54
17972,DU CB AL AA 2BCD BKC,NULL,NULL,870,Ata,Rice,Grains & Dals,1,2025-12-03 16:03:54
17471,DU CB AL AA 2BCD BKC,NULL,NULL,870,Ata,Rice,Grains & Dals,1,2025-12-03 15:32:48
17472,DU CB AL AAA 2BCD BK,NULL,NULL,870,Ata,Rice,Grains & Dals,1,2025-12-03 15:32:48
17973,DU CB AL AAA 2BCD BK,NULL,NULL,870,Ata,Rice,Grains & Dals,1,2025-12-03 16:03:54
17974,DUKE DIGESTIVECOMBO,NULL,NULL,870,Ata,Rice,Grains & Dals,1,2025-12-03 16:03:54
17473,DUKE DIGESTIVECOMBO,NULL,NULL,870,Ata,Rice,Grains & Dals,1,2025-12-03 15:32:48
17474,DUKES  ORANGE WAFFY,NULL,NULL,870,Ata,Rice,Grains & Dals,1,2025-12-03 15:32:48
17975,DUKES  ORANGE WAFFY,NULL,NULL,870,Ata,Rice,Grains & Dals,1,2025-12-03 16:03:54
17976,DUKES STRAWBERRY WAFFY,NULL,NULL,870,Ata,Rice,Grains & Dals,1,2025-12-03 16:03:54
17475,DUKES STRAWBERRY WAFFY,NULL,NULL,870,Ata,Rice,Grains & Dals,1,2025-12-03 15:32:48
17476,DUKES WAFFY  PINEAPPLE,NULL,NULL,870,Ata,Rice,Grains & Dals,1,2025-12-03 15:32:48
17977,DUKES WAFFY  PINEAPPLE,NULL,NULL,870,Ata,Rice,Grains & Dals,1,2025-12-03 16:03:54
17978,DUKES WAFFY VANNILA,NULL,NULL,870,Ata,Rice,Grains & Dals,1,2025-12-03 16:03:54
17477,DUKES WAFFY VANNILA,NULL,NULL,870,Ata,Rice,Grains & Dals,1,2025-12-03 15:32:48
1842,Dum Alu Punjabi,NULL,NULL,107,NULL,1,2025-01-09 09:36:12
17478,DURACELL AES PK8 CBD,NULL,NULL,870,Ata,Rice,Grains & Dals,1,2025-12-03 15:32:48
17979,DURACELL AES PK8 CBD,NULL,NULL,870,Ata,Rice,Grains & Dals,1,2025-12-03 16:03:54
17980,DURACELL ARS PK8 CBD,NULL,NULL,870,Ata,Rice,Grains & Dals,1,2025-12-03 16:03:54
17479,DURACELL ARS PK8 CBD,NULL,NULL,870,Ata,Rice,Grains & Dals,1,2025-12-03 15:32:48
17480,DURACELL CHHOTA POWE,NULL,NULL,870,Ata,Rice,Grains & Dals,1,2025-12-03 15:32:48
17981,DURACELL CHHOTA POWE,NULL,NULL,870,Ata,Rice,Grains & Dals,1,2025-12-03 16:03:54
17982,DURACELL CHHOTA POWER,NULL,NULL,870,Ata,Rice,Grains & Dals,1,2025-12-03 16:03:54
17481,DURACELL CHHOTA POWER,NULL,NULL,870,Ata,Rice,Grains & Dals,1,2025-12-03 15:32:48
17482,DUST FREE BROOM PREMIUM,NULL,NULL,870,Ata,Rice,Grains & Dals,1,2025-12-03 15:32:48
17983,DUST FREE BROOM PREMIUM,NULL,NULL,870,Ata,Rice,Grains & Dals,1,2025-12-03 16:03:54
17984,DUST PAN,NULL,NULL,870,Ata,Rice,Grains & Dals,1,2025-12-03 16:03:54
17483,DUST PAN,NULL,NULL,870,Ata,Rice,Grains & Dals,1,2025-12-03 15:32:48
17484,DUST PAN PLUS,NULL,NULL,870,Ata,Rice,Grains & Dals,1,2025-12-03 15:32:48
17985,DUST PAN PLUS,NULL,NULL,870,Ata,Rice,Grains & Dals,1,2025-12-03 16:03:54
17986,DWRON BIG,NULL,NULL,870,Ata,Rice,Grains & Dals,1,2025-12-03 16:03:54
17485,DWRON BIG,NULL,NULL,870,Ata,Rice,Grains & Dals,1,2025-12-03 15:32:48
17486,DWT SUP BSRC 5 KG  PP,NULL,NULL,870,Ata,Rice,Grains & Dals,1,2025-12-03 15:32:48
17987,DWT SUP BSRC 5 KG  PP,NULL,NULL,870,Ata,Rice,Grains & Dals,1,2025-12-03 16:03:54
17988,E.KASTURI METHI 25G,NULL,NULL,870,Ata,Rice,Grains & Dals,1,2025-12-03 16:03:54
17487,E.KASTURI METHI 25G,NULL,NULL,870,Ata,Rice,Grains & Dals,1,2025-12-03 15:32:48
17488,EGG,NULL,NULL,870,Ata,Rice,Grains & Dals,1,2025-12-03 15:32:48
17989,EGG,NULL,NULL,870,Ata,Rice,Grains & Dals,1,2025-12-03 16:03:54
488,Egg Soup,NULL,NULL,15,NULL,1,2024-11-21 10:42:26
17990,ENO LEMON 100G BTL,NULL,NULL,870,Ata,Rice,Grains & Dals,1,2025-12-03 16:03:54
17489,ENO LEMON 100G BTL,NULL,NULL,870,Ata,Rice,Grains & Dals,1,2025-12-03 15:32:48
17490,EVERDAY AA,NULL,NULL,870,Ata,Rice,Grains & Dals,1,2025-12-03 15:32:48
17991,EVERDAY AA,NULL,NULL,870,Ata,Rice,Grains & Dals,1,2025-12-03 16:03:54
17992,EVEREADY GESER CELL,NULL,NULL,870,Ata,Rice,Grains & Dals,1,2025-12-03 16:03:54
17491,EVEREADY GESER CELL,NULL,NULL,870,Ata,Rice,Grains & Dals,1,2025-12-03 15:32:48
17492,EVEREADY POWER ZAP,NULL,NULL,870,Ata,Rice,Grains & Dals,1,2025-12-03 15:32:48
17993,EVEREADY POWER ZAP,NULL,NULL,870,Ata,Rice,Grains & Dals,1,2025-12-03 16:03:54
17994,EVEREDAY AAA,NULL,NULL,870,Ata,Rice,Grains & Dals,1,2025-12-03 16:03:54
17493,EVEREDAY AAA,NULL,NULL,870,Ata,Rice,Grains & Dals,1,2025-12-03 15:32:48
17494,Everest Kasuri Methi 100 g,NULL,NULL,870,Ata,Rice,Grains & Dals,1,2025-12-03 15:32:48
17995,Everest Kasuri Methi 100 g,NULL,NULL,870,Ata,Rice,Grains & Dals,1,2025-12-03 16:03:54
17996,EVEREST KESARI MILK MASALA 10 G,NULL,NULL,870,Ata,Rice,Grains & Dals,1,2025-12-03 16:03:54
17495,EVEREST KESARI MILK MASALA 10 G,NULL,NULL,870,Ata,Rice,Grains & Dals,1,2025-12-03 15:32:48
17496,EVEREST KICHEN KING MASALA 200G,NULL,NULL,870,Ata,Rice,Grains & Dals,1,2025-12-03 15:32:48
17997,EVEREST KICHEN KING MASALA 200G,NULL,NULL,870,Ata,Rice,Grains & Dals,1,2025-12-03 16:03:54
17998,Everest Meat Masala 50 g,NULL,NULL,870,Ata,Rice,Grains & Dals,1,2025-12-03 16:03:54
17497,Everest Meat Masala 50 g,NULL,NULL,870,Ata,Rice,Grains & Dals,1,2025-12-03 15:32:48
17498,Everest Pav Bhaji Masala 50 g,NULL,NULL,870,Ata,Rice,Grains & Dals,1,2025-12-03 15:32:48
17999,Everest Pav Bhaji Masala 50 g,NULL,NULL,870,Ata,Rice,Grains & Dals,1,2025-12-03 16:03:54
18000,EVEREST SABJI MASALA 200 G,NULL,NULL,870,Ata,Rice,Grains & Dals,1,2025-12-03 16:03:54
17499,EVEREST SABJI MASALA 200 G,NULL,NULL,870,Ata,Rice,Grains & Dals,1,2025-12-03 15:32:48
17500,Everest Sambhar Masala 50 g,NULL,NULL,870,Ata,Rice,Grains & Dals,1,2025-12-03 15:32:48
18001,Everest Sambhar Masala 50 g,NULL,NULL,870,Ata,Rice,Grains & Dals,1,2025-12-03 16:03:54
18002,Everest Shahi Biryani Masala 50 g,NULL,NULL,870,Ata,Rice,Grains & Dals,1,2025-12-03 16:03:54
17501,Everest Shahi Biryani Masala 50 g,NULL,NULL,870,Ata,Rice,Grains & Dals,1,2025-12-03 15:32:48
17502,Everest Shahi Paneer Masala 50 g,NULL,NULL,870,Ata,Rice,Grains & Dals,1,2025-12-03 15:32:48
18003,Everest Shahi Paneer Masala 50 g,NULL,NULL,870,Ata,Rice,Grains & Dals,1,2025-12-03 16:03:54
18004,Everest Tea Masala,NULL,NULL,870,Ata,Rice,Grains & Dals,1,2025-12-03 16:03:54
17503,Everest Tea Masala,NULL,NULL,870,Ata,Rice,Grains & Dals,1,2025-12-03 15:32:48
17504,Everest Yellow Hing Powder 50 g,NULL,NULL,870,Ata,Rice,Grains & Dals,1,2025-12-03 15:32:48
18005,Everest Yellow Hing Powder 50 g,NULL,NULL,870,Ata,Rice,Grains & Dals,1,2025-12-03 16:03:54
18006,EVREDY UTLM PK10 AA,NULL,NULL,870,Ata,Rice,Grains & Dals,1,2025-12-03 16:03:54
17505,EVREDY UTLM PK10 AA,NULL,NULL,870,Ata,Rice,Grains & Dals,1,2025-12-03 15:32:48
17506,EVREDY UTLM PK10 AAA,NULL,NULL,870,Ata,Rice,Grains & Dals,1,2025-12-03 15:32:48
18007,EVREDY UTLM PK10 AAA,NULL,NULL,870,Ata,Rice,Grains & Dals,1,2025-12-03 16:03:54
18008,EXO BAR 120GM,NULL,NULL,870,Ata,Rice,Grains & Dals,1,2025-12-03 16:03:54
17507,EXO BAR 120GM,NULL,NULL,870,Ata,Rice,Grains & Dals,1,2025-12-03 15:32:48
17508,EXO ROUND 500 GM GINGER,NULL,NULL,870,Ata,Rice,Grains & Dals,1,2025-12-03 15:32:48
18009,EXO ROUND 500 GM GINGER,NULL,NULL,870,Ata,Rice,Grains & Dals,1,2025-12-03 16:03:54
18010,EXO SAFAI STEEL 12IN 1,NULL,NULL,870,Ata,Rice,Grains & Dals,1,2025-12-03 16:03:54
17509,EXO SAFAI STEEL 12IN 1,NULL,NULL,870,Ata,Rice,Grains & Dals,1,2025-12-03 15:32:48
17510,Exo Touch & Shine Anti Bacterial Dishwash Bar 700g,NULL,NULL,870,Ata,Rice,Grains & Dals,1,2025-12-03 15:32:48
18011,Exo Touch & Shine Anti Bacterial Dishwash Bar 700g,NULL,NULL,870,Ata,Rice,Grains & Dals,1,2025-12-03 16:03:54
18012,EXPRESS HYDRATION LOTION,NULL,NULL,870,Ata,Rice,Grains & Dals,1,2025-12-03 16:03:54
17511,EXPRESS HYDRATION LOTION,NULL,NULL,870,Ata,Rice,Grains & Dals,1,2025-12-03 15:32:48
17512,F SOUA BARI 50X200G LC 25GM EX SC,NULL,NULL,870,Ata,Rice,Grains & Dals,1,2025-12-03 15:32:48
18013,F SOUA BARI 50X200G LC 25GM EX SC,NULL,NULL,870,Ata,Rice,Grains & Dals,1,2025-12-03 16:03:54
18014,FA.WA CHARCOOL 150ML,NULL,NULL,870,Ata,Rice,Grains & Dals,1,2025-12-03 16:03:54
17513,FA.WA CHARCOOL 150ML,NULL,NULL,870,Ata,Rice,Grains & Dals,1,2025-12-03 15:32:48
17514,FA.WA.LEMON 150ML,NULL,NULL,870,Ata,Rice,Grains & Dals,1,2025-12-03 15:32:48
18015,FA.WA.LEMON 150ML,NULL,NULL,870,Ata,Rice,Grains & Dals,1,2025-12-03 16:03:54
18016,FA.WA.PAPAYA 150M,NULL,NULL,870,Ata,Rice,Grains & Dals,1,2025-12-03 16:03:54
17515,FA.WA.PAPAYA 150M,NULL,NULL,870,Ata,Rice,Grains & Dals,1,2025-12-03 15:32:48
17516,FA.WA.UBTAN GEL 99,NULL,NULL,870,Ata,Rice,Grains & Dals,1,2025-12-03 15:32:48
18017,FA.WA.UBTAN GEL 99,NULL,NULL,870,Ata,Rice,Grains & Dals,1,2025-12-03 16:03:54
18018,FA.WA.VITAMIN C,NULL,NULL,870,Ata,Rice,Grains & Dals,1,2025-12-03 16:03:54
17517,FA.WA.VITAMIN C,NULL,NULL,870,Ata,Rice,Grains & Dals,1,2025-12-03 15:32:48
996,Face Design Waffle Pizza,NULL,NULL,130,NULL,1,2024-12-06 10:26:52
17518,FAIR & LOVELY GLOW &LOVELY,NULL,NULL,870,Ata,Rice,Grains & Dals,1,2025-12-03 15:32:48
18019,FAIR & LOVELY GLOW &LOVELY,NULL,NULL,870,Ata,Rice,Grains & Dals,1,2025-12-03 16:03:54
18020,FANTA ORANGE FLAVOURED SOFT DRINK CAN 300 ML,NULL,NULL,870,Ata,Rice,Grains & Dals,1,2025-12-03 16:03:54
17519,FANTA ORANGE FLAVOURED SOFT DRINK CAN 300 ML,NULL,NULL,870,Ata,Rice,Grains & Dals,1,2025-12-03 15:32:48
17520,FARALI CHIVDA 200 G,NULL,NULL,870,Ata,Rice,Grains & Dals,1,2025-12-03 15:32:48
18021,FARALI CHIVDA 200 G,NULL,NULL,870,Ata,Rice,Grains & Dals,1,2025-12-03 16:03:54
18022,FARMLY PR,NULL,NULL,870,Ata,Rice,Grains & Dals,1,2025-12-03 16:03:54
17521,FARMLY PR,NULL,NULL,870,Ata,Rice,Grains & Dals,1,2025-12-03 15:32:48
17522,Fat Foamy (Reg) 418gm,NULL,NULL,870,Ata,Rice,Grains & Dals,1,2025-12-03 15:32:48
18023,Fat Foamy (Reg) 418gm,NULL,NULL,870,Ata,Rice,Grains & Dals,1,2025-12-03 16:03:54
18024,Fat Foamy (Sen) 418gm,NULL,NULL,870,Ata,Rice,Grains & Dals,1,2025-12-03 16:03:54
17523,Fat Foamy (Sen) 418gm,NULL,NULL,870,Ata,Rice,Grains & Dals,1,2025-12-03 15:32:48
17524,FENUGREEK/METHI,NULL,NULL,870,Ata,Rice,Grains & Dals,1,2025-12-03 15:32:48
18025,FENUGREEK/METHI,NULL,NULL,870,Ata,Rice,Grains & Dals,1,2025-12-03 16:03:54
18026,FEVISTIK POCKET GLUE,NULL,NULL,870,Ata,Rice,Grains & Dals,1,2025-12-03 16:03:54
17525,FEVISTIK POCKET GLUE,NULL,NULL,870,Ata,Rice,Grains & Dals,1,2025-12-03 15:32:48
17526,FGR OLV OIL 1L TIN,NULL,NULL,870,Ata,Rice,Grains & Dals,1,2025-12-03 15:32:48
18027,FGR OLV OIL 1L TIN,NULL,NULL,870,Ata,Rice,Grains & Dals,1,2025-12-03 16:03:54
18028,Fiama Body Shower Gel 250 ml,NULL,NULL,870,Ata,Rice,Grains & Dals,1,2025-12-03 16:03:54
17527,Fiama Body Shower Gel 250 ml,NULL,NULL,870,Ata,Rice,Grains & Dals,1,2025-12-03 15:32:48
17528,Fiama Cling Swr GL 250 ML Btl,NULL,NULL,870,Ata,Rice,Grains & Dals,1,2025-12-03 15:32:48
18029,Fiama Cling Swr GL 250 ML Btl,NULL,NULL,870,Ata,Rice,Grains & Dals,1,2025-12-03 16:03:54
18030,FIGARO EXT LGT 1L PT,NULL,NULL,870,Ata,Rice,Grains & Dals,1,2025-12-03 16:03:54
17529,FIGARO EXT LGT 1L PT,NULL,NULL,870,Ata,Rice,Grains & Dals,1,2025-12-03 15:32:48
17530,FIGARO EXT OL 21 PET,NULL,NULL,870,Ata,Rice,Grains & Dals,1,2025-12-03 15:32:48
18031,FIGARO EXT OL 21 PET,NULL,NULL,870,Ata,Rice,Grains & Dals,1,2025-12-03 16:03:54
18032,FINE LIFE AIR FRESHNER JASMINE FRAGNANCE,NULL,NULL,870,Ata,Rice,Grains & Dals,1,2025-12-03 16:03:54
17531,FINE LIFE AIR FRESHNER JASMINE FRAGNANCE,NULL,NULL,870,Ata,Rice,Grains & Dals,1,2025-12-03 15:32:48
17532,FINE LIFE PAPERCUPS,NULL,NULL,870,Ata,Rice,Grains & Dals,1,2025-12-03 15:32:48
18033,FINE LIFE PAPERCUPS,NULL,NULL,870,Ata,Rice,Grains & Dals,1,2025-12-03 16:03:54
18034,FIVE STAR 20.2G,NULL,NULL,870,Ata,Rice,Grains & Dals,1,2025-12-03 16:03:54
17533,FIVE STAR 20.2G,NULL,NULL,870,Ata,Rice,Grains & Dals,1,2025-12-03 15:32:48
18035,FIVE STAR 33G,NULL,NULL,870,Ata,Rice,Grains & Dals,1,2025-12-03 16:03:54
17534,FIVE STAR 33G,NULL,NULL,870,Ata,Rice,Grains & Dals,1,2025-12-03 15:32:48
17535,FIVE STAR 3D 40G,NULL,NULL,870,Ata,Rice,Grains & Dals,1,2025-12-03 15:32:48
18036,FIVE STAR 3D 40G,NULL,NULL,870,Ata,Rice,Grains & Dals,1,2025-12-03 16:03:54
18037,FL AIR FRE 249ml PET - LEMON FRESHNER,NULL,NULL,870,Ata,Rice,Grains & Dals,1,2025-12-03 16:03:54
17536,FL AIR FRE 249ml PET - LEMON FRESHNER,NULL,NULL,870,Ata,Rice,Grains & Dals,1,2025-12-03 15:32:48
17537,FL AIR FRS 249ml PET-FLORA PAEADISE,NULL,NULL,870,Ata,Rice,Grains & Dals,1,2025-12-03 15:32:48
18038,FL AIR FRS 249ml PET-FLORA PAEADISE,NULL,NULL,870,Ata,Rice,Grains & Dals,1,2025-12-03 16:03:54
18039,FL ALUMINIUM CONTR 2,NULL,NULL,870,Ata,Rice,Grains & Dals,1,2025-12-03 16:03:54
17538,FL ALUMINIUM CONTR 2,NULL,NULL,870,Ata,Rice,Grains & Dals,1,2025-12-03 15:32:48
17539,FL ALUMINIUM CONTR 7,NULL,NULL,870,Ata,Rice,Grains & Dals,1,2025-12-03 15:32:48
18040,FL ALUMINIUM CONTR 7,NULL,NULL,870,Ata,Rice,Grains & Dals,1,2025-12-03 16:03:54
18041,FL ELAICHI RUSK 273G,NULL,NULL,870,Ata,Rice,Grains & Dals,1,2025-12-03 16:03:54
17540,FL ELAICHI RUSK 273G,NULL,NULL,870,Ata,Rice,Grains & Dals,1,2025-12-03 15:32:48
17541,FL GLASS CLENR 500ML,NULL,NULL,870,Ata,Rice,Grains & Dals,1,2025-12-03 15:32:48
18042,FL GLASS CLENR 500ML,NULL,NULL,870,Ata,Rice,Grains & Dals,1,2025-12-03 16:03:54
18043,FL TISSUE PACK6 200N,NULL,NULL,870,Ata,Rice,Grains & Dals,1,2025-12-03 16:03:54
17542,FL TISSUE PACK6 200N,NULL,NULL,870,Ata,Rice,Grains & Dals,1,2025-12-03 15:32:48
17543,FLAT BEANS 1KG,NULL,NULL,870,Ata,Rice,Grains & Dals,1,2025-12-03 15:32:48
18044,FLAT BEANS 1KG,NULL,NULL,870,Ata,Rice,Grains & Dals,1,2025-12-03 16:03:54
18045,FLAT BEANS 250G,NULL,NULL,870,Ata,Rice,Grains & Dals,1,2025-12-03 16:03:54
17544,FLAT BEANS 250G,NULL,NULL,870,Ata,Rice,Grains & Dals,1,2025-12-03 15:32:48
17545,FM GB MG CLBR125 X 8,NULL,NULL,870,Ata,Rice,Grains & Dals,1,2025-12-03 15:32:48
18046,FM GB MG CLBR125 X 8,NULL,NULL,870,Ata,Rice,Grains & Dals,1,2025-12-03 16:03:54
18047,Foam (Charcoal) 196gm,NULL,NULL,870,Ata,Rice,Grains & Dals,1,2025-12-03 16:03:54
17546,Foam (Charcoal) 196gm,NULL,NULL,870,Ata,Rice,Grains & Dals,1,2025-12-03 15:32:48
17547,Foam (Lmn) 196ml,NULL,NULL,870,Ata,Rice,Grains & Dals,1,2025-12-03 15:32:48
18048,Foam (Lmn) 196ml,NULL,NULL,870,Ata,Rice,Grains & Dals,1,2025-12-03 16:03:54
18049,Foam (Mnth) 196ml,NULL,NULL,870,Ata,Rice,Grains & Dals,1,2025-12-03 16:03:54
17548,Foam (Mnth) 196ml,NULL,NULL,870,Ata,Rice,Grains & Dals,1,2025-12-03 15:32:48
17549,Foam (Neem) 200ml,NULL,NULL,870,Ata,Rice,Grains & Dals,1,2025-12-03 15:32:48
18050,Foam (Neem) 200ml,NULL,NULL,870,Ata,Rice,Grains & Dals,1,2025-12-03 16:03:54
18051,Foam (Reg) 196 gm,NULL,NULL,870,Ata,Rice,Grains & Dals,1,2025-12-03 16:03:54
17550,Foam (Reg) 196 gm,NULL,NULL,870,Ata,Rice,Grains & Dals,1,2025-12-03 15:32:48
17551,FOGG DELICIOUS FRGRANT B SPRAY FOR WOMEN 150ML,NULL,NULL,870,Ata,Rice,Grains & Dals,1,2025-12-03 15:32:48
18052,FOGG DELICIOUS FRGRANT B SPRAY FOR WOMEN 150ML,NULL,NULL,870,Ata,Rice,Grains & Dals,1,2025-12-03 16:03:54
18053,FOGG ESSENCE DEODORANT 150ML,NULL,NULL,870,Ata,Rice,Grains & Dals,1,2025-12-03 16:03:54
17552,FOGG ESSENCE DEODORANT 150ML,NULL,NULL,870,Ata,Rice,Grains & Dals,1,2025-12-03 15:32:48
17553,FOGG IMPERIAL FRAGRANCE BODY SPRAY FOR ME 150 ML,NULL,NULL,870,Ata,Rice,Grains & Dals,1,2025-12-03 15:32:48
18054,FOGG IMPERIAL FRAGRANCE BODY SPRAY FOR ME 150 ML,NULL,NULL,870,Ata,Rice,Grains & Dals,1,2025-12-03 16:03:54
18055,FOGG NAPOLEON FRAGRANCE BODY SPRAY 15O ML,NULL,NULL,870,Ata,Rice,Grains & Dals,1,2025-12-03 16:03:54
17554,FOGG NAPOLEON FRAGRANCE BODY SPRAY 15O ML,NULL,NULL,870,Ata,Rice,Grains & Dals,1,2025-12-03 15:32:48
17555,FOGG ROYAL DEODORANT BODY SPRAY FOR MEN 150 ML,NULL,NULL,870,Ata,Rice,Grains & Dals,1,2025-12-03 15:32:48
18056,FOGG ROYAL DEODORANT BODY SPRAY FOR MEN 150 ML,NULL,NULL,870,Ata,Rice,Grains & Dals,1,2025-12-03 16:03:54
18057,FOR SUPER RICE RW 12X1KG CAR B1G1,NULL,NULL,870,Ata,Rice,Grains & Dals,1,2025-12-03 16:03:54
17556,FOR SUPER RICE RW 12X1KG CAR B1G1,NULL,NULL,870,Ata,Rice,Grains & Dals,1,2025-12-03 15:32:48
17557,FORT SUNLITIL4.35Kg,NULL,NULL,870,Ata,Rice,Grains & Dals,1,2025-12-03 15:32:48
18058,FORT SUNLITIL4.35Kg,NULL,NULL,870,Ata,Rice,Grains & Dals,1,2025-12-03 16:03:54
18059,FORTUNE BIRYANI SPECIAL RICE,NULL,NULL,870,Ata,Rice,Grains & Dals,1,2025-12-03 16:03:54
17558,FORTUNE BIRYANI SPECIAL RICE,NULL,NULL,870,Ata,Rice,Grains & Dals,1,2025-12-03 15:32:48
17559,FORTUNE CHAKKI ATTA 10X1KGW2,NULL,NULL,870,Ata,Rice,Grains & Dals,1,2025-12-03 15:32:48
18060,FORTUNE CHAKKI ATTA 10X1KGW2,NULL,NULL,870,Ata,Rice,Grains & Dals,1,2025-12-03 16:03:54
18061,FORTUNE CHAKKI ATTA 6X5KG W2 200GBS,NULL,NULL,870,Ata,Rice,Grains & Dals,1,2025-12-03 16:03:54
17560,FORTUNE CHAKKI ATTA 6X5KG W2 200GBS,NULL,NULL,870,Ata,Rice,Grains & Dals,1,2025-12-03 15:32:48
17561,FORTUNE EVERYDAY BASMATI RICE,NULL,NULL,870,Ata,Rice,Grains & Dals,1,2025-12-03 15:32:48
18062,FORTUNE EVERYDAY BASMATI RICE,NULL,NULL,870,Ata,Rice,Grains & Dals,1,2025-12-03 16:03:54
18063,FORTUNE FILTERED GROUNDNUT OIL,NULL,NULL,870,Ata,Rice,Grains & Dals,1,2025-12-03 16:03:54
17562,FORTUNE FILTERED GROUNDNUT OIL,NULL,NULL,870,Ata,Rice,Grains & Dals,1,2025-12-03 15:32:48
17563,Fortune Physically Refined Rice Bran Oil 870g (Pouch),NULL,NULL,870,Ata,Rice,Grains & Dals,1,2025-12-03 15:32:48
18064,Fortune Physically Refined Rice Bran Oil 870g (Pouch),NULL,NULL,870,Ata,Rice,Grains & Dals,1,2025-12-03 16:03:54
18065,FORTUNE POHA 1 KG,NULL,NULL,870,Ata,Rice,Grains & Dals,1,2025-12-03 16:03:54
17564,FORTUNE POHA 1 KG,NULL,NULL,870,Ata,Rice,Grains & Dals,1,2025-12-03 15:32:48
17565,FORTUNE POHA 500GM,NULL,NULL,870,Ata,Rice,Grains & Dals,1,2025-12-03 15:32:48
18066,FORTUNE POHA 500GM,NULL,NULL,870,Ata,Rice,Grains & Dals,1,2025-12-03 16:03:54
18067,FORTUNE PURE GN OIL 12X870 GPCH,NULL,NULL,870,Ata,Rice,Grains & Dals,1,2025-12-03 16:03:54
17566,FORTUNE PURE GN OIL 12X870 GPCH,NULL,NULL,870,Ata,Rice,Grains & Dals,1,2025-12-03 15:32:48
17567,Fortune Refined Sunflower Oil 13kg Tin,NULL,NULL,870,Ata,Rice,Grains & Dals,1,2025-12-03 15:32:48
18068,Fortune Refined Sunflower Oil 13kg Tin,NULL,NULL,870,Ata,Rice,Grains & Dals,1,2025-12-03 16:03:54
18069,FORTUNE ROZANA RICE,NULL,NULL,870,Ata,Rice,Grains & Dals,1,2025-12-03 16:03:54
17568,FORTUNE ROZANA RICE,NULL,NULL,870,Ata,Rice,Grains & Dals,1,2025-12-03 15:32:48
17569,FORTUNE SOYA 840 L,NULL,NULL,870,Ata,Rice,Grains & Dals,1,2025-12-03 15:32:48
18070,FORTUNE SOYA 840 L,NULL,NULL,870,Ata,Rice,Grains & Dals,1,2025-12-03 16:03:54
18071,FORTUNE SOYABARI MINI 50X200G LC 25,NULL,NULL,870,Ata,Rice,Grains & Dals,1,2025-12-03 16:03:54
17570,FORTUNE SOYABARI MINI 50X200G LC 25,NULL,NULL,870,Ata,Rice,Grains & Dals,1,2025-12-03 15:32:48
17571,FORTUNE SUGAR 1 G,NULL,NULL,870,Ata,Rice,Grains & Dals,1,2025-12-03 15:32:48
18072,FORTUNE SUGAR 1 G,NULL,NULL,870,Ata,Rice,Grains & Dals,1,2025-12-03 16:03:54
18073,Fortune sunflower oil 800 ml,NULL,NULL,870,Ata,Rice,Grains & Dals,1,2025-12-03 16:03:54
17572,Fortune sunflower oil 800 ml,NULL,NULL,870,Ata,Rice,Grains & Dals,1,2025-12-03 15:32:48
17573,FRO NTLSPR 350 g BTL- NUTELLA SPREAD,NULL,NULL,870,Ata,Rice,Grains & Dals,1,2025-12-03 15:32:48
18074,FRO NTLSPR 350 g BTL- NUTELLA SPREAD,NULL,NULL,870,Ata,Rice,Grains & Dals,1,2025-12-03 16:03:54
18075,FRUIT & NUT 36G,NULL,NULL,870,Ata,Rice,Grains & Dals,1,2025-12-03 16:03:54
17574,FRUIT & NUT 36G,NULL,NULL,870,Ata,Rice,Grains & Dals,1,2025-12-03 15:32:48
17575,Full Wat Yellow 100,NULL,NULL,870,Ata,Rice,Grains & Dals,1,2025-12-03 15:32:48
18076,Full Wat Yellow 100,NULL,NULL,870,Ata,Rice,Grains & Dals,1,2025-12-03 16:03:54
18077,Full Wat Yellow 250,NULL,NULL,870,Ata,Rice,Grains & Dals,1,2025-12-03 16:03:54
17576,Full Wat Yellow 250,NULL,NULL,870,Ata,Rice,Grains & Dals,1,2025-12-03 15:32:48
17577,Fun Express Raspberry Bar 40 ML,NULL,NULL,870,Ata,Rice,Grains & Dals,1,2025-12-03 15:32:48
18078,Fun Express Raspberry Bar 40 ML,NULL,NULL,870,Ata,Rice,Grains & Dals,1,2025-12-03 16:03:54
18079,FUN WHEEL ROLL 60ML,NULL,NULL,870,Ata,Rice,Grains & Dals,1,2025-12-03 16:03:54
17578,FUN WHEEL ROLL 60ML,NULL,NULL,870,Ata,Rice,Grains & Dals,1,2025-12-03 15:32:48
17579,Fusion 2s,NULL,NULL,870,Ata,Rice,Grains & Dals,1,2025-12-03 15:32:48
18080,Fusion 2s,NULL,NULL,870,Ata,Rice,Grains & Dals,1,2025-12-03 16:03:54
18081,Fusion Power 2s,NULL,NULL,870,Ata,Rice,Grains & Dals,1,2025-12-03 16:03:54
17580,Fusion Power 2s,NULL,NULL,870,Ata,Rice,Grains & Dals,1,2025-12-03 15:32:48
17581,Fusion Power 4s,NULL,NULL,870,Ata,Rice,Grains & Dals,1,2025-12-03 15:32:48
18082,Fusion Power 4s,NULL,NULL,870,Ata,Rice,Grains & Dals,1,2025-12-03 16:03:54
18083,Fusion Power Raz,NULL,NULL,870,Ata,Rice,Grains & Dals,1,2025-12-03 16:03:54
17582,Fusion Power Raz,NULL,NULL,870,Ata,Rice,Grains & Dals,1,2025-12-03 15:32:48
17583,Fusion Raz + Foam Promo,NULL,NULL,870,Ata,Rice,Grains & Dals,1,2025-12-03 15:32:48
18084,Fusion Raz + Foam Promo,NULL,NULL,870,Ata,Rice,Grains & Dals,1,2025-12-03 16:03:54
18085,FUTANE 200 G,NULL,NULL,870,Ata,Rice,Grains & Dals,1,2025-12-03 16:03:54
17584,FUTANE 200 G,NULL,NULL,870,Ata,Rice,Grains & Dals,1,2025-12-03 15:32:48
17585,G L ADV MV CRM 25G,NULL,NULL,870,Ata,Rice,Grains & Dals,1,2025-12-03 15:32:48
18086,G L ADV MV CRM 25G,NULL,NULL,870,Ata,Rice,Grains & Dals,1,2025-12-03 16:03:54
18087,GANDHI ANARSE PITH 500G,NULL,NULL,870,Ata,Rice,Grains & Dals,1,2025-12-03 16:03:54
17586,GANDHI ANARSE PITH 500G,NULL,NULL,870,Ata,Rice,Grains & Dals,1,2025-12-03 15:32:48
17587,GANDHI CHAKLI BHJNI 500G,NULL,NULL,870,Ata,Rice,Grains & Dals,1,2025-12-03 15:32:48
18088,GANDHI CHAKLI BHJNI 500G,NULL,NULL,870,Ata,Rice,Grains & Dals,1,2025-12-03 16:03:54
18089,GANR MEN OL FW 50G,NULL,NULL,870,Ata,Rice,Grains & Dals,1,2025-12-03 16:03:54
17588,GANR MEN OL FW 50G,NULL,NULL,870,Ata,Rice,Grains & Dals,1,2025-12-03 15:32:48
17589,GAR CLRNATML 30G CBD,NULL,NULL,870,Ata,Rice,Grains & Dals,1,2025-12-03 15:32:48
18090,GAR CLRNATML 30G CBD,NULL,NULL,870,Ata,Rice,Grains & Dals,1,2025-12-03 16:03:54
18091,Garan Matki -1Kg,NULL,NULL,870,Ata,Rice,Grains & Dals,1,2025-12-03 16:03:54
17590,Garan Matki -1Kg,NULL,NULL,870,Ata,Rice,Grains & Dals,1,2025-12-03 15:32:48
17591,GARLIC 1KG,NULL,NULL,870,Ata,Rice,Grains & Dals,1,2025-12-03 15:32:48
18092,GARLIC 1KG,NULL,NULL,870,Ata,Rice,Grains & Dals,1,2025-12-03 16:03:54
18093,GARLIC 250G,NULL,NULL,870,Ata,Rice,Grains & Dals,1,2025-12-03 16:03:54
17592,GARLIC 250G,NULL,NULL,870,Ata,Rice,Grains & Dals,1,2025-12-03 15:32:48
17593,GARLIC 500G,NULL,NULL,870,Ata,Rice,Grains & Dals,1,2025-12-03 15:32:48
18094,GARLIC 500G,NULL,NULL,870,Ata,Rice,Grains & Dals,1,2025-12-03 16:03:54
18095,GARNIER MEN SMP CLR,NULL,NULL,870,Ata,Rice,Grains & Dals,1,2025-12-03 16:03:54
17594,GARNIER MEN SMP CLR,NULL,NULL,870,Ata,Rice,Grains & Dals,1,2025-12-03 15:32:48
17595,GARNIER MN SMP CLR 1,NULL,NULL,870,Ata,Rice,Grains & Dals,1,2025-12-03 15:32:48
18096,GARNIER MN SMP CLR 1,NULL,NULL,870,Ata,Rice,Grains & Dals,1,2025-12-03 16:03:54
18097,GAVATHI TOOP/GHEE 1KG,NULL,NULL,870,Ata,Rice,Grains & Dals,1,2025-12-03 16:03:54
17596,GAVATHI TOOP/GHEE 1KG,NULL,NULL,870,Ata,Rice,Grains & Dals,1,2025-12-03 15:32:48
17597,GAVATHI TOOP/GHEE 500G,NULL,NULL,870,Ata,Rice,Grains & Dals,1,2025-12-03 15:32:48
18098,GAVATHI TOOP/GHEE 500G,NULL,NULL,870,Ata,Rice,Grains & Dals,1,2025-12-03 16:03:54
18099,Gavran Chana 1Kg,NULL,NULL,870,Ata,Rice,Grains & Dals,1,2025-12-03 16:03:54
17598,Gavran Chana 1Kg,NULL,NULL,870,Ata,Rice,Grains & Dals,1,2025-12-03 15:32:48
17599,Gavran Chana 500g,NULL,NULL,870,Ata,Rice,Grains & Dals,1,2025-12-03 15:32:48
18100,Gavran Chana 500g,NULL,NULL,870,Ata,Rice,Grains & Dals,1,2025-12-03 16:03:54
18101,Gavran Chana W/M,NULL,NULL,870,Ata,Rice,Grains & Dals,1,2025-12-03 16:03:54
17600,Gavran Chana W/M,NULL,NULL,870,Ata,Rice,Grains & Dals,1,2025-12-03 15:32:48
17601,GAVRAN CHAVALI 1 KG,NULL,NULL,870,Ata,Rice,Grains & Dals,1,2025-12-03 15:32:48
18102,GAVRAN CHAVALI 1 KG,NULL,NULL,870,Ata,Rice,Grains & Dals,1,2025-12-03 16:03:54
18103,GAVRAN CHAVALI 250 G,NULL,NULL,870,Ata,Rice,Grains & Dals,1,2025-12-03 16:03:54
17602,GAVRAN CHAVALI 250 G,NULL,NULL,870,Ata,Rice,Grains & Dals,1,2025-12-03 15:32:48
17603,GAVRAN CHAVALI 500 GM,NULL,NULL,870,Ata,Rice,Grains & Dals,1,2025-12-03 15:32:48
18104,GAVRAN CHAVALI 500 GM,NULL,NULL,870,Ata,Rice,Grains & Dals,1,2025-12-03 16:03:54
18105,Gavran Matki -1Kg,NULL,NULL,870,Ata,Rice,Grains & Dals,1,2025-12-03 16:03:54
17604,Gavran Matki -1Kg,NULL,NULL,870,Ata,Rice,Grains & Dals,1,2025-12-03 15:32:48
17605,Gavran Matki -500G,NULL,NULL,870,Ata,Rice,Grains & Dals,1,2025-12-03 15:32:48
18106,Gavran Matki -500G,NULL,NULL,870,Ata,Rice,Grains & Dals,1,2025-12-03 16:03:54
18107,GB 7DAYS PILL MEDICINE BOX,NULL,NULL,870,Ata,Rice,Grains & Dals,1,2025-12-03 16:03:54
17606,GB 7DAYS PILL MEDICINE BOX,NULL,NULL,870,Ata,Rice,Grains & Dals,1,2025-12-03 15:32:48
17607,GB COTTON BUDS IN PAPER 100S,NULL,NULL,870,Ata,Rice,Grains & Dals,1,2025-12-03 15:32:48
18108,GB COTTON BUDS IN PAPER 100S,NULL,NULL,870,Ata,Rice,Grains & Dals,1,2025-12-03 16:03:54
18109,GB FINGER NAIL CLIPPER WITH FILE & KEY CHAIN,NULL,NULL,870,Ata,Rice,Grains & Dals,1,2025-12-03 16:03:54
17608,GB FINGER NAIL CLIPPER WITH FILE & KEY CHAIN,NULL,NULL,870,Ata,Rice,Grains & Dals,1,2025-12-03 15:32:48
17609,GB HAIR COLORING BRUSH(SMALL),NULL,NULL,870,Ata,Rice,Grains & Dals,1,2025-12-03 15:32:48
18110,GB HAIR COLORING BRUSH(SMALL),NULL,NULL,870,Ata,Rice,Grains & Dals,1,2025-12-03 16:03:54
18111,GB HAIR COLOURING BRUSH,NULL,NULL,870,Ata,Rice,Grains & Dals,1,2025-12-03 16:03:54
17610,GB HAIR COLOURING BRUSH,NULL,NULL,870,Ata,Rice,Grains & Dals,1,2025-12-03 15:32:48
17611,GB HAIR COLOURING KIT,NULL,NULL,870,Ata,Rice,Grains & Dals,1,2025-12-03 15:32:48
18112,GB HAIR COLOURING KIT,NULL,NULL,870,Ata,Rice,Grains & Dals,1,2025-12-03 16:03:54
18113,GB LOOSE LOOFAH-ASS 30G (BYE2GET1),NULL,NULL,870,Ata,Rice,Grains & Dals,1,2025-12-03 16:03:54
17612,GB LOOSE LOOFAH-ASS 30G (BYE2GET1),NULL,NULL,870,Ata,Rice,Grains & Dals,1,2025-12-03 15:32:48
17613,GB LUXE SPONGE ROUND LOOSE(NEW),NULL,NULL,870,Ata,Rice,Grains & Dals,1,2025-12-03 15:32:48
18114,GB LUXE SPONGE ROUND LOOSE(NEW),NULL,NULL,870,Ata,Rice,Grains & Dals,1,2025-12-03 16:03:54
18115,GB NAIL CLIPPER 1S,NULL,NULL,870,Ata,Rice,Grains & Dals,1,2025-12-03 16:03:54
17614,GB NAIL CLIPPER 1S,NULL,NULL,870,Ata,Rice,Grains & Dals,1,2025-12-03 15:32:48
17615,GB NEEM WOOD POCKET COMB,NULL,NULL,870,Ata,Rice,Grains & Dals,1,2025-12-03 15:32:48
18116,GB NEEM WOOD POCKET COMB,NULL,NULL,870,Ata,Rice,Grains & Dals,1,2025-12-03 16:03:54
18117,GB NEEM WOOD WIDE TEETH,NULL,NULL,870,Ata,Rice,Grains & Dals,1,2025-12-03 16:03:54
17616,GB NEEM WOOD WIDE TEETH,NULL,NULL,870,Ata,Rice,Grains & Dals,1,2025-12-03 15:32:48
17617,GB ROUND BRUSH (STYLER),NULL,NULL,870,Ata,Rice,Grains & Dals,1,2025-12-03 15:32:48
18118,GB ROUND BRUSH (STYLER),NULL,NULL,870,Ata,Rice,Grains & Dals,1,2025-12-03 16:03:54
18119,GB ROUND BRUSH WITH PIN (ELITE),NULL,NULL,870,Ata,Rice,Grains & Dals,1,2025-12-03 16:03:54
17618,GB ROUND BRUSH WITH PIN (ELITE),NULL,NULL,870,Ata,Rice,Grains & Dals,1,2025-12-03 15:32:48
17619,GB SERENITY HUES PADDLE BRUSH(9888G-D),NULL,NULL,870,Ata,Rice,Grains & Dals,1,2025-12-03 15:32:48
18120,GB SERENITY HUES PADDLE BRUSH(9888G-D),NULL,NULL,870,Ata,Rice,Grains & Dals,1,2025-12-03 16:03:54
18121,GB SERENITY HUES ROUND BRUSH (2012G-D),NULL,NULL,870,Ata,Rice,Grains & Dals,1,2025-12-03 16:03:54
17620,GB SERENITY HUES ROUND BRUSH (2012G-D),NULL,NULL,870,Ata,Rice,Grains & Dals,1,2025-12-03 15:32:48
17621,GB SERENITY HUES STYLING BRUSH(9543G-D),NULL,NULL,870,Ata,Rice,Grains & Dals,1,2025-12-03 15:32:48
18122,GB SERENITY HUES STYLING BRUSH(9543G-D),NULL,NULL,870,Ata,Rice,Grains & Dals,1,2025-12-03 16:03:54
18123,GB SHELL ROUND BRUSH,NULL,NULL,870,Ata,Rice,Grains & Dals,1,2025-12-03 16:03:54
17622,GB SHELL ROUND BRUSH,NULL,NULL,870,Ata,Rice,Grains & Dals,1,2025-12-03 15:32:48
17623,GB TONGUE CLEANER METAL (N),NULL,NULL,870,Ata,Rice,Grains & Dals,1,2025-12-03 15:32:48
18124,GB TONGUE CLEANER METAL (N),NULL,NULL,870,Ata,Rice,Grains & Dals,1,2025-12-03 16:03:54
18125,GD KNGHT GF 45ML CBD,NULL,NULL,870,Ata,Rice,Grains & Dals,1,2025-12-03 16:03:54
17624,GD KNGHT GF 45ML CBD,NULL,NULL,870,Ata,Rice,Grains & Dals,1,2025-12-03 15:32:48
17625,GDK ADFAST CARD PP,NULL,NULL,870,Ata,Rice,Grains & Dals,1,2025-12-03 15:32:48
18126,GDK ADFAST CARD PP,NULL,NULL,870,Ata,Rice,Grains & Dals,1,2025-12-03 16:03:54
18127,GDK MHAJM COIL 50g,NULL,NULL,870,Ata,Rice,Grains & Dals,1,2025-12-03 16:03:54
17626,GDK MHAJM COIL 50g,NULL,NULL,870,Ata,Rice,Grains & Dals,1,2025-12-03 15:32:48
17627,GDN1 SDTR SP 4x100g,NULL,NULL,870,Ata,Rice,Grains & Dals,1,2025-12-03 15:32:48
18128,GDN1 SDTR SP 4x100g,NULL,NULL,870,Ata,Rice,Grains & Dals,1,2025-12-03 16:03:54
18129,GDRJ AER MRGMST220ML,NULL,NULL,870,Ata,Rice,Grains & Dals,1,2025-12-03 16:03:54
17628,GDRJ AER MRGMST220ML,NULL,NULL,870,Ata,Rice,Grains & Dals,1,2025-12-03 15:32:48
17629,GEMS 14.69G RS.10 POUCH,NULL,NULL,870,Ata,Rice,Grains & Dals,1,2025-12-03 15:32:48
18130,GEMS 14.69G RS.10 POUCH,NULL,NULL,870,Ata,Rice,Grains & Dals,1,2025-12-03 16:03:54
18131,GFY Yel 250+250 Rs99C24,NULL,NULL,870,Ata,Rice,Grains & Dals,1,2025-12-03 16:03:54
17630,GFY Yel 250+250 Rs99C24,NULL,NULL,870,Ata,Rice,Grains & Dals,1,2025-12-03 15:32:48
17631,Ghee Jaggery-950G,NULL,NULL,870,Ata,Rice,Grains & Dals,1,2025-12-03 15:32:48
18132,Ghee Jaggery-950G,NULL,NULL,870,Ata,Rice,Grains & Dals,1,2025-12-03 16:03:54
18133,GIFFY TOUGH GREASE REMOVAL,NULL,NULL,870,Ata,Rice,Grains & Dals,1,2025-12-03 16:03:54
17632,GIFFY TOUGH GREASE REMOVAL,NULL,NULL,870,Ata,Rice,Grains & Dals,1,2025-12-03 15:32:48
17633,GIL LIME SHV CRM 70G,NULL,NULL,870,Ata,Rice,Grains & Dals,1,2025-12-03 15:32:48
18134,GIL LIME SHV CRM 70G,NULL,NULL,870,Ata,Rice,Grains & Dals,1,2025-12-03 16:03:54
18135,Gil SBR (7+1),NULL,NULL,870,Ata,Rice,Grains & Dals,1,2025-12-03 16:03:54
17634,Gil SBR (7+1),NULL,NULL,870,Ata,Rice,Grains & Dals,1,2025-12-03 15:32:48
17635,GILAKE 250G,NULL,NULL,870,Ata,Rice,Grains & Dals,1,2025-12-03 15:32:48
18136,GILAKE 250G,NULL,NULL,870,Ata,Rice,Grains & Dals,1,2025-12-03 16:03:54
18137,Gillette Foam (Reg) 50gm,NULL,NULL,870,Ata,Rice,Grains & Dals,1,2025-12-03 16:03:54
17636,Gillette Foam (Reg) 50gm,NULL,NULL,870,Ata,Rice,Grains & Dals,1,2025-12-03 15:32:48
17637,GILLETTE RegFm50GCAN,NULL,NULL,870,Ata,Rice,Grains & Dals,1,2025-12-03 15:32:48
18138,GILLETTE RegFm50GCAN,NULL,NULL,870,Ata,Rice,Grains & Dals,1,2025-12-03 16:03:54
18139,Gillette TSG (Sen) 25g,NULL,NULL,870,Ata,Rice,Grains & Dals,1,2025-12-03 16:03:54
17638,Gillette TSG (Sen) 25g,NULL,NULL,870,Ata,Rice,Grains & Dals,1,2025-12-03 15:32:48
17639,GINGER 100G,NULL,NULL,870,Ata,Rice,Grains & Dals,1,2025-12-03 15:32:48
18140,GINGER 100G,NULL,NULL,870,Ata,Rice,Grains & Dals,1,2025-12-03 16:03:54
18141,GINGER 250G,NULL,NULL,870,Ata,Rice,Grains & Dals,1,2025-12-03 16:03:54
17640,GINGER 250G,NULL,NULL,870,Ata,Rice,Grains & Dals,1,2025-12-03 15:32:48
17641,GIPPI TORNATO CHILLI,NULL,NULL,870,Ata,Rice,Grains & Dals,1,2025-12-03 15:32:48
18142,GIPPI TORNATO CHILLI,NULL,NULL,870,Ata,Rice,Grains & Dals,1,2025-12-03 16:03:54
18143,Gits Khaman Dhokla Snack Mix 500 g,NULL,NULL,870,Ata,Rice,Grains & Dals,1,2025-12-03 16:03:54
17642,Gits Khaman Dhokla Snack Mix 500 g,NULL,NULL,870,Ata,Rice,Grains & Dals,1,2025-12-03 15:32:48
17643,GK ACTIVE,NULL,NULL,870,Ata,Rice,Grains & Dals,1,2025-12-03 15:32:48
18144,GK ACTIVE,NULL,NULL,870,Ata,Rice,Grains & Dals,1,2025-12-03 16:03:54
18145,GLCO BLT O 360G JAR,NULL,NULL,870,Ata,Rice,Grains & Dals,1,2025-12-03 16:03:54
17644,GLCO BLT O 360G JAR,NULL,NULL,870,Ata,Rice,Grains & Dals,1,2025-12-03 15:32:48
17645,Glow & Lovely BB Cream 9 g,NULL,NULL,870,Ata,Rice,Grains & Dals,1,2025-12-03 15:32:48
18146,Glow & Lovely BB Cream 9 g,NULL,NULL,870,Ata,Rice,Grains & Dals,1,2025-12-03 16:03:54
18147,Glow And Lovely 100g facewash,NULL,NULL,870,Ata,Rice,Grains & Dals,1,2025-12-03 16:03:54
17646,Glow And Lovely 100g facewash,NULL,NULL,870,Ata,Rice,Grains & Dals,1,2025-12-03 15:32:48
17647,Glow And Lovely 15g,NULL,NULL,870,Ata,Rice,Grains & Dals,1,2025-12-03 15:32:48
18148,Glow And Lovely 15g,NULL,NULL,870,Ata,Rice,Grains & Dals,1,2025-12-03 16:03:54
18149,GLOW AND LOVELY WINTER GLOW CREAM,NULL,NULL,870,Ata,Rice,Grains & Dals,1,2025-12-03 16:03:54
17648,GLOW AND LOVELY WINTER GLOW CREAM,NULL,NULL,870,Ata,Rice,Grains & Dals,1,2025-12-03 15:32:48
17649,GLOW N LOVELY 110G,NULL,NULL,870,Ata,Rice,Grains & Dals,1,2025-12-03 15:32:48
18150,GLOW N LOVELY 110G,NULL,NULL,870,Ata,Rice,Grains & Dals,1,2025-12-03 16:03:54
18151,GLUCO BL S 360 g JAR,NULL,NULL,870,Ata,Rice,Grains & Dals,1,2025-12-03 16:03:54
17650,GLUCO BL S 360 g JAR,NULL,NULL,870,Ata,Rice,Grains & Dals,1,2025-12-03 15:32:48
17651,GLUCO BL S 360G JAR,NULL,NULL,870,Ata,Rice,Grains & Dals,1,2025-12-03 15:32:48
18152,GLUCO BL S 360G JAR,NULL,NULL,870,Ata,Rice,Grains & Dals,1,2025-12-03 16:03:54
18153,GLUCON D CPANNA 100G,NULL,NULL,870,Ata,Rice,Grains & Dals,1,2025-12-03 16:03:54
17652,GLUCON D CPANNA 100G,NULL,NULL,870,Ata,Rice,Grains & Dals,1,2025-12-03 15:32:48
17653,GLUCON D TY 250G CBD,NULL,NULL,870,Ata,Rice,Grains & Dals,1,2025-12-03 15:32:48
18154,GLUCON D TY 250G CBD,NULL,NULL,870,Ata,Rice,Grains & Dals,1,2025-12-03 16:03:54
18155,GM DHANADAL 200G,NULL,NULL,870,Ata,Rice,Grains & Dals,1,2025-12-03 16:03:54
17654,GM DHANADAL 200G,NULL,NULL,870,Ata,Rice,Grains & Dals,1,2025-12-03 15:32:48
17655,GNR MEN T W 50 G TUBE,NULL,NULL,870,Ata,Rice,Grains & Dals,1,2025-12-03 15:32:48
18156,GNR MEN T W 50 G TUBE,NULL,NULL,870,Ata,Rice,Grains & Dals,1,2025-12-03 16:03:54
18157,GODAMBI,NULL,NULL,870,Ata,Rice,Grains & Dals,1,2025-12-03 16:03:54
17656,GODAMBI,NULL,NULL,870,Ata,Rice,Grains & Dals,1,2025-12-03 15:32:48
17657,GODAMBI 100 G,NULL,NULL,870,Ata,Rice,Grains & Dals,1,2025-12-03 15:32:48
18158,GODAMBI 100 G,NULL,NULL,870,Ata,Rice,Grains & Dals,1,2025-12-03 16:03:54
18159,GODE CHAROLE,NULL,NULL,870,Ata,Rice,Grains & Dals,1,2025-12-03 16:03:54
17658,GODE CHAROLE,NULL,NULL,870,Ata,Rice,Grains & Dals,1,2025-12-03 15:32:48
17659,GODREJ FAB 1L POUCH,NULL,NULL,870,Ata,Rice,Grains & Dals,1,2025-12-03 15:32:48
18160,GODREJ FAB 1L POUCH,NULL,NULL,870,Ata,Rice,Grains & Dals,1,2025-12-03 16:03:54
18161,GOLDEN MIX 200G,NULL,NULL,870,Ata,Rice,Grains & Dals,1,2025-12-03 16:03:54
17660,GOLDEN MIX 200G,NULL,NULL,870,Ata,Rice,Grains & Dals,1,2025-12-03 15:32:48
17661,Goli Mukhwas 100G,NULL,NULL,870,Ata,Rice,Grains & Dals,1,2025-12-03 15:32:48
18162,Goli Mukhwas 100G,NULL,NULL,870,Ata,Rice,Grains & Dals,1,2025-12-03 16:03:54
18163,Good Knight Power Activ+ Mosquito Repellent Refill 45 ml,NULL,NULL,870,Ata,Rice,Grains & Dals,1,2025-12-03 16:03:54
17662,Good Knight Power Activ+ Mosquito Repellent Refill 45 ml,NULL,NULL,870,Ata,Rice,Grains & Dals,1,2025-12-03 15:32:48
17663,GOOREJ AER SPRAY,NULL,NULL,870,Ata,Rice,Grains & Dals,1,2025-12-03 15:32:48
18164,GOOREJ AER SPRAY,NULL,NULL,870,Ata,Rice,Grains & Dals,1,2025-12-03 16:03:54
18165,GOV AVTAR PROTIEN BAR CHOCO 40 G 60/-,NULL,NULL,870,Ata,Rice,Grains & Dals,1,2025-12-03 16:03:54
17664,GOV AVTAR PROTIEN BAR CHOCO 40 G 60/-,NULL,NULL,870,Ata,Rice,Grains & Dals,1,2025-12-03 15:32:48
17665,GOV TOP UP FLAVOURED MILK 180 ML 30,NULL,NULL,870,Ata,Rice,Grains & Dals,1,2025-12-03 15:32:48
18166,GOV TOP UP FLAVOURED MILK 180 ML 30,NULL,NULL,870,Ata,Rice,Grains & Dals,1,2025-12-03 16:03:54
18167,GOV UHT MILK SHAKE 180 ML 40/-,NULL,NULL,870,Ata,Rice,Grains & Dals,1,2025-12-03 16:03:54
17666,GOV UHT MILK SHAKE 180 ML 40/-,NULL,NULL,870,Ata,Rice,Grains & Dals,1,2025-12-03 15:32:48
17667,GOVERDHAN COW GHE 1 KG,NULL,NULL,870,Ata,Rice,Grains & Dals,1,2025-12-03 15:32:48
18168,GOVERDHAN COW GHE 1 KG,NULL,NULL,870,Ata,Rice,Grains & Dals,1,2025-12-03 16:03:54
18169,GOWARDHAN DAHI 200GM,NULL,NULL,870,Ata,Rice,Grains & Dals,1,2025-12-03 16:03:54
17668,GOWARDHAN DAHI 200GM,NULL,NULL,870,Ata,Rice,Grains & Dals,1,2025-12-03 15:32:48
17669,GOWARDHAN FRESH DAHI,NULL,NULL,870,Ata,Rice,Grains & Dals,1,2025-12-03 15:32:48
18170,GOWARDHAN FRESH DAHI,NULL,NULL,870,Ata,Rice,Grains & Dals,1,2025-12-03 16:03:54
17670,GOWARDHAN GHEE 200ML,NULL,NULL,870,Ata,Rice,Grains & Dals,1,2025-12-03 15:32:48
18171,GOWARDHAN GHEE 200ML,NULL,NULL,870,Ata,Rice,Grains & Dals,1,2025-12-03 16:03:54
18172,GOWARDHAN PANEER 200GM,NULL,NULL,870,Ata,Rice,Grains & Dals,1,2025-12-03 16:03:54
17671,GOWARDHAN PANEER 200GM,NULL,NULL,870,Ata,Rice,Grains & Dals,1,2025-12-03 15:32:48
17672,Gowardhan Panner  200 G,NULL,NULL,870,Ata,Rice,Grains & Dals,1,2025-12-03 15:32:48
18173,Gowardhan Panner  200 G,NULL,NULL,870,Ata,Rice,Grains & Dals,1,2025-12-03 16:03:54
18174,GPI 5s,NULL,NULL,870,Ata,Rice,Grains & Dals,1,2025-12-03 16:03:54
17673,GPI 5s,NULL,NULL,870,Ata,Rice,Grains & Dals,1,2025-12-03 15:32:48
17674,GPI-B3G1,NULL,NULL,870,Ata,Rice,Grains & Dals,1,2025-12-03 15:32:48
18175,GPI-B3G1,NULL,NULL,870,Ata,Rice,Grains & Dals,1,2025-12-03 16:03:54
18176,GR CN 4NT BRW7ML60G,NULL,NULL,870,Ata,Rice,Grains & Dals,1,2025-12-03 16:03:54
17675,GR CN 4NT BRW7ML60G,NULL,NULL,870,Ata,Rice,Grains & Dals,1,2025-12-03 15:32:48
17676,GREEN BEANS 250G,NULL,NULL,870,Ata,Rice,Grains & Dals,1,2025-12-03 15:32:48
18177,GREEN BEANS 250G,NULL,NULL,870,Ata,Rice,Grains & Dals,1,2025-12-03 16:03:54
18178,GREEN CHILLY 250G,NULL,NULL,870,Ata,Rice,Grains & Dals,1,2025-12-03 16:03:54
17677,GREEN CHILLY 250G,NULL,NULL,870,Ata,Rice,Grains & Dals,1,2025-12-03 15:32:48
17678,GREEN MANGO 250G,NULL,NULL,870,Ata,Rice,Grains & Dals,1,2025-12-03 15:32:48
18179,GREEN MANGO 250G,NULL,NULL,870,Ata,Rice,Grains & Dals,1,2025-12-03 16:03:54
18180,Guard Cart 1 SBD,NULL,NULL,870,Ata,Rice,Grains & Dals,1,2025-12-03 16:03:54
17679,Guard Cart 1 SBD,NULL,NULL,870,Ata,Rice,Grains & Dals,1,2025-12-03 15:32:48
17680,Guard Cart 4s SBD,NULL,NULL,870,Ata,Rice,Grains & Dals,1,2025-12-03 15:32:48
18181,Guard Cart 4s SBD,NULL,NULL,870,Ata,Rice,Grains & Dals,1,2025-12-03 16:03:54
18182,Guard Cart 8s SBD,NULL,NULL,870,Ata,Rice,Grains & Dals,1,2025-12-03 16:03:54
17681,Guard Cart 8s SBD,NULL,NULL,870,Ata,Rice,Grains & Dals,1,2025-12-03 15:32:48
17682,Guard Cream 125 gm,NULL,NULL,870,Ata,Rice,Grains & Dals,1,2025-12-03 15:32:48
18183,Guard Cream 125 gm,NULL,NULL,870,Ata,Rice,Grains & Dals,1,2025-12-03 16:03:54
18184,Guard Cream Small 25 gm,NULL,NULL,870,Ata,Rice,Grains & Dals,1,2025-12-03 16:03:54
17683,Guard Cream Small 25 gm,NULL,NULL,870,Ata,Rice,Grains & Dals,1,2025-12-03 15:32:48
17684,Guard R+12 Promo pack,NULL,NULL,870,Ata,Rice,Grains & Dals,1,2025-12-03 15:32:48
18185,Guard R+12 Promo pack,NULL,NULL,870,Ata,Rice,Grains & Dals,1,2025-12-03 16:03:54
18186,Guard R+8 Promo Pack,NULL,NULL,870,Ata,Rice,Grains & Dals,1,2025-12-03 16:03:54
17685,Guard R+8 Promo Pack,NULL,NULL,870,Ata,Rice,Grains & Dals,1,2025-12-03 15:32:48
17686,Guard Razor Rs28,NULL,NULL,870,Ata,Rice,Grains & Dals,1,2025-12-03 15:32:48
18187,Guard Razor Rs28,NULL,NULL,870,Ata,Rice,Grains & Dals,1,2025-12-03 16:03:54
18188,Guard3 Cart 3s,NULL,NULL,870,Ata,Rice,Grains & Dals,1,2025-12-03 16:03:54
17687,Guard3 Cart 3s,NULL,NULL,870,Ata,Rice,Grains & Dals,1,2025-12-03 15:32:48
17688,Guard3 Cart 6s,NULL,NULL,870,Ata,Rice,Grains & Dals,1,2025-12-03 15:32:48
18189,Guard3 Cart 6s,NULL,NULL,870,Ata,Rice,Grains & Dals,1,2025-12-03 16:03:54
18190,Guard3 R+2C,NULL,NULL,870,Ata,Rice,Grains & Dals,1,2025-12-03 16:03:54
17689,Guard3 R+2C,NULL,NULL,870,Ata,Rice,Grains & Dals,1,2025-12-03 15:32:48
17690,GUBB COTTON FR FACE PP,NULL,NULL,870,Ata,Rice,Grains & Dals,1,2025-12-03 15:32:48
18191,GUBB COTTON FR FACE PP,NULL,NULL,870,Ata,Rice,Grains & Dals,1,2025-12-03 16:03:54
18192,Guggul 100gm,NULL,NULL,870,Ata,Rice,Grains & Dals,1,2025-12-03 16:03:54
17691,Guggul 100gm,NULL,NULL,870,Ata,Rice,Grains & Dals,1,2025-12-03 15:32:48
17692,GWD PCWGH 500 ML PET,NULL,NULL,870,Ata,Rice,Grains & Dals,1,2025-12-03 15:32:48
18193,GWD PCWGH 500 ML PET,NULL,NULL,870,Ata,Rice,Grains & Dals,1,2025-12-03 16:03:54
18194,H ALM&ROSE SOAP 125GM,NULL,NULL,870,Ata,Rice,Grains & Dals,1,2025-12-03 16:03:54
17693,H ALM&ROSE SOAP 125GM,NULL,NULL,870,Ata,Rice,Grains & Dals,1,2025-12-03 15:32:48
17694,H BABY EXTRA MOIST SOAP 75GM,NULL,NULL,870,Ata,Rice,Grains & Dals,1,2025-12-03 15:32:48
18195,H BABY EXTRA MOIST SOAP 75GM,NULL,NULL,870,Ata,Rice,Grains & Dals,1,2025-12-03 16:03:54
18196,H BABY POWDER 100 GM,NULL,NULL,870,Ata,Rice,Grains & Dals,1,2025-12-03 16:03:54
17695,H BABY POWDER 100 GM,NULL,NULL,870,Ata,Rice,Grains & Dals,1,2025-12-03 15:32:48
17696,H BATH STOOL,NULL,NULL,870,Ata,Rice,Grains & Dals,1,2025-12-03 15:32:48
18197,H BATH STOOL,NULL,NULL,870,Ata,Rice,Grains & Dals,1,2025-12-03 16:03:54
18198,H BLOOM BUCKET,NULL,NULL,870,Ata,Rice,Grains & Dals,1,2025-12-03 16:03:54
17697,H BLOOM BUCKET,NULL,NULL,870,Ata,Rice,Grains & Dals,1,2025-12-03 15:32:48
17698,H BLOOM BUCKET NO-5,NULL,NULL,870,Ata,Rice,Grains & Dals,1,2025-12-03 15:32:48
18199,H BLOOM BUCKET NO-5,NULL,NULL,870,Ata,Rice,Grains & Dals,1,2025-12-03 16:03:54
18200,H BLOOM MUG,NULL,NULL,870,Ata,Rice,Grains & Dals,1,2025-12-03 16:03:54
17699,H BLOOM MUG,NULL,NULL,870,Ata,Rice,Grains & Dals,1,2025-12-03 15:32:48
17700,H BUCKET NO - 16,NULL,NULL,870,Ata,Rice,Grains & Dals,1,2025-12-03 15:32:48
18201,H BUCKET NO - 16,NULL,NULL,870,Ata,Rice,Grains & Dals,1,2025-12-03 16:03:54
18202,H CREAM KESAR GLOW 25G,NULL,NULL,870,Ata,Rice,Grains & Dals,1,2025-12-03 16:03:54
17701,H CREAM KESAR GLOW 25G,NULL,NULL,870,Ata,Rice,Grains & Dals,1,2025-12-03 15:32:48
17702,H ELECTRA THERMO SH 500 WB,NULL,NULL,870,Ata,Rice,Grains & Dals,1,2025-12-03 15:32:48
18203,H ELECTRA THERMO SH 500 WB,NULL,NULL,870,Ata,Rice,Grains & Dals,1,2025-12-03 16:03:54
18204,H ELECTRA THERMO SHELD 1000 W.B.,NULL,NULL,870,Ata,Rice,Grains & Dals,1,2025-12-03 16:03:54
17703,H ELECTRA THERMO SHELD 1000 W.B.,NULL,NULL,870,Ata,Rice,Grains & Dals,1,2025-12-03 15:32:48
17704,H F W DARK SPOT 50 ML,NULL,NULL,870,Ata,Rice,Grains & Dals,1,2025-12-03 15:32:48
18205,H F W DARK SPOT 50 ML,NULL,NULL,870,Ata,Rice,Grains & Dals,1,2025-12-03 16:03:54
18206,H F W HYDRATING ALOVERA 50 ML,NULL,NULL,870,Ata,Rice,Grains & Dals,1,2025-12-03 16:03:54
17705,H F W HYDRATING ALOVERA 50 ML,NULL,NULL,870,Ata,Rice,Grains & Dals,1,2025-12-03 15:32:48
17706,H F W KESAR GLOW 50ML,NULL,NULL,870,Ata,Rice,Grains & Dals,1,2025-12-03 15:32:48
18207,H F W KESAR GLOW 50ML,NULL,NULL,870,Ata,Rice,Grains & Dals,1,2025-12-03 16:03:54
18208,H F W PURIFING NEEM 100 ML,NULL,NULL,870,Ata,Rice,Grains & Dals,1,2025-12-03 16:03:54
17707,H F W PURIFING NEEM 100 ML,NULL,NULL,870,Ata,Rice,Grains & Dals,1,2025-12-03 15:32:48
17708,H F W PURIFING NEEM 200ML1+1,NULL,NULL,870,Ata,Rice,Grains & Dals,1,2025-12-03 15:32:48
18209,H F W PURIFING NEEM 200ML1+1,NULL,NULL,870,Ata,Rice,Grains & Dals,1,2025-12-03 16:03:54
18210,H F W PURIFING NEEM 50 ML,NULL,NULL,870,Ata,Rice,Grains & Dals,1,2025-12-03 16:03:54
17709,H F W PURIFING NEEM 50 ML,NULL,NULL,870,Ata,Rice,Grains & Dals,1,2025-12-03 15:32:48
17710,H FLUTED BUCKET,NULL,NULL,870,Ata,Rice,Grains & Dals,1,2025-12-03 15:32:48
18211,H FLUTED BUCKET,NULL,NULL,870,Ata,Rice,Grains & Dals,1,2025-12-03 16:03:54
18212,H FLUTED MUG 1000 ML,NULL,NULL,870,Ata,Rice,Grains & Dals,1,2025-12-03 16:03:54
17711,H FLUTED MUG 1000 ML,NULL,NULL,870,Ata,Rice,Grains & Dals,1,2025-12-03 15:32:48
17712,H GENTLE BABY SHAMPOO,NULL,NULL,870,Ata,Rice,Grains & Dals,1,2025-12-03 15:32:48
18213,H GENTLE BABY SHAMPOO,NULL,NULL,870,Ata,Rice,Grains & Dals,1,2025-12-03 16:03:54
18214,H GENTLE BABY SOAP 75G,NULL,NULL,870,Ata,Rice,Grains & Dals,1,2025-12-03 16:03:54
17713,H GENTLE BABY SOAP 75G,NULL,NULL,870,Ata,Rice,Grains & Dals,1,2025-12-03 15:32:48
17714,H GENTLE BABY WIPES,NULL,NULL,870,Ata,Rice,Grains & Dals,1,2025-12-03 15:32:48
18215,H GENTLE BABY WIPES,NULL,NULL,870,Ata,Rice,Grains & Dals,1,2025-12-03 16:03:54
18216,H HONEY SOAP 125GM,NULL,NULL,870,Ata,Rice,Grains & Dals,1,2025-12-03 16:03:54
17715,H HONEY SOAP 125GM,NULL,NULL,870,Ata,Rice,Grains & Dals,1,2025-12-03 15:32:48
17716,H NEEM&TURMI SOAP 125GM,NULL,NULL,870,Ata,Rice,Grains & Dals,1,2025-12-03 15:32:48
18217,H NEEM&TURMI SOAP 125GM,NULL,NULL,870,Ata,Rice,Grains & Dals,1,2025-12-03 16:03:54
18218,H NOVA MUG,NULL,NULL,870,Ata,Rice,Grains & Dals,1,2025-12-03 16:03:54
17717,H NOVA MUG,NULL,NULL,870,Ata,Rice,Grains & Dals,1,2025-12-03 15:32:48
17718,H PACK PUR NEEM PACK 50 GM NEW,NULL,NULL,870,Ata,Rice,Grains & Dals,1,2025-12-03 15:32:48
18219,H PACK PUR NEEM PACK 50 GM NEW,NULL,NULL,870,Ata,Rice,Grains & Dals,1,2025-12-03 16:03:54
18220,H PEDAL DUST BIN,NULL,NULL,870,Ata,Rice,Grains & Dals,1,2025-12-03 16:03:54
17719,H PEDAL DUST BIN,NULL,NULL,870,Ata,Rice,Grains & Dals,1,2025-12-03 15:32:48
17720,H PIXEL INS . W B,NULL,NULL,870,Ata,Rice,Grains & Dals,1,2025-12-03 15:32:48
18221,H PIXEL INS . W B,NULL,NULL,870,Ata,Rice,Grains & Dals,1,2025-12-03 16:03:54
18222,H SCRUB PURIFING NEEM 50GM,NULL,NULL,870,Ata,Rice,Grains & Dals,1,2025-12-03 16:03:54
17721,H SCRUB PURIFING NEEM 50GM,NULL,NULL,870,Ata,Rice,Grains & Dals,1,2025-12-03 15:32:48
17722,H SHAMPO A.D. TETREE 180ML,NULL,NULL,870,Ata,Rice,Grains & Dals,1,2025-12-03 15:32:48
18223,H SHAMPO A.D. TETREE 180ML,NULL,NULL,870,Ata,Rice,Grains & Dals,1,2025-12-03 16:03:54
18224,H SHAMPO ANTIHF BHRING  180 ML,NULL,NULL,870,Ata,Rice,Grains & Dals,1,2025-12-03 16:03:54
17723,H SHAMPO ANTIHF BHRING  180 ML,NULL,NULL,870,Ata,Rice,Grains & Dals,1,2025-12-03 15:32:48
17724,H SOAP CASE,NULL,NULL,870,Ata,Rice,Grains & Dals,1,2025-12-03 15:32:48
18225,H SOAP CASE,NULL,NULL,870,Ata,Rice,Grains & Dals,1,2025-12-03 16:03:54
18226,H SQUARE SOAP CASE,NULL,NULL,870,Ata,Rice,Grains & Dals,1,2025-12-03 16:03:54
17725,H SQUARE SOAP CASE,NULL,NULL,870,Ata,Rice,Grains & Dals,1,2025-12-03 15:32:48
17726,H WIPES PURIFING NEEM,NULL,NULL,870,Ata,Rice,Grains & Dals,1,2025-12-03 15:32:48
18227,H WIPES PURIFING NEEM,NULL,NULL,870,Ata,Rice,Grains & Dals,1,2025-12-03 16:03:54
18228,H&S 2in1 AHF 200 ml,NULL,NULL,870,Ata,Rice,Grains & Dals,1,2025-12-03 16:03:54
17727,H&S 2in1 AHF 200 ml,NULL,NULL,870,Ata,Rice,Grains & Dals,1,2025-12-03 15:32:48
17728,H&S 2in1 AHF 400 ml,NULL,NULL,870,Ata,Rice,Grains & Dals,1,2025-12-03 15:32:48
18229,H&S 2in1 AHF 400 ml,NULL,NULL,870,Ata,Rice,Grains & Dals,1,2025-12-03 16:03:54
18230,H&S 2in1 AP 200 ml,NULL,NULL,870,Ata,Rice,Grains & Dals,1,2025-12-03 16:03:54
17729,H&S 2in1 AP 200 ml,NULL,NULL,870,Ata,Rice,Grains & Dals,1,2025-12-03 15:32:48
17730,H&S 2in1 AP 400 ml,NULL,NULL,870,Ata,Rice,Grains & Dals,1,2025-12-03 15:32:48
18231,H&S 2in1 AP 400 ml,NULL,NULL,870,Ata,Rice,Grains & Dals,1,2025-12-03 16:03:54
18232,H&S 2in1 CM 400 ml,NULL,NULL,870,Ata,Rice,Grains & Dals,1,2025-12-03 16:03:54
17731,H&S 2in1 CM 400 ml,NULL,NULL,870,Ata,Rice,Grains & Dals,1,2025-12-03 15:32:48
17732,H&S 2in1 CM 72ml,NULL,NULL,870,Ata,Rice,Grains & Dals,1,2025-12-03 15:32:48
18233,H&S 2in1 CM 72ml,NULL,NULL,870,Ata,Rice,Grains & Dals,1,2025-12-03 16:03:54
18234,H&S 2in1 SS 200 ml,NULL,NULL,870,Ata,Rice,Grains & Dals,1,2025-12-03 16:03:54
17733,H&S 2in1 SS 200 ml,NULL,NULL,870,Ata,Rice,Grains & Dals,1,2025-12-03 15:32:48
17734,H&S 2in1 SS 400 ml,NULL,NULL,870,Ata,Rice,Grains & Dals,1,2025-12-03 15:32:48
18235,H&S 2in1 SS 400 ml,NULL,NULL,870,Ata,Rice,Grains & Dals,1,2025-12-03 16:03:54
18236,H&S 2in1 SS 72ml,NULL,NULL,870,Ata,Rice,Grains & Dals,1,2025-12-03 16:03:54
17735,H&S 2in1 SS 72ml,NULL,NULL,870,Ata,Rice,Grains & Dals,1,2025-12-03 15:32:48
17736,H&S 7in1 180ml,NULL,NULL,870,Ata,Rice,Grains & Dals,1,2025-12-03 15:32:48
18237,H&S 7in1 180ml,NULL,NULL,870,Ata,Rice,Grains & Dals,1,2025-12-03 16:03:54
18238,H&S 7in1 72ml,NULL,NULL,870,Ata,Rice,Grains & Dals,1,2025-12-03 16:03:54
17737,H&S 7in1 72ml,NULL,NULL,870,Ata,Rice,Grains & Dals,1,2025-12-03 15:32:48
17738,H&S AHF 90ml,NULL,NULL,870,Ata,Rice,Grains & Dals,1,2025-12-03 15:32:48
18239,H&S AHF 90ml,NULL,NULL,870,Ata,Rice,Grains & Dals,1,2025-12-03 16:03:54
18240,H&S AHF Condi 80ml,NULL,NULL,870,Ata,Rice,Grains & Dals,1,2025-12-03 16:03:54
17739,H&S AHF Condi 80ml,NULL,NULL,870,Ata,Rice,Grains & Dals,1,2025-12-03 15:32:48
17740,H&S CM 180ml,NULL,NULL,870,Ata,Rice,Grains & Dals,1,2025-12-03 15:32:48
18241,H&S CM 180ml,NULL,NULL,870,Ata,Rice,Grains & Dals,1,2025-12-03 16:03:54
18242,H&S CM 400ml,NULL,NULL,870,Ata,Rice,Grains & Dals,1,2025-12-03 16:03:54
17741,H&S CM 400ml,NULL,NULL,870,Ata,Rice,Grains & Dals,1,2025-12-03 15:32:48
17742,H&S CM 90ml,NULL,NULL,870,Ata,Rice,Grains & Dals,1,2025-12-03 15:32:48
18243,H&S CM 90ml,NULL,NULL,870,Ata,Rice,Grains & Dals,1,2025-12-03 16:03:54
18244,H&S LF 200ml,NULL,NULL,870,Ata,Rice,Grains & Dals,1,2025-12-03 16:03:54
17743,H&S LF 200ml,NULL,NULL,870,Ata,Rice,Grains & Dals,1,2025-12-03 15:32:48
17744,H&S LF 90ml,NULL,NULL,870,Ata,Rice,Grains & Dals,1,2025-12-03 15:32:48
18245,H&S LF 90ml,NULL,NULL,870,Ata,Rice,Grains & Dals,1,2025-12-03 16:03:54
18246,H&S Neem 340ml,NULL,NULL,870,Ata,Rice,Grains & Dals,1,2025-12-03 16:03:54
17745,H&S Neem 340ml,NULL,NULL,870,Ata,Rice,Grains & Dals,1,2025-12-03 15:32:48
17746,H&S Neem 72ml,NULL,NULL,870,Ata,Rice,Grains & Dals,1,2025-12-03 15:32:48
18247,H&S Neem 72ml,NULL,NULL,870,Ata,Rice,Grains & Dals,1,2025-12-03 16:03:54
18248,H&S SB 180ml,NULL,NULL,870,Ata,Rice,Grains & Dals,1,2025-12-03 16:03:54
17747,H&S SB 180ml,NULL,NULL,870,Ata,Rice,Grains & Dals,1,2025-12-03 15:32:48
17748,H&S SB 400ml,NULL,NULL,870,Ata,Rice,Grains & Dals,1,2025-12-03 15:32:48
18249,H&S SB 400ml,NULL,NULL,870,Ata,Rice,Grains & Dals,1,2025-12-03 16:03:54
18250,H&S SB 90ml,NULL,NULL,870,Ata,Rice,Grains & Dals,1,2025-12-03 16:03:54
17749,H&S SB 90ml,NULL,NULL,870,Ata,Rice,Grains & Dals,1,2025-12-03 15:32:48
17750,H&S SHM 180ML DEEP  CLEANSE,NULL,NULL,870,Ata,Rice,Grains & Dals,1,2025-12-03 15:32:48
18251,H&S SHM 180ML DEEP  CLEANSE,NULL,NULL,870,Ata,Rice,Grains & Dals,1,2025-12-03 16:03:54
18252,H&S SHM 72ML  DEEP  CLEANSE,NULL,NULL,870,Ata,Rice,Grains & Dals,1,2025-12-03 16:03:54
17751,H&S SHM 72ML  DEEP  CLEANSE,NULL,NULL,870,Ata,Rice,Grains & Dals,1,2025-12-03 15:32:48
17752,H&S SHM AHF 180ml,NULL,NULL,870,Ata,Rice,Grains & Dals,1,2025-12-03 15:32:48
18253,H&S SHM AHF 180ml,NULL,NULL,870,Ata,Rice,Grains & Dals,1,2025-12-03 16:03:54
18254,H&S SHM AHF 340ml,NULL,NULL,870,Ata,Rice,Grains & Dals,1,2025-12-03 16:03:54
17753,H&S SHM AHF 340ml,NULL,NULL,870,Ata,Rice,Grains & Dals,1,2025-12-03 15:32:48
17754,H&S SHM SB 180ml,NULL,NULL,870,Ata,Rice,Grains & Dals,1,2025-12-03 15:32:48
18255,H&S SHM SB 180ml,NULL,NULL,870,Ata,Rice,Grains & Dals,1,2025-12-03 16:03:54
18256,H&S SS 180ml,NULL,NULL,870,Ata,Rice,Grains & Dals,1,2025-12-03 16:03:54
17755,H&S SS 180ml,NULL,NULL,870,Ata,Rice,Grains & Dals,1,2025-12-03 15:32:48
17756,H&S SS 400ml PROMO,NULL,NULL,870,Ata,Rice,Grains & Dals,1,2025-12-03 15:32:48
18257,H&S SS 400ml PROMO,NULL,NULL,870,Ata,Rice,Grains & Dals,1,2025-12-03 16:03:54
18258,H&S SS Condi 200ml,NULL,NULL,870,Ata,Rice,Grains & Dals,1,2025-12-03 16:03:54
17757,H&S SS Condi 200ml,NULL,NULL,870,Ata,Rice,Grains & Dals,1,2025-12-03 15:32:48
17758,H&S SS Condi 80ml,NULL,NULL,870,Ata,Rice,Grains & Dals,1,2025-12-03 15:32:48
18259,H&S SS Condi 80ml,NULL,NULL,870,Ata,Rice,Grains & Dals,1,2025-12-03 16:03:54
18260,HALDI CH.KANTI BODY CLN 75G B4G1 FREE,NULL,NULL,870,Ata,Rice,Grains & Dals,1,2025-12-03 16:03:54
17759,HALDI CH.KANTI BODY CLN 75G B4G1 FREE,NULL,NULL,870,Ata,Rice,Grains & Dals,1,2025-12-03 15:32:48
17760,HALDICHNDN KANTI BODYCLN 150G,NULL,NULL,870,Ata,Rice,Grains & Dals,1,2025-12-03 15:32:48
18261,HALDICHNDN KANTI BODYCLN 150G,NULL,NULL,870,Ata,Rice,Grains & Dals,1,2025-12-03 16:03:54
18262,HAMALI,NULL,NULL,870,Ata,Rice,Grains & Dals,1,2025-12-03 16:03:54
17761,HAMALI,NULL,NULL,870,Ata,Rice,Grains & Dals,1,2025-12-03 15:32:48
17762,HANDWASH DETTOL 100ML,NULL,NULL,870,Ata,Rice,Grains & Dals,1,2025-12-03 15:32:48
18263,HANDWASH DETTOL 100ML,NULL,NULL,870,Ata,Rice,Grains & Dals,1,2025-12-03 16:03:54
18264,HARI ELAICHI RS 10,NULL,NULL,870,Ata,Rice,Grains & Dals,1,2025-12-03 16:03:54
17763,HARI ELAICHI RS 10,NULL,NULL,870,Ata,Rice,Grains & Dals,1,2025-12-03 15:32:48
17764,HARPIC 200 ML RED FLO 61/-,NULL,NULL,870,Ata,Rice,Grains & Dals,1,2025-12-03 15:32:48
18265,HARPIC 200 ML RED FLO 61/-,NULL,NULL,870,Ata,Rice,Grains & Dals,1,2025-12-03 16:03:54
18266,HARPIC 200ML 46/-,NULL,NULL,870,Ata,Rice,Grains & Dals,1,2025-12-03 16:03:54
17765,HARPIC 200ML 46/-,NULL,NULL,870,Ata,Rice,Grains & Dals,1,2025-12-03 15:32:48
17766,HARPIC 500 ML 110/-,NULL,NULL,870,Ata,Rice,Grains & Dals,1,2025-12-03 15:32:48
18267,HARPIC 500 ML 110/-,NULL,NULL,870,Ata,Rice,Grains & Dals,1,2025-12-03 16:03:54
18268,HARPIC BLOCK CITRUS,NULL,NULL,870,Ata,Rice,Grains & Dals,1,2025-12-03 16:03:54
17767,HARPIC BLOCK CITRUS,NULL,NULL,870,Ata,Rice,Grains & Dals,1,2025-12-03 15:32:48
17768,HARPIC BLOCK JASMINE,NULL,NULL,870,Ata,Rice,Grains & Dals,1,2025-12-03 15:32:48
18269,HARPIC BLOCK JASMINE,NULL,NULL,870,Ata,Rice,Grains & Dals,1,2025-12-03 16:03:54
18270,HARPIC BLOCK LAVENDER,NULL,NULL,870,Ata,Rice,Grains & Dals,1,2025-12-03 16:03:54
17769,HARPIC BLOCK LAVENDER,NULL,NULL,870,Ata,Rice,Grains & Dals,1,2025-12-03 15:32:48
17770,HARPIC DRAIN CLEAN 50GM,NULL,NULL,870,Ata,Rice,Grains & Dals,1,2025-12-03 15:32:48
18271,HARPIC DRAIN CLEAN 50GM,NULL,NULL,870,Ata,Rice,Grains & Dals,1,2025-12-03 16:03:54
18272,Harpic Floral Disinfectant Bathroom Cleaner 500 ml,NULL,NULL,870,Ata,Rice,Grains & Dals,1,2025-12-03 16:03:54
17771,Harpic Floral Disinfectant Bathroom Cleaner 500 ml,NULL,NULL,870,Ata,Rice,Grains & Dals,1,2025-12-03 15:32:48
17772,HARPIC FLUSH MATIC CIT2S 180/,NULL,NULL,870,Ata,Rice,Grains & Dals,1,2025-12-03 15:32:48
18273,HARPIC FLUSH MATIC CIT2S 180/,NULL,NULL,870,Ata,Rice,Grains & Dals,1,2025-12-03 16:03:54
18274,HARPIC FLUSH MATIC LAV2S,NULL,NULL,870,Ata,Rice,Grains & Dals,1,2025-12-03 16:03:54
17773,HARPIC FLUSH MATIC LAV2S,NULL,NULL,870,Ata,Rice,Grains & Dals,1,2025-12-03 15:32:48
17774,Harpic Lemon Disinfectant Bathroom Cleaner 1 L,NULL,NULL,870,Ata,Rice,Grains & Dals,1,2025-12-03 15:32:48
18275,Harpic Lemon Disinfectant Bathroom Cleaner 1 L,NULL,NULL,870,Ata,Rice,Grains & Dals,1,2025-12-03 16:03:54
18276,Harpic Power Plus Original Disinfectant Toilet Cleaner 1 L,NULL,NULL,870,Ata,Rice,Grains & Dals,1,2025-12-03 16:03:54
17775,Harpic Power Plus Original Disinfectant Toilet Cleaner 1 L,NULL,NULL,870,Ata,Rice,Grains & Dals,1,2025-12-03 15:32:48
17776,HEAD & SHOULDERS 2 IN 1 COOL MENTHOL 180 ML,NULL,NULL,870,Ata,Rice,Grains & Dals,1,2025-12-03 15:32:48
18277,HEAD & SHOULDERS 2 IN 1 COOL MENTHOL 180 ML,NULL,NULL,870,Ata,Rice,Grains & Dals,1,2025-12-03 16:03:54
18278,HEAD & SHOULDERS 7 IN 1 ANTI DANDRUFF SHAMPOO,NULL,NULL,870,Ata,Rice,Grains & Dals,1,2025-12-03 16:03:54
17777,HEAD & SHOULDERS 7 IN 1 ANTI DANDRUFF SHAMPOO,NULL,NULL,870,Ata,Rice,Grains & Dals,1,2025-12-03 15:32:48
18279,HEAD & SHOULDERS ANTI DANDRUFF SHAMPOO NEEM,NULL,NULL,870,Ata,Rice,Grains & Dals,1,2025-12-03 16:03:54
17778,HEAD & SHOULDERS ANTI DANDRUFF SHAMPOO NEEM,NULL,NULL,870,Ata,Rice,Grains & Dals,1,2025-12-03 15:32:48
17779,HEAD AND SHOULDERS SMOOTH & SILKY SHAMPOO 72 ML,NULL,NULL,870,Ata,Rice,Grains & Dals,1,2025-12-03 15:32:48
18280,HEAD AND SHOULDERS SMOOTH & SILKY SHAMPOO 72 ML,NULL,NULL,870,Ata,Rice,Grains & Dals,1,2025-12-03 16:03:54
18281,HER,NULL,NULL,870,Ata,Rice,Grains & Dals,1,2025-12-03 16:03:54
17780,HER,NULL,NULL,870,Ata,Rice,Grains & Dals,1,2025-12-03 15:32:48
17781,HERBAL WASH DETERGENT POWDER 1KG,NULL,NULL,870,Ata,Rice,Grains & Dals,1,2025-12-03 15:32:48
18282,HERBAL WASH DETERGENT POWDER 1KG,NULL,NULL,870,Ata,Rice,Grains & Dals,1,2025-12-03 16:03:54
18283,HERBO WASH DETERGENT POWDER 1KG,NULL,NULL,870,Ata,Rice,Grains & Dals,1,2025-12-03 16:03:54
17782,HERBO WASH DETERGENT POWDER 1KG,NULL,NULL,870,Ata,Rice,Grains & Dals,1,2025-12-03 15:32:48
17783,HERSHEY EXT DKCHO87G,NULL,NULL,870,Ata,Rice,Grains & Dals,1,2025-12-03 15:32:48
18284,HERSHEY EXT DKCHO87G,NULL,NULL,870,Ata,Rice,Grains & Dals,1,2025-12-03 16:03:54
18285,HERSHEY KISS ALM100G,NULL,NULL,870,Ata,Rice,Grains & Dals,1,2025-12-03 16:03:54
17784,HERSHEY KISS ALM100G,NULL,NULL,870,Ata,Rice,Grains & Dals,1,2025-12-03 15:32:48
17785,HERSHEYS COGFFIE BAR,NULL,NULL,870,Ata,Rice,Grains & Dals,1,2025-12-03 15:32:48
18286,HERSHEYS COGFFIE BAR,NULL,NULL,870,Ata,Rice,Grains & Dals,1,2025-12-03 16:03:54
18287,HERSHEYS COOKIES CREME BAR,NULL,NULL,870,Ata,Rice,Grains & Dals,1,2025-12-03 16:03:54
17786,HERSHEYS COOKIES CREME BAR,NULL,NULL,870,Ata,Rice,Grains & Dals,1,2025-12-03 15:32:48
17787,HERSHEYS DARK CHOCOLATE DARK,NULL,NULL,870,Ata,Rice,Grains & Dals,1,2025-12-03 15:32:48
18288,HERSHEYS DARK CHOCOLATE DARK,NULL,NULL,870,Ata,Rice,Grains & Dals,1,2025-12-03 16:03:54
18289,HERSHEYS K 33.6G PCH,NULL,NULL,870,Ata,Rice,Grains & Dals,1,2025-12-03 16:03:54
17788,HERSHEYS K 33.6G PCH,NULL,NULL,870,Ata,Rice,Grains & Dals,1,2025-12-03 15:32:48
17789,HERSHRYS CREMY MILK,NULL,NULL,870,Ata,Rice,Grains & Dals,1,2025-12-03 15:32:48
18290,HERSHRYS CREMY MILK,NULL,NULL,870,Ata,Rice,Grains & Dals,1,2025-12-03 16:03:54
18291,HIAMLAYA LOTION COCOBUTTER,NULL,NULL,870,Ata,Rice,Grains & Dals,1,2025-12-03 16:03:54
17790,HIAMLAYA LOTION COCOBUTTER,NULL,NULL,870,Ata,Rice,Grains & Dals,1,2025-12-03 15:32:48
17791,HIMALAYA LIP BALM,NULL,NULL,870,Ata,Rice,Grains & Dals,1,2025-12-03 15:32:48
18292,HIMALAYA LIP BALM,NULL,NULL,870,Ata,Rice,Grains & Dals,1,2025-12-03 16:03:54
18293,HIMALAYAN BABY POWDER 100g,NULL,NULL,870,Ata,Rice,Grains & Dals,1,2025-12-03 16:03:54
17792,HIMALAYAN BABY POWDER 100g,NULL,NULL,870,Ata,Rice,Grains & Dals,1,2025-12-03 15:32:48
17793,HIMALLAYA CHERRY NOURISHING 200M,NULL,NULL,870,Ata,Rice,Grains & Dals,1,2025-12-03 15:32:48
18294,HIMALLAYA CHERRY NOURISHING 200M,NULL,NULL,870,Ata,Rice,Grains & Dals,1,2025-12-03 16:03:54
18295,HIMALYA LOTION ALO CUCUMBER,NULL,NULL,870,Ata,Rice,Grains & Dals,1,2025-12-03 16:03:54
17794,HIMALYA LOTION ALO CUCUMBER,NULL,NULL,870,Ata,Rice,Grains & Dals,1,2025-12-03 15:32:48
17795,HIMANI NAVARATNA OIL,NULL,NULL,870,Ata,Rice,Grains & Dals,1,2025-12-03 15:32:48
18296,HIMANI NAVARATNA OIL,NULL,NULL,870,Ata,Rice,Grains & Dals,1,2025-12-03 16:03:54
18297,HIMLTON TALC 100 GM 98 RS,NULL,NULL,870,Ata,Rice,Grains & Dals,1,2025-12-03 16:03:54
17796,HIMLTON TALC 100 GM 98 RS,NULL,NULL,870,Ata,Rice,Grains & Dals,1,2025-12-03 15:32:48
17797,HIMLTON TALC 300GM RS 249,NULL,NULL,870,Ata,Rice,Grains & Dals,1,2025-12-03 15:32:48
18298,HIMLTON TALC 300GM RS 249,NULL,NULL,870,Ata,Rice,Grains & Dals,1,2025-12-03 16:03:54
18299,Hirva Vatana - 250G,NULL,NULL,870,Ata,Rice,Grains & Dals,1,2025-12-03 16:03:54
17798,Hirva Vatana - 250G,NULL,NULL,870,Ata,Rice,Grains & Dals,1,2025-12-03 15:32:48
17799,Hirva Vatana -500G,NULL,NULL,870,Ata,Rice,Grains & Dals,1,2025-12-03 15:32:48
18300,Hirva Vatana -500G,NULL,NULL,870,Ata,Rice,Grains & Dals,1,2025-12-03 16:03:54
18301,Hirva Vatana 1 Kg,NULL,NULL,870,Ata,Rice,Grains & Dals,1,2025-12-03 16:03:54
17800,Hirva Vatana 1 Kg,NULL,NULL,870,Ata,Rice,Grains & Dals,1,2025-12-03 15:32:48
17801,HIT ANTI RCH GEL 20G,NULL,NULL,870,Ata,Rice,Grains & Dals,1,2025-12-03 15:32:48
18302,HIT ANTI RCH GEL 20G,NULL,NULL,870,Ata,Rice,Grains & Dals,1,2025-12-03 16:03:54
18303,HIT CKCHM 200 ml CAN,NULL,NULL,870,Ata,Rice,Grains & Dals,1,2025-12-03 16:03:54
17802,HIT CKCHM 200 ml CAN,NULL,NULL,870,Ata,Rice,Grains & Dals,1,2025-12-03 15:32:48
17803,HIT LINES NEW,NULL,NULL,870,Ata,Rice,Grains & Dals,1,2025-12-03 15:32:48
18304,HIT LINES NEW,NULL,NULL,870,Ata,Rice,Grains & Dals,1,2025-12-03 16:03:54
18305,HOME GEL LEMONGRASS,NULL,NULL,870,Ata,Rice,Grains & Dals,1,2025-12-03 16:03:54
17804,HOME GEL LEMONGRASS,NULL,NULL,870,Ata,Rice,Grains & Dals,1,2025-12-03 15:32:48
17805,Home Gel Relax,NULL,NULL,870,Ata,Rice,Grains & Dals,1,2025-12-03 15:32:48
18306,Home Gel Relax,NULL,NULL,870,Ata,Rice,Grains & Dals,1,2025-12-03 16:03:54
18307,HONEY & ALMOND MILK 100ML,NULL,NULL,870,Ata,Rice,Grains & Dals,1,2025-12-03 16:03:54
17806,HONEY & ALMOND MILK 100ML,NULL,NULL,870,Ata,Rice,Grains & Dals,1,2025-12-03 15:32:48
17807,HONEY & ALMOND MILK 400ML,NULL,NULL,870,Ata,Rice,Grains & Dals,1,2025-12-03 15:32:48
18308,HONEY & ALMOND MILK 400ML,NULL,NULL,870,Ata,Rice,Grains & Dals,1,2025-12-03 16:03:54
18309,HONEY MULTI FLORA,NULL,NULL,870,Ata,Rice,Grains & Dals,1,2025-12-03 16:03:54
17808,HONEY MULTI FLORA,NULL,NULL,870,Ata,Rice,Grains & Dals,1,2025-12-03 15:32:48
17809,HOT CHOC 110GM,NULL,NULL,870,Ata,Rice,Grains & Dals,1,2025-12-03 15:32:48
18310,HOT CHOC 110GM,NULL,NULL,870,Ata,Rice,Grains & Dals,1,2025-12-03 16:03:54
18311,HP05A01NATARAJ 621 S,NULL,NULL,870,Ata,Rice,Grains & Dals,1,2025-12-03 16:03:54
17810,HP05A01NATARAJ 621 S,NULL,NULL,870,Ata,Rice,Grains & Dals,1,2025-12-03 15:32:48
17811,HRS SYR CHO FLV 180 G,NULL,NULL,870,Ata,Rice,Grains & Dals,1,2025-12-03 15:32:48
18312,HRS SYR CHO FLV 180 G,NULL,NULL,870,Ata,Rice,Grains & Dals,1,2025-12-03 16:03:54
18313,HS KIALM 100.8 G PP,NULL,NULL,870,Ata,Rice,Grains & Dals,1,2025-12-03 16:03:54
17812,HS KIALM 100.8 G PP,NULL,NULL,870,Ata,Rice,Grains & Dals,1,2025-12-03 15:32:48
17813,HSYS KMLK CH 108G PP,NULL,NULL,870,Ata,Rice,Grains & Dals,1,2025-12-03 15:32:48
18314,HSYS KMLK CH 108G PP,NULL,NULL,870,Ata,Rice,Grains & Dals,1,2025-12-03 16:03:54
18315,HSYS KMLK CH 36G PP,NULL,NULL,870,Ata,Rice,Grains & Dals,1,2025-12-03 16:03:54
17814,HSYS KMLK CH 36G PP,NULL,NULL,870,Ata,Rice,Grains & Dals,1,2025-12-03 15:32:48
17815,IDLI BATTER 1KG,NULL,NULL,870,Ata,Rice,Grains & Dals,1,2025-12-03 15:32:48
18316,IDLI BATTER 1KG,NULL,NULL,870,Ata,Rice,Grains & Dals,1,2025-12-03 16:03:54
18317,IDLI BATTER 500GM,NULL,NULL,870,Ata,Rice,Grains & Dals,1,2025-12-03 16:03:54
17816,IDLI BATTER 500GM,NULL,NULL,870,Ata,Rice,Grains & Dals,1,2025-12-03 15:32:48
17817,INDEPENDANCE SUGAR 5KG,NULL,NULL,870,Ata,Rice,Grains & Dals,1,2025-12-03 15:32:48
18318,INDEPENDANCE SUGAR 5KG,NULL,NULL,870,Ata,Rice,Grains & Dals,1,2025-12-03 16:03:54
18319,INDEPENDEN  SUGAR1KG,NULL,NULL,870,Ata,Rice,Grains & Dals,1,2025-12-03 16:03:54
17818,INDEPENDEN  SUGAR1KG,NULL,NULL,870,Ata,Rice,Grains & Dals,1,2025-12-03 15:32:48
17819,INDICA EASY BLACK MI,NULL,NULL,870,Ata,Rice,Grains & Dals,1,2025-12-03 15:32:48
18320,INDICA EASY BLACK MI,NULL,NULL,870,Ata,Rice,Grains & Dals,1,2025-12-03 16:03:54
18321,INDU BRN OIL  50ML,NULL,NULL,870,Ata,Rice,Grains & Dals,1,2025-12-03 16:03:54
17820,INDU BRN OIL  50ML,NULL,NULL,870,Ata,Rice,Grains & Dals,1,2025-12-03 15:32:48
17821,INSTANT PASTA CHEESY CREAM,NULL,NULL,870,Ata,Rice,Grains & Dals,1,2025-12-03 15:32:48
18322,INSTANT PASTA CHEESY CREAM,NULL,NULL,870,Ata,Rice,Grains & Dals,1,2025-12-03 16:03:54
18323,INSTANT PASTA CHEESY MAC,NULL,NULL,870,Ata,Rice,Grains & Dals,1,2025-12-03 16:03:54
17822,INSTANT PASTA CHEESY MAC,NULL,NULL,870,Ata,Rice,Grains & Dals,1,2025-12-03 15:32:48
17823,INTENCE MOIST LOT 100ML,NULL,NULL,870,Ata,Rice,Grains & Dals,1,2025-12-03 15:32:48
18324,INTENCE MOIST LOT 100ML,NULL,NULL,870,Ata,Rice,Grains & Dals,1,2025-12-03 16:03:54
18325,INZO WATERCOLOR PEN,NULL,NULL,870,Ata,Rice,Grains & Dals,1,2025-12-03 16:03:54
17824,INZO WATERCOLOR PEN,NULL,NULL,870,Ata,Rice,Grains & Dals,1,2025-12-03 15:32:48
17825,ITALIAN DELIGHT TUB 100ML,NULL,NULL,870,Ata,Rice,Grains & Dals,1,2025-12-03 15:32:48
18326,ITALIAN DELIGHT TUB 100ML,NULL,NULL,870,Ata,Rice,Grains & Dals,1,2025-12-03 16:03:54
18327,ITC Classmate Long 160 Page Ruled (1pc),NULL,NULL,870,Ata,Rice,Grains & Dals,1,2025-12-03 16:03:54
17826,ITC Classmate Long 160 Page Ruled (1pc),NULL,NULL,870,Ata,Rice,Grains & Dals,1,2025-12-03 15:32:48
17827,ITC NB 297 x 210 144 PGS 2331003,NULL,NULL,870,Ata,Rice,Grains & Dals,1,2025-12-03 15:32:48
18328,ITC NB 297 x 210 144 PGS 2331003,NULL,NULL,870,Ata,Rice,Grains & Dals,1,2025-12-03 16:03:54
18329,ITC Octane Gel Pen Blue & Black Assorted Jar (25pc),NULL,NULL,870,Ata,Rice,Grains & Dals,1,2025-12-03 16:03:54
17828,ITC Octane Gel Pen Blue & Black Assorted Jar (25pc),NULL,NULL,870,Ata,Rice,Grains & Dals,1,2025-12-03 15:32:48
17829,JAAD MITH TOPLINE,NULL,NULL,870,Ata,Rice,Grains & Dals,1,2025-12-03 15:32:48
18330,JAAD MITH TOPLINE,NULL,NULL,870,Ata,Rice,Grains & Dals,1,2025-12-03 16:03:54
18331,JABSON KHAKARA  CHILLY GARLIC,NULL,NULL,870,Ata,Rice,Grains & Dals,1,2025-12-03 16:03:54
17830,JABSON KHAKARA  CHILLY GARLIC,NULL,NULL,870,Ata,Rice,Grains & Dals,1,2025-12-03 15:32:48
17831,JABSONS KHAKARA METHI,NULL,NULL,870,Ata,Rice,Grains & Dals,1,2025-12-03 15:32:48
18332,JABSONS KHAKARA METHI,NULL,NULL,870,Ata,Rice,Grains & Dals,1,2025-12-03 16:03:54
18333,JAGERY CUBE,NULL,NULL,870,Ata,Rice,Grains & Dals,1,2025-12-03 16:03:54
17832,JAGERY CUBE,NULL,NULL,870,Ata,Rice,Grains & Dals,1,2025-12-03 15:32:48
17833,JAGGERY POWDER,NULL,NULL,870,Ata,Rice,Grains & Dals,1,2025-12-03 15:32:48
18334,JAGGERY POWDER,NULL,NULL,870,Ata,Rice,Grains & Dals,1,2025-12-03 16:03:54
18335,JAHAGIRDAR CREAM ROLL,NULL,NULL,870,Ata,Rice,Grains & Dals,1,2025-12-03 16:03:54
17834,JAHAGIRDAR CREAM ROLL,NULL,NULL,870,Ata,Rice,Grains & Dals,1,2025-12-03 15:32:48
17835,JAHAGIRDAR DIBICHECK BISCUIT,NULL,NULL,870,Ata,Rice,Grains & Dals,1,2025-12-03 15:32:48
18336,JAHAGIRDAR DIBICHECK BISCUIT,NULL,NULL,870,Ata,Rice,Grains & Dals,1,2025-12-03 16:03:54
18337,JAHAGIRDAR NAGALI BISCUIT,NULL,NULL,870,Ata,Rice,Grains & Dals,1,2025-12-03 16:03:54
17836,JAHAGIRDAR NAGALI BISCUIT,NULL,NULL,870,Ata,Rice,Grains & Dals,1,2025-12-03 15:32:48
17837,JAHAGIRDAR NAGALI SATWA,NULL,NULL,870,Ata,Rice,Grains & Dals,1,2025-12-03 15:32:48
18338,JAHAGIRDAR NAGALI SATWA,NULL,NULL,870,Ata,Rice,Grains & Dals,1,2025-12-03 16:03:54
18339,JAHAGIRDAR NASHIK CHIWDA,NULL,NULL,870,Ata,Rice,Grains & Dals,1,2025-12-03 16:03:54
17838,JAHAGIRDAR NASHIK CHIWDA,NULL,NULL,870,Ata,Rice,Grains & Dals,1,2025-12-03 15:32:48
17839,JAI SON UTNA 9G,NULL,NULL,870,Ata,Rice,Grains & Dals,1,2025-12-03 15:32:48
18340,JAI SON UTNA 9G,NULL,NULL,870,Ata,Rice,Grains & Dals,1,2025-12-03 16:03:54
18341,JAVAS PACHAK MUKHAWAS,NULL,NULL,870,Ata,Rice,Grains & Dals,1,2025-12-03 16:03:54
17840,JAVAS PACHAK MUKHAWAS,NULL,NULL,870,Ata,Rice,Grains & Dals,1,2025-12-03 15:32:48
17841,JAWAR - 1KG,NULL,NULL,870,Ata,Rice,Grains & Dals,1,2025-12-03 15:32:48
18342,JAWAR - 1KG,NULL,NULL,870,Ata,Rice,Grains & Dals,1,2025-12-03 16:03:54
18343,JAWAS 100 G,NULL,NULL,870,Ata,Rice,Grains & Dals,1,2025-12-03 16:03:54
17842,JAWAS 100 G,NULL,NULL,870,Ata,Rice,Grains & Dals,1,2025-12-03 15:32:48
17843,JAYFAL  -2 PC,NULL,NULL,870,Ata,Rice,Grains & Dals,1,2025-12-03 15:32:48
18344,JAYFAL  -2 PC,NULL,NULL,870,Ata,Rice,Grains & Dals,1,2025-12-03 16:03:54
1880,Kadhi Pakoda,NULL,NULL,103,NULL,1,2025-01-09 11:26:16
1843,Lasuni  Palak,NULL,NULL,107,NULL,1,2025-01-09 09:43:32
1867,Paneer Bhurji,NULL,NULL,107,NULL,1,2025-01-09 11:12:06
1911,Paneer Chilli,NULL,NULL,135,NULL,1,2025-01-09 12:19:59
1848,paneer kolapuri,NULL,NULL,107,NULL,1,2025-01-09 10:29:32
1897,Patodyachi Amti,NULL,NULL,103,NULL,1,2025-01-09 11:52:56
1853,Veg Angara,NULL,NULL,107,NULL,1,2025-01-09 10:44:05
1864,Veg Angoori,NULL,NULL,107,NULL,1,2025-01-09 11:05:53
489,Veg Fried Rice,NULL,NULL,15,NULL,1,2024-11-21 10:43:32
1906,Veg Hakka Noodles,NULL,NULL,135,NULL,1,2025-01-09 12:12:49
1858,Veg Hariyali Kofta,NULL,NULL,107,NULL,1,2025-01-09 10:53:09
1831,Veg Hyderabadi,NULL,NULL,107,NULL,1,2025-01-09 08:47:13
1855,Veg Kabab Masala,NULL,NULL,107,NULL,1,2025-01-09 10:49:23
1903,Veg Manchurian,NULL,NULL,135,NULL,1,2025-01-09 12:04:55
1861,veg nagina,NULL,NULL,107,NULL,1,2025-01-09 10:58:02
490,Veg Shezwan Rice,NULL,NULL,15,NULL,1,2024-11-21 10:44:30
492,Veg Soya bean Rice,NULL,NULL,15,NULL,1,2024-11-21 10:45:11
12922,Any Pizza 99,263,Dhinchak Pizza,154,Pizza,0,2025-06-16 10:02:03
5681,Atish-E-Chaap,168,Dolce Bistro and Patissiere,109,Tandoori,1,2025-02-17 08:33:57
5679,Bharwan Truffle Mushroom Tikka,168,Dolce Bistro and Patissiere,109,Tandoori,1,2025-02-17 08:27:11
5671,Cheesy French Fries,168,Dolce Bistro and Patissiere,727,Fries,1,2025-02-17 07:59:31
5654,Chilli Basil Spring Rolls,168,Dolce Bistro and Patissiere,99,Rolls,1,2025-02-17 06:57:34
5668,Crispy Garlic Onion Rings,168,Dolce Bistro and Patissiere,14,Fast Food,1,2025-02-17 07:27:42
5669,Delhi Chaat Fries,168,Dolce Bistro and Patissiere,727,Fries,1,2025-02-17 07:35:46
5700,Desi Delight Soya,168,Dolce Bistro and Patissiere,92,Salad, Raita Papad`s,1,2025-02-18 04:24:40
5673,Dolce Parmesan Smoked Paneer,168,Dolce Bistro and Patissiere,3,abc,1,2025-02-17 08:11:28
5674,Dolce Parmesan Smoked Tofu,168,Dolce Bistro and Patissiere,3,abc,1,2025-02-17 08:13:30
5677,Harissa Butter Garlic Mushroom,168,Dolce Bistro and Patissiere,928,Mushroom Specials,1,2025-02-17 08:19:20
5652,Honey Chilly Potato Wedge,168,Dolce Bistro and Patissiere,846,Chinese,1,2025-02-17 06:53:39
5676,Hummus Platter,168,Dolce Bistro and Patissiere,98,Starters,1,2025-02-17 08:17:13
5667,Jalapenos Cheese Poppers,168,Dolce Bistro and Patissiere,14,Fast Food,1,2025-02-17 07:25:50
5666,Jalapenos Mozzarella Cigars,168,Dolce Bistro and Patissiere,14,Fast Food,1,2025-02-17 07:23:24
5659,Kung Pao Tofu,168,Dolce Bistro and Patissiere,98,Starters,1,2025-02-17 07:09:09
5657,Kung Pao Veggie,168,Dolce Bistro and Patissiere,98,Starters,1,2025-02-17 07:02:34
5675,Paneer in Red Wine Sauce,168,Dolce Bistro and Patissiere,3,abc,1,2025-02-17 08:15:27
5665,Paneer Satay,168,Dolce Bistro and Patissiere,288,Paneer,1,2025-02-17 07:20:09
5656,Paneer Shawarma Pita Pockets,168,Dolce Bistro and Patissiere,288,Paneer,1,2025-02-17 07:01:18
5670,Peri Peri Fries,168,Dolce Bistro and Patissiere,727,Fries,1,2025-02-17 07:57:50
5680,Pickled Chilli Tandoori Aloo,168,Dolce Bistro and Patissiere,109,Tandoori,1,2025-02-17 08:31:54
5682,Reshmi Lehsuni Soya Tikka,168,Dolce Bistro and Patissiere,109,Tandoori,1,2025-02-17 08:35:48
5678,Saffron Cheese Paneer Tikka,168,Dolce Bistro and Patissiere,109,Tandoori,1,2025-02-17 08:24:26
5653,Salt 'N' Pepper Crispy Baby Corn,168,Dolce Bistro and Patissiere,98,Starters,1,2025-02-17 06:56:03
5771,Soya Afhani Biryani,168,Dolce Bistro and Patissiere,147,Biryani,1,2025-02-18 09:40:31
5660,Spring Paneer Chilly,168,Dolce Bistro and Patissiere,98,Starters,1,2025-02-17 07:10:50
5663,Tex Mex Cheesy Nachos,168,Dolce Bistro and Patissiere,14,Fast Food,1,2025-02-17 07:15:03
5672,Truffile and Parmensan Fries,168,Dolce Bistro and Patissiere,727,Fries,1,2025-02-17 08:02:23
5655,Vegetable Spring Rolls,168,Dolce Bistro and Patissiere,99,Rolls,1,2025-02-17 06:59:13
5664,Veggie Crisps,168,Dolce Bistro and Patissiere,109,Tandoori,1,2025-02-17 07:16:43
5661,Wok Orange Chilly,168,Dolce Bistro and Patissiere,98,Starters,1,2025-02-17 07:12:11
5662,Wok Paneer Crispy,168,Dolce Bistro and Patissiere,288,Paneer,1,2025-02-17 07:13:32
19121,Aashirvaad atta 5 kg pouch,340,GP SuperMart,352,Grocery & Kitchen,1,2025-12-25 17:46:07
19160,Bajri 1 kg,340,GP SuperMart,352,Grocery & Kitchen,1,2025-12-25 17:46:07
19123,Bhagar 1 kg,340,GP SuperMart,352,Grocery & Kitchen,1,2025-12-25 17:46:07
19122,Bhagar 500 g,340,GP SuperMart,352,Grocery & Kitchen,1,2025-12-25 17:46:07
19161,Brown rice 30 kg,340,GP SuperMart,352,Grocery & Kitchen,1,2025-12-25 17:46:07
19162,Chole 250 g,340,GP SuperMart,352,Grocery & Kitchen,1,2025-12-25 17:46:07
19124,Chole 500 g,340,GP SuperMart,352,Grocery & Kitchen,1,2025-12-25 17:46:07
19125,Colgate visible white purple toothpaste,340,GP SuperMart,352,Grocery & Kitchen,1,2025-12-25 17:46:07
19126,Daliya 250 g,340,GP SuperMart,352,Grocery & Kitchen,1,2025-12-25 17:46:07
19127,Daliya 500 g,340,GP SuperMart,352,Grocery & Kitchen,1,2025-12-25 17:46:07
18369,DANT KANTI NATURAL 100G,340,GP SuperMart,870,Ata,Rice,Grains & Dals,0,2025-12-03 16:06:31
18370,DANT KANTI NATURAL TP 300G+BRUSH RS 70,340,GP SuperMart,870,Ata,Rice,Grains & Dals,0,2025-12-03 16:06:31
18371,DARK CHOCOLATE TUB 1000ML,340,GP SuperMart,870,Ata,Rice,Grains & Dals,0,2025-12-03 16:06:31
18372,DARK FANTASY BOUR BONJUMBO PACK,340,GP SuperMart,870,Ata,Rice,Grains & Dals,0,2025-12-03 16:06:31
18373,DARK FANTASY BOURBON 90G,340,GP SuperMart,870,Ata,Rice,Grains & Dals,0,2025-12-03 16:06:31
18374,DARK FANTASY CHOCO FILLS,340,GP SuperMart,870,Ata,Rice,Grains & Dals,0,2025-12-03 16:06:31
18375,DARKFANTASY CHOCOFILLS,340,GP SuperMart,870,Ata,Rice,Grains & Dals,0,2025-12-03 16:06:31
18376,DAS PLUS FOOD MOHARI 50G,340,GP SuperMart,870,Ata,Rice,Grains & Dals,0,2025-12-03 16:06:31
18377,DBR HONEY 250 g BTL,340,GP SuperMart,870,Ata,Rice,Grains & Dals,0,2025-12-03 16:06:31
18378,DBR RD TPS 200 100 g,340,GP SuperMart,870,Ata,Rice,Grains & Dals,0,2025-12-03 16:06:31
18379,DDOVE CON DAILY SHINE BIOPRO CARE,340,GP SuperMart,870,Ata,Rice,Grains & Dals,0,2025-12-03 16:06:31
18380,DEL MONTE ENE 1 KG PP,340,GP SuperMart,870,Ata,Rice,Grains & Dals,0,2025-12-03 16:06:31
18381,DENVAR DEO EMPEROR,340,GP SuperMart,870,Ata,Rice,Grains & Dals,0,2025-12-03 16:06:31
18382,DENVAR DEO MASTRO RS 275,340,GP SuperMart,870,Ata,Rice,Grains & Dals,0,2025-12-03 16:06:31
18383,DENVER DEO KING RS 275,340,GP SuperMart,870,Ata,Rice,Grains & Dals,0,2025-12-03 16:06:31
18384,DESEEDED DATES 500G(R),340,GP SuperMart,870,Ata,Rice,Grains & Dals,0,2025-12-03 16:06:31
18385,DESERTKING (REFIL) 250GM,340,GP SuperMart,870,Ata,Rice,Grains & Dals,0,2025-12-03 16:06:31
18386,DESERTKING 250G(C),340,GP SuperMart,870,Ata,Rice,Grains & Dals,0,2025-12-03 16:06:31
18387,DESERTKING 500G(C),340,GP SuperMart,870,Ata,Rice,Grains & Dals,0,2025-12-03 16:06:31
18388,DESERTKING500 REFIL,340,GP SuperMart,870,Ata,Rice,Grains & Dals,0,2025-12-03 16:06:31
18389,Detol Original Soap 100g,340,GP SuperMart,870,Ata,Rice,Grains & Dals,0,2025-12-03 16:06:31
18390,Detol Original Soap 150g,340,GP SuperMart,870,Ata,Rice,Grains & Dals,0,2025-12-03 16:06:31
18391,Dettol Aniti septic Liquid250ml,340,GP SuperMart,870,Ata,Rice,Grains & Dals,0,2025-12-03 16:06:31
18392,DETTOL ASL PET 750ML,340,GP SuperMart,870,Ata,Rice,Grains & Dals,0,2025-12-03 16:06:31
18393,DETTOL HANDWASH,340,GP SuperMart,870,Ata,Rice,Grains & Dals,0,2025-12-03 16:06:31
19085,Dettol handwash 100 ml,340,GP SuperMart,299,Beauty & Personal Care,1,2025-12-25 17:46:07
18394,DETTOL ICY150gX5 WRP,340,GP SuperMart,870,Ata,Rice,Grains & Dals,0,2025-12-03 16:06:31
18395,Dettol org pack of 4 100g,340,GP SuperMart,870,Ata,Rice,Grains & Dals,0,2025-12-03 16:06:31
18396,DETTOL ORGP 150g WRP,340,GP SuperMart,870,Ata,Rice,Grains & Dals,0,2025-12-03 16:06:31
18397,DETTOL ORI 200ML PET,340,GP SuperMart,870,Ata,Rice,Grains & Dals,0,2025-12-03 16:06:31
18398,DETTOL ORI75mlx3 PCH,340,GP SuperMart,870,Ata,Rice,Grains & Dals,0,2025-12-03 16:06:31
18399,DETTOL ORIGINAL POUCH 675ML,340,GP SuperMart,870,Ata,Rice,Grains & Dals,0,2025-12-03 16:06:31
18400,Dettol Pack of 5 150g,340,GP SuperMart,870,Ata,Rice,Grains & Dals,0,2025-12-03 16:06:31
18401,DETTOL SENSITIVE 675ML POUCH,340,GP SuperMart,870,Ata,Rice,Grains & Dals,0,2025-12-03 16:06:31
18402,DETTOL SKINCARE,340,GP SuperMart,870,Ata,Rice,Grains & Dals,0,2025-12-03 16:06:31
18403,DETTOL SKN 675ML PCH,340,GP SuperMart,870,Ata,Rice,Grains & Dals,0,2025-12-03 16:06:31
18404,DETTOL SP SC 100GX4,340,GP SuperMart,870,Ata,Rice,Grains & Dals,0,2025-12-03 16:06:31
18405,DEV POOJA OIL 450ML,340,GP SuperMart,870,Ata,Rice,Grains & Dals,0,2025-12-03 16:06:31
18406,DEV POOJA OIL 900ML,340,GP SuperMart,870,Ata,Rice,Grains & Dals,0,2025-12-03 16:06:31
18407,DHANA JEERA POWDER,340,GP SuperMart,870,Ata,Rice,Grains & Dals,0,2025-12-03 16:06:31
18408,DHANIYA 100G,340,GP SuperMart,870,Ata,Rice,Grains & Dals,1,2025-12-03 16:06:31
18409,DHR GNUT OIL 5 L CAN,340,GP SuperMart,870,Ata,Rice,Grains & Dals,1,2025-12-03 16:06:31
18410,DHR GRNUT OIL 1 L P,340,GP SuperMart,870,Ata,Rice,Grains & Dals,1,2025-12-03 16:06:31
18411,Dhron,340,GP SuperMart,870,Ata,Rice,Grains & Dals,1,2025-12-03 16:06:31
18412,DIAMON BUCKET MOP PLASTIC  JALI,340,GP SuperMart,870,Ata,Rice,Grains & Dals,1,2025-12-03 16:06:31
18413,DIET COCKE CAN 300ML,340,GP SuperMart,870,Ata,Rice,Grains & Dals,1,2025-12-03 16:06:31
18414,DILL LEAVES/SHEPU,340,GP SuperMart,870,Ata,Rice,Grains & Dals,1,2025-12-03 16:06:31
18415,Dimand  Bhajka Poha -1Kg,340,GP SuperMart,870,Ata,Rice,Grains & Dals,1,2025-12-03 16:06:31
18416,Dimand Bhadang -500G,340,GP SuperMart,870,Ata,Rice,Grains & Dals,1,2025-12-03 16:06:31
18417,Dimand Murmura -500G,340,GP SuperMart,870,Ata,Rice,Grains & Dals,1,2025-12-03 16:06:31
18418,DINK LADOO MIX,340,GP SuperMart,870,Ata,Rice,Grains & Dals,1,2025-12-03 16:06:31
18419,DINKA,340,GP SuperMart,870,Ata,Rice,Grains & Dals,1,2025-12-03 16:06:31
18420,DINKA 250G,340,GP SuperMart,870,Ata,Rice,Grains & Dals,1,2025-12-03 16:06:31
18421,DINKA LADDO,340,GP SuperMart,870,Ata,Rice,Grains & Dals,1,2025-12-03 16:06:31
18422,DISPOBLES SPOON 30N,340,GP SuperMart,870,Ata,Rice,Grains & Dals,1,2025-12-03 16:06:31
18423,DIVYA GULAB JAL 120ML,340,GP SuperMart,870,Ata,Rice,Grains & Dals,1,2025-12-03 16:06:31
18424,DLM PSCHIRG SPR  450 G,340,GP SuperMart,870,Ata,Rice,Grains & Dals,1,2025-12-03 16:06:31
18425,DM DOM PSTA ELB 1 KG,340,GP SuperMart,870,Ata,Rice,Grains & Dals,1,2025-12-03 16:06:31
18426,DML PSCHIRG 500G PP,340,GP SuperMart,870,Ata,Rice,Grains & Dals,1,2025-12-03 16:06:31
18427,DNV PANJABAD 180g PPD,340,GP SuperMart,870,Ata,Rice,Grains & Dals,1,2025-12-03 16:06:31
18428,DNV SPICIAAPAD 450G,340,GP SuperMart,870,Ata,Rice,Grains & Dals,1,2025-12-03 16:06:31
18429,DODAKE 250G,340,GP SuperMart,870,Ata,Rice,Grains & Dals,1,2025-12-03 16:06:31
18430,Domex Fresh Guard Lime Fresh Disinfectant Toilet Expert 1L,340,GP SuperMart,870,Ata,Rice,Grains & Dals,1,2025-12-03 16:06:31
18431,Domex Original 500 ml,340,GP SuperMart,870,Ata,Rice,Grains & Dals,1,2025-12-03 16:06:31
19194,Dry coconut 2500 g,340,GP SuperMart,352,Grocery & Kitchen,1,2025-12-25 17:46:07
19128,Dry coconut 500 g,340,GP SuperMart,352,Grocery & Kitchen,1,2025-12-25 17:46:07
19195,Everest kasturi methi 25 g,340,GP SuperMart,352,Grocery & Kitchen,1,2025-12-25 17:46:07
19130,Figaro extra light olive oil 1 l pet,340,GP SuperMart,352,Grocery & Kitchen,1,2025-12-25 17:46:07
19131,Figaro extra virgin olive oil 2 l pet,340,GP SuperMart,352,Grocery & Kitchen,1,2025-12-25 17:46:07
19129,Figaro olive oil 1 l tin,340,GP SuperMart,352,Grocery & Kitchen,1,2025-12-25 17:46:07
19072,Fogg fat foamy shaving foam sensitive 418 g,340,GP SuperMart,299,Beauty & Personal Care,1,2025-12-25 17:46:07
19132,Fortune sugar 1 kg,340,GP SuperMart,352,Grocery & Kitchen,1,2025-12-25 17:46:07
19073,Garnier light advanced fairness cream 25 g,340,GP SuperMart,299,Beauty & Personal Care,1,2025-12-25 17:46:07
19074,Garnier men oil clear face wash 50 g,340,GP SuperMart,299,Beauty & Personal Care,1,2025-12-25 17:46:07
19080,Garnier men turbo wash 50 g tube,340,GP SuperMart,299,Beauty & Personal Care,1,2025-12-25 17:46:07
19163,Gavran chana with skin,340,GP SuperMart,352,Grocery & Kitchen,1,2025-12-25 17:46:07
19164,Gavran matki 1 kg,340,GP SuperMart,352,Grocery & Kitchen,1,2025-12-25 17:46:07
19077,Gillette lime shaving cream 70 g,340,GP SuperMart,299,Beauty & Personal Care,1,2025-12-25 17:46:07
19081,Gillette presto 5 razor,340,GP SuperMart,299,Beauty & Personal Care,1,2025-12-25 17:46:07
19078,Gillette simple razor pack 7 plus 1,340,GP SuperMart,299,Beauty & Personal Care,1,2025-12-25 17:46:07
19079,Gits moong dal instant mix 200 g,340,GP SuperMart,299,Beauty & Personal Care,1,2025-12-25 17:46:07
18685,Guard Cream Small 25 gm,340,GP SuperMart,870,Ata,Rice,Grains & Dals,0,2025-12-03 16:06:31
18686,Guard R+12 Promo pack,340,GP SuperMart,870,Ata,Rice,Grains & Dals,1,2025-12-03 16:06:31
19075,Gubb luxe round sponge,340,GP SuperMart,299,Beauty & Personal Care,1,2025-12-25 17:46:07
19076,Gubb neem wood wide teeth comb,340,GP SuperMart,299,Beauty & Personal Care,1,2025-12-25 17:46:07
19196,Hari elaichi,340,GP SuperMart,352,Grocery & Kitchen,1,2025-12-25 17:46:07
19086,Herbal wash detergent powder 1 kg,340,GP SuperMart,299,Beauty & Personal Care,1,2025-12-25 17:46:07
19083,Himalaya anti dandruff tea tree shampoo 180 ml,340,GP SuperMart,299,Beauty & Personal Care,1,2025-12-25 17:46:07
19084,Himalaya anti hair fall bhringraj shampoo 180 ml,340,GP SuperMart,299,Beauty & Personal Care,1,2025-12-25 17:46:07
19088,Himalaya cherry nourishing lotion 200 ml,340,GP SuperMart,299,Beauty & Personal Care,1,2025-12-25 17:46:07
19087,Himalayan baby powder 100 g,340,GP SuperMart,299,Beauty & Personal Care,1,2025-12-25 17:46:07
19089,Intense moisture lotion 100 ml,340,GP SuperMart,299,Beauty & Personal Care,1,2025-12-25 17:46:07
19165,Jawar 1 kg,340,GP SuperMart,352,Grocery & Kitchen,1,2025-12-25 17:46:07
19166,Kabuli chole bold 30 kg,340,GP SuperMart,352,Grocery & Kitchen,1,2025-12-25 17:46:07
19091,Lemon body cleanser 125 g buy 3 get 1 free,340,GP SuperMart,299,Beauty & Personal Care,1,2025-12-25 17:46:07
19090,Lifebuoy lemon aloe fresh soap 100 g buy 4 get 1,340,GP SuperMart,299,Beauty & Personal Care,1,2025-12-25 17:46:07
19092,Liril lime soap 100 g x4,340,GP SuperMart,299,Beauty & Personal Care,1,2025-12-25 17:46:07
19093,Liril lime soap 125 g buy 3 get 1,340,GP SuperMart,299,Beauty & Personal Care,1,2025-12-25 17:46:07
19094,Liril lime soap 75 g,340,GP SuperMart,299,Beauty & Personal Care,1,2025-12-25 17:46:07
19133,Masur dal 250 g,340,GP SuperMart,352,Grocery & Kitchen,1,2025-12-25 17:46:07
19167,Moong 1 kg,340,GP SuperMart,352,Grocery & Kitchen,1,2025-12-25 17:46:07
19134,Moong 500 g,340,GP SuperMart,352,Grocery & Kitchen,1,2025-12-25 17:46:07
19137,Moong dal 1 kg,340,GP SuperMart,352,Grocery & Kitchen,1,2025-12-25 17:46:07
19135,Moong dal with chilka 1 kg,340,GP SuperMart,352,Grocery & Kitchen,1,2025-12-25 17:46:07
19136,Moong dal with chilka 500 g,340,GP SuperMart,352,Grocery & Kitchen,1,2025-12-25 17:46:07
19168,Moth dal,340,GP SuperMart,352,Grocery & Kitchen,1,2025-12-25 17:46:07
19098,Moti chandan soap 150 g,340,GP SuperMart,299,Beauty & Personal Care,1,2025-12-25 17:46:07
19099,Moti chandan soap 75 g,340,GP SuperMart,299,Beauty & Personal Care,1,2025-12-25 17:46:07
19100,Moti gulab soap 150 g,340,GP SuperMart,299,Beauty & Personal Care,1,2025-12-25 17:46:07
19101,Moti gulab soap 75 g,340,GP SuperMart,299,Beauty & Personal Care,1,2025-12-25 17:46:07
19138,Nagali kisan ragi 1 kg,340,GP SuperMart,352,Grocery & Kitchen,1,2025-12-25 17:46:07
19139,Nagali kisan ragi 2 kg,340,GP SuperMart,352,Grocery & Kitchen,1,2025-12-25 17:46:07
19104,Oral b 3 in 1 gum care card pack,340,GP SuperMart,299,Beauty & Personal Care,1,2025-12-25 17:46:07
19105,Oral b 3 in 1 gum care card pack variant,340,GP SuperMart,299,Beauty & Personal Care,1,2025-12-25 17:46:07
19106,Oral b cavity defense neem soft pack,340,GP SuperMart,299,Beauty & Personal Care,1,2025-12-25 17:46:07
19109,Pantene 2 in 1 daily repair shampoo 200 ml,340,GP SuperMart,299,Beauty & Personal Care,1,2025-12-25 17:46:07
19110,Pantene 2 in 1 daily repair shampoo 340 ml,340,GP SuperMart,299,Beauty & Personal Care,1,2025-12-25 17:46:07
19111,Pantene conditioner biotin 3 minute miracle 200 ml,340,GP SuperMart,299,Beauty & Personal Care,1,2025-12-25 17:46:07
19112,Pantene conditioner collagen 3 minute miracle 200 ml,340,GP SuperMart,299,Beauty & Personal Care,1,2025-12-25 17:46:07
19113,Pantene conditioner hair fall control 200 ml,340,GP SuperMart,299,Beauty & Personal Care,1,2025-12-25 17:46:07
19114,Pantene silky smooth shampoo 90 ml,340,GP SuperMart,299,Beauty & Personal Care,1,2025-12-25 17:46:07
19115,Patanjali dant kanti advanced toothpaste 100 g,340,GP SuperMart,299,Beauty & Personal Care,1,2025-12-25 17:46:07
19116,Patanjali haldi chandan kanti body cleanser 150 g,340,GP SuperMart,299,Beauty & Personal Care,1,2025-12-25 17:46:07
19108,Patanjali jiggle wiggle,340,GP SuperMart,299,Beauty & Personal Care,1,2025-12-25 17:46:07
19103,Patanjali neem kanti body cleanser 150 g monthly pack,340,GP SuperMart,299,Beauty & Personal Care,1,2025-12-25 17:46:07
19102,Patanjali neem kanti body cleanser 75 g buy 4 get 1,340,GP SuperMart,299,Beauty & Personal Care,1,2025-12-25 17:46:07
19140,Ragi dhokla mix 200 g,340,GP SuperMart,352,Grocery & Kitchen,1,2025-12-25 17:46:07
19141,Rajma 1 kg,340,GP SuperMart,352,Grocery & Kitchen,1,2025-12-25 17:46:07
19142,Rajma 500 g,340,GP SuperMart,352,Grocery & Kitchen,1,2025-12-25 17:46:07
19117,Rexona coconut and olive oil soap 4 x 100 g,340,GP SuperMart,299,Beauty & Personal Care,1,2025-12-25 17:46:07
19169,Rice basmati puanja,340,GP SuperMart,352,Grocery & Kitchen,1,2025-12-25 17:46:07
19171,Rice indrayani 2 kg,340,GP SuperMart,352,Grocery & Kitchen,1,2025-12-25 17:46:07
19172,Rice indrayani 5 kg,340,GP SuperMart,352,Grocery & Kitchen,1,2025-12-25 17:46:07
19173,Rice jeera 1008 1 kg,340,GP SuperMart,352,Grocery & Kitchen,1,2025-12-25 17:46:07
19174,Rice jeera 1008 2 kg,340,GP SuperMart,352,Grocery & Kitchen,1,2025-12-25 17:46:07
19175,Rice jeera 1008 5 kg,340,GP SuperMart,352,Grocery & Kitchen,1,2025-12-25 17:46:07
19176,Rice kalimooch 1 kg,340,GP SuperMart,352,Grocery & Kitchen,1,2025-12-25 17:46:07
19177,Rice kalimooch 2 kg,340,GP SuperMart,352,Grocery & Kitchen,1,2025-12-25 17:46:07
19178,Rice kalimooch 5 kg,340,GP SuperMart,352,Grocery & Kitchen,1,2025-12-25 17:46:07
19170,Rice kolam 1 kg,340,GP SuperMart,352,Grocery & Kitchen,1,2025-12-25 17:46:07
19179,Rice masoori 1 kg,340,GP SuperMart,352,Grocery & Kitchen,1,2025-12-25 17:46:07
19180,Rice masoori 2 kg,340,GP SuperMart,352,Grocery & Kitchen,1,2025-12-25 17:46:07
19181,Rice masoori 5 kg,340,GP SuperMart,352,Grocery & Kitchen,1,2025-12-25 17:46:07
19118,Roghan badam shirin 60 ml,340,GP SuperMart,299,Beauty & Personal Care,1,2025-12-25 17:46:07
19182,Sabudana 1 kg,340,GP SuperMart,352,Grocery & Kitchen,1,2025-12-25 17:46:07
19143,Sabudana 500 g,340,GP SuperMart,352,Grocery & Kitchen,1,2025-12-25 17:46:07
19147,Sensodyne toothbrush assorted 1 pc,340,GP SuperMart,352,Grocery & Kitchen,1,2025-12-25 17:46:07
19144,Shengdane 1 kg,340,GP SuperMart,352,Grocery & Kitchen,1,2025-12-25 17:46:07
19145,Shengdane 2 kg,340,GP SuperMart,352,Grocery & Kitchen,1,2025-12-25 17:46:07
19146,Shengdane 500 g,340,GP SuperMart,352,Grocery & Kitchen,1,2025-12-25 17:46:07
19197,Shingada flour loose 200 g,340,GP SuperMart,888,Dry Masala & Spices,1,2025-12-25 17:46:07
19183,Soyabean wadi 500 g,340,GP SuperMart,352,Grocery & Kitchen,1,2025-12-25 17:46:07
19150,Sugar 1 kg,340,GP SuperMart,352,Grocery & Kitchen,1,2025-12-25 17:46:07
19151,Sugar 2 kg,340,GP SuperMart,352,Grocery & Kitchen,1,2025-12-25 17:46:07
19148,Sugar pithi 1 kg,340,GP SuperMart,352,Grocery & Kitchen,1,2025-12-25 17:46:07
19149,Sugar pithi 500 g,340,GP SuperMart,352,Grocery & Kitchen,1,2025-12-25 17:46:07
19198,Suntha 25 g,340,GP SuperMart,888,Dry Masala & Spices,1,2025-12-25 17:46:07
19184,Super star indrayani rice 30 kg,340,GP SuperMart,352,Grocery & Kitchen,1,2025-12-25 17:46:07
19119,Supermax stainless steel blade 10 pack,340,GP SuperMart,299,Beauty & Personal Care,1,2025-12-25 17:46:07
19199,Supreme jeera 100 g,340,GP SuperMart,888,Dry Masala & Spices,1,2025-12-25 17:46:07
19185,Tur dal kokna 1 kg,340,GP SuperMart,352,Grocery & Kitchen,1,2025-12-25 17:46:07
19152,Tur dal kokna 500 g,340,GP SuperMart,352,Grocery & Kitchen,1,2025-12-25 17:46:07
19153,Tur dal phatka 1 kg,340,GP SuperMart,352,Grocery & Kitchen,1,2025-12-25 17:46:07
19154,Tur dal phatka 500 g,340,GP SuperMart,352,Grocery & Kitchen,1,2025-12-25 17:46:07
19186,Udad dal 1 kg,340,GP SuperMart,352,Grocery & Kitchen,1,2025-12-25 17:46:07
19155,Udad dal 2 kg,340,GP SuperMart,352,Grocery & Kitchen,1,2025-12-25 17:46:07
19187,Udad dal 500 g,340,GP SuperMart,352,Grocery & Kitchen,1,2025-12-25 17:46:07
19156,Urad dal with chilka,340,GP SuperMart,352,Grocery & Kitchen,1,2025-12-25 17:46:07
19120,Vicco vajradanti ayurvedic paste 100 g,340,GP SuperMart,299,Beauty & Personal Care,1,2025-12-25 17:46:07
19188,Wheat ajit 108 1 kg,340,GP SuperMart,352,Grocery & Kitchen,1,2025-12-25 17:46:07
19189,Wheat malawa gold 1 kg,340,GP SuperMart,352,Grocery & Kitchen,1,2025-12-25 17:46:07
19190,Wheat shankh,340,GP SuperMart,352,Grocery & Kitchen,1,2025-12-25 17:46:07
19191,Wheat sharbati 1 kg,340,GP SuperMart,352,Grocery & Kitchen,1,2025-12-25 17:46:07
19192,Wheat sharbati 30 kg,340,GP SuperMart,352,Grocery & Kitchen,1,2025-12-25 17:46:07
19193,Wheat shivar 1 kg,340,GP SuperMart,352,Grocery & Kitchen,1,2025-12-25 17:46:07
19157,White udad dal 1 kg,340,GP SuperMart,352,Grocery & Kitchen,1,2025-12-25 17:46:07
19158,White udad dal 500 g,340,GP SuperMart,352,Grocery & Kitchen,1,2025-12-25 17:46:07
19159,Yardley lavender deodorant 250 g tin,340,GP SuperMart,352,Grocery & Kitchen,1,2025-12-25 17:46:07
16748,Black Forest Cake (½ kg),324,Green Bakes & Restaurant, Pathardi Phata, Nashik,783,Cake,1,2025-11-16 05:07:23
16742,Black Forest Pastry,324,Green Bakes & Restaurant, Pathardi Phata, Nashik,799,Pastry,1,2025-11-16 04:30:18
16382,Brownie with Ice Cream,324,Green Bakes & Restaurant, Pathardi Phata, Nashik,918,Brownie,1,2025-11-11 05:55:37
16762,Butter Tandoori Roti,324,Green Bakes & Restaurant, Pathardi Phata, Nashik,942,Roti,1,2025-11-16 10:35:08
16752,Butterscotch Cake (½ kg),324,Green Bakes & Restaurant, Pathardi Phata, Nashik,175,Cake,1,2025-11-16 06:27:42
16744,Butterscotch Pastry,324,Green Bakes & Restaurant, Pathardi Phata, Nashik,799,Pastry,1,2025-11-16 04:45:04
16760,Cheese French Fries,324,Green Bakes & Restaurant, Pathardi Phata, Nashik,727,Fries,1,2025-11-16 08:22:14
16754,Chocolate Truffle Cake (½ kg),324,Green Bakes & Restaurant, Pathardi Phata, Nashik,175,Cake,1,2025-11-16 06:33:09
16746,Chocolate Truffle Pastry,324,Green Bakes & Restaurant, Pathardi Phata, Nashik,799,Pastry,1,2025-11-16 04:49:29
16363,Cold Coffee Frappe,324,Green Bakes & Restaurant, Pathardi Phata, Nashik,913,Cold Coffee,1,2025-11-11 04:31:56
16376,Creamy Alfredo Pasta with Herbs,324,Green Bakes & Restaurant, Pathardi Phata, Nashik,160,Pasta,1,2025-11-11 05:25:21
16250,Crispy Fries & Mojito Combo,324,Green Bakes & Restaurant, Pathardi Phata, Nashik,156,Combos,1,2025-11-10 03:19:49
16882,Dessert Indulgence Box,324,Green Bakes & Restaurant, Pathardi Phata, Nashik,156,Combos,1,2025-11-18 03:07:18
16348,Extra Cheese Burst Pizza,324,Green Bakes & Restaurant, Pathardi Phata, Nashik,154,Pizza,1,2025-11-11 03:07:47
16350,Fresh Farm Pizza,324,Green Bakes & Restaurant, Pathardi Phata, Nashik,154,Pizza,1,2025-11-11 03:14:14
16756,Fresh Fruit Cake (½ kg),324,Green Bakes & Restaurant, Pathardi Phata, Nashik,175,Cake,1,2025-11-16 07:28:58
16880,Indo-Chinese Feast,324,Green Bakes & Restaurant, Pathardi Phata, Nashik,156,Combos,1,2025-11-18 03:02:59
16251,Italian Pasta & Cold Coffee Meal,324,Green Bakes & Restaurant, Pathardi Phata, Nashik,156,Combos,1,2025-11-10 03:22:23
16262,Mega Friends Combo (4 Pax),324,Green Bakes & Restaurant, Pathardi Phata, Nashik,156,Combos,1,2025-11-10 03:55:21
16740,Molten Choco Lava Cake,324,Green Bakes & Restaurant, Pathardi Phata, Nashik,783,Cake,1,2025-11-16 04:24:59
16368,Paneer Chilli,324,Green Bakes & Restaurant, Pathardi Phata, Nashik,98,Starters,1,2025-11-11 05:08:07
16243,Paneer Mutter Masala Combo,324,Green Bakes & Restaurant, Pathardi Phata, Nashik,156,Combos,1,2025-11-10 02:52:58
16346,Pani Puri Combo (Jumbo),324,Green Bakes & Restaurant, Pathardi Phata, Nashik,120,Chaat,1,2025-11-11 03:03:26
16347,Pani Puri Combo (Small),324,Green Bakes & Restaurant, Pathardi Phata, Nashik,120,Chaat,1,2025-11-11 03:05:01
16750,Pineapple Cake (½ kg),324,Green Bakes & Restaurant, Pathardi Phata, Nashik,783,Cake,1,2025-11-16 05:26:15
16766,Popsicle,324,Green Bakes & Restaurant, Pathardi Phata, Nashik,101,Bakery & Desserts,1,2025-11-16 11:17:25
16355,Ragda Pattice,324,Green Bakes & Restaurant, Pathardi Phata, Nashik,120,Chaat,1,2025-11-11 03:55:21
16258,Sandwich + Cappuccino Combo,324,Green Bakes & Restaurant, Pathardi Phata, Nashik,156,Combos,1,2025-11-10 03:38:49
16244,Shev Bhaji Combo,324,Green Bakes & Restaurant, Pathardi Phata, Nashik,156,Combos,1,2025-11-10 02:56:03
16878,Snack Attack Combo,324,Green Bakes & Restaurant, Pathardi Phata, Nashik,156,Combos,1,2025-11-18 02:55:12
16876,Street Treat Box,324,Green Bakes & Restaurant, Pathardi Phata, Nashik,156,Combos,1,2025-11-18 02:51:19
16361,Tandoori Cheese Sandwich,324,Green Bakes & Restaurant, Pathardi Phata, Nashik,161,Sandwich,1,2025-11-11 04:20:04
16758,Watermelon Juice,324,Green Bakes & Restaurant, Pathardi Phata, Nashik,157,Juices,1,2025-11-16 07:42:43
16764,Authentic Rajasthani Dal Baati Churma Thali,319,Green Bakes Tidke Colony,815,Thali,1,2025-11-16 11:11:17
16747,Black Forest Cake (½ kg),319,Green Bakes Tidke Colony,783,Cake,1,2025-11-16 04:55:05
16741,Black Forest Pastry,319,Green Bakes Tidke Colony,799,Pastry,1,2025-11-16 04:29:19
16380,Brownie with Ice Cream,319,Green Bakes Tidke Colony,918,Brownie,1,2025-11-11 05:53:25
16761,Butter Tandoori Roti,319,Green Bakes Tidke Colony,942,Roti,1,2025-11-16 10:27:28
16751,Butterscotch Cake (½ kg),319,Green Bakes Tidke Colony,175,Cake,1,2025-11-16 05:29:45
16743,Butterscotch Pastry,319,Green Bakes Tidke Colony,799,Pastry,1,2025-11-16 04:42:03
16753,Chocolate Truffle Cake (½ kg),319,Green Bakes Tidke Colony,175,Cake,1,2025-11-16 06:30:37
16745,Chocolate Truffle Pastry,319,Green Bakes Tidke Colony,799,Pastry,1,2025-11-16 04:48:07
16362,Cold Coffee Frappe,319,Green Bakes Tidke Colony,913,Cold Coffee,1,2025-11-11 04:28:20
16374,Creamy Alfredo Pasta with Herbs,319,Green Bakes Tidke Colony,160,Pasta,1,2025-11-11 05:23:17
16249,Crispy Fries & Mojito Combo,319,Green Bakes Tidke Colony,156,Combos,1,2025-11-10 03:18:10
16881,Dessert Indulgence Box,319,Green Bakes Tidke Colony,156,Combos,1,2025-11-18 03:04:50
16351,Extra Cheese Burst Pizza,319,Green Bakes Tidke Colony,154,Pizza,1,2025-11-11 03:16:59
16349,Fresh Farm Pizza,319,Green Bakes Tidke Colony,154,Pizza,1,2025-11-11 03:12:41
16755,Fresh Fruit Cake (½ kg),319,Green Bakes Tidke Colony,175,Cake,1,2025-11-16 06:36:22
16879,Indo-Chinese Feast,319,Green Bakes Tidke Colony,156,Combos,1,2025-11-18 03:01:02
16252,Italian Pasta & Cold Coffee Meal,319,Green Bakes Tidke Colony,156,Combos,1,2025-11-10 03:23:29
16261,Mega Friends Combo (4 Pax),319,Green Bakes Tidke Colony,156,Combos,1,2025-11-10 03:49:19
16739,Molten Choco Lava Cake,319,Green Bakes Tidke Colony,783,Cake,1,2025-11-16 04:21:54
16365,Paneer Chilli,319,Green Bakes Tidke Colony,846,Chinese,1,2025-11-11 04:57:56
16242,Paneer Mutter Masala Combo,319,Green Bakes Tidke Colony,156,Combos,1,2025-11-10 02:51:57
16345,Pani Puri Combo (Jumbo),319,Green Bakes Tidke Colony,120,Chaat,1,2025-11-11 03:01:44
16344,Pani Puri Combo (Small),319,Green Bakes Tidke Colony,120,Chaat,1,2025-11-11 02:59:32
16749,Pineapple Cake (½ kg),319,Green Bakes Tidke Colony,175,Cake,1,2025-11-16 05:10:03
16765,Popsicle,319,Green Bakes Tidke Colony,101,Bakery & Desserts,1,2025-11-16 11:16:09
16354,Ragda Pattice,319,Green Bakes Tidke Colony,120,Chaat,1,2025-11-11 03:53:41
16257,Sandwich + Cappuccino Combo,319,Green Bakes Tidke Colony,156,Combos,1,2025-11-10 03:37:37
16245,Shev Bhaji Combo,319,Green Bakes Tidke Colony,156,Combos,1,2025-11-10 02:57:58
16877,Snack Attack Combo,319,Green Bakes Tidke Colony,156,Combos,1,2025-11-18 02:53:40
16875,Street Treat Box,319,Green Bakes Tidke Colony,156,Combos,1,2025-11-18 02:50:14
16360,Tandoori Cheese Sandwich,319,Green Bakes Tidke Colony,161,Sandwich,1,2025-11-11 04:16:07
16757,Watermelon Juice,319,Green Bakes Tidke Colony,157,Juices,1,2025-11-16 07:36:54
17202,Black Pepper Cheese Dosa,186,Greenfield's Krishna,729,Dosa,1,2025-11-22 02:46:00
17121,Butter Idli,186,Greenfield's Krishna,731,Idli,1,2025-11-21 05:54:07
17217,Butter Tomato Omelette,186,Greenfield's Krishna,951,Omelette,1,2025-11-22 04:50:44
17236,Butter Uttapam,186,Greenfield's Krishna,847,Uttapam,1,2025-11-23 05:21:52
17213,Capsicum & Cheese Uttapam,186,Greenfield's Krishna,847,Uttapam,1,2025-11-22 03:38:48
17240,Cheese Masala Uttapam,186,Greenfield's Krishna,847,Uttapam,1,2025-11-23 06:49:51
17138,Cheese Sada Dosa,186,Greenfield's Krishna,729,Dosa,1,2025-11-21 06:53:13
17133,Cheese Spring Dosa,186,Greenfield's Krishna,729,Dosa,1,2025-11-21 06:23:35
17218,Cheese Tomato Omelette,186,Greenfield's Krishna,951,Omelette,1,2025-11-22 04:59:14
17239,Cheese Uttapam,186,Greenfield's Krishna,847,Uttapam,1,2025-11-23 05:52:11
17214,Coconut Uttapam,186,Greenfield's Krishna,729,Dosa,1,2025-11-22 03:40:56
17220,Corn Schezwan Uttapam,186,Greenfield's Krishna,847,Uttapam,1,2025-11-23 03:45:54
17223,Extra Bhaji,186,Greenfield's Krishna,176,Pav Bhaji,1,2025-11-23 04:12:14
17226,Fried Papad,186,Greenfield's Krishna,92,Salad, Raita Papad`s,1,2025-11-23 04:20:04
17137,Hyderabadi Dosa,186,Greenfield's Krishna,729,Dosa,1,2025-11-21 06:46:30
17089,Jain Cheese Tava Pulao,186,Greenfield's Krishna,146,Rice and Pulao,1,2025-11-21 03:40:17
17090,Jain Masala Papad,186,Greenfield's Krishna,92,Salad, Raita Papad`s,1,2025-11-21 03:54:14
17111,Jain Spicy Cheese Tava Pulav,186,Greenfield's Krishna,146,Rice and Pulao,1,2025-11-21 05:39:44
17124,Masala Idli,186,Greenfield's Krishna,731,Idli,1,2025-11-21 05:55:51
17227,Masala Papad Nagali,186,Greenfield's Krishna,92,Salad, Raita Papad`s,1,2025-11-23 04:22:26
17204,Mysore Cheese Sada Dosa,186,Greenfield's Krishna,729,Dosa,1,2025-11-22 02:56:37
17212,Mysore Uttapam,186,Greenfield's Krishna,847,Uttapam,1,2025-11-22 03:36:05
17228,Nagali Fry,186,Greenfield's Krishna,92,Salad, Raita Papad`s,1,2025-11-23 04:26:20
17229,Nagali Roasted,186,Greenfield's Krishna,92,Salad, Raita Papad`s,1,2025-11-23 04:29:33
17245,Onion + Cheese Uttapam,186,Greenfield's Krishna,847,Uttapam,1,2025-11-23 07:22:03
17244,Onion + Tomato Uttapam,186,Greenfield's Krishna,847,Uttapam,1,2025-11-23 07:09:46
17211,Onion Cheese Rawa Masala Dosa,186,Greenfield's Krishna,729,Dosa,1,2025-11-22 03:29:09
17221,Onion Fry,186,Greenfield's Krishna,176,Pav Bhaji,1,2025-11-23 04:08:25
17210,Onion Rawa Masala Dosa,186,Greenfield's Krishna,729,Dosa,1,2025-11-22 03:27:43
17135,Paneer Crispy Dosa,186,Greenfield's Krishna,729,Dosa,1,2025-11-21 06:40:28
17243,Paneer Uttapam,186,Greenfield's Krishna,847,Uttapam,1,2025-11-23 07:03:41
17235,Paper Butter + Cheese Masala Dosa,186,Greenfield's Krishna,729,Dosa,1,2025-11-23 05:12:29
17230,Paper Cheese Sada Dosa,186,Greenfield's Krishna,729,Dosa,1,2025-11-23 04:39:16
17232,Paper Masala Dosa,186,Greenfield's Krishna,729,Dosa,1,2025-11-23 04:53:50
17222,Pav Bhaji Chutney,186,Greenfield's Krishna,14,Fast Food,1,2025-11-23 04:10:59
17209,Rawa Butter Masala Dosa,186,Greenfield's Krishna,729,Dosa,1,2025-11-22 03:25:20
17208,Rawa Masala Dosa,186,Greenfield's Krishna,729,Dosa,1,2025-11-22 03:16:28
17225,Roasted Papad,186,Greenfield's Krishna,92,Salad, Raita Papad`s,1,2025-11-23 04:18:45
17215,Sandwich Uttapam,186,Greenfield's Krishna,847,Uttapam,1,2025-11-22 03:42:46
17092,Shev Puri,186,Greenfield's Krishna,14,Fast Food,1,2025-11-21 04:04:16
17116,Single Idli Sambhar,186,Greenfield's Krishna,731,Idli,1,2025-11-21 05:47:02
17216,Tomato Omelet,186,Greenfield's Krishna,951,Omelette,1,2025-11-22 03:44:57
16090,Desi Ghee Mixed Veg Paratha,228,Haste Kitchen,917,Paratha,1,2025-10-31 12:42:19
16097,Anda Noodles,327,Hotel Hayat Darbar,287,Noodles,1,2025-11-04 05:46:32
16178,Bun Pav Shawarma,327,Hotel Hayat Darbar,98,Starters,1,2025-11-04 10:48:00
16174,Butter Chicken Shawarma,327,Hotel Hayat Darbar,279,Chicken,1,2025-11-04 10:27:17
16115,Chicken 65,327,Hotel Hayat Darbar,279,Chicken,1,2025-11-04 06:28:10
16107,Chicken Afghani,327,Hotel Hayat Darbar,279,Chicken,1,2025-11-04 06:09:37
16171,Chicken Amrutshree Shawarma,327,Hotel Hayat Darbar,279,Chicken,1,2025-11-04 10:14:31
16126,Chicken Charbag,327,Hotel Hayat Darbar,279,Chicken,1,2025-11-04 06:44:16
16112,Chicken Chatpata,327,Hotel Hayat Darbar,279,Chicken,1,2025-11-04 06:21:30
16173,Chicken Cheese Shawarma,327,Hotel Hayat Darbar,279,Chicken,1,2025-11-04 10:21:03
16110,Chicken Chilli,327,Hotel Hayat Darbar,279,Chicken,1,2025-11-04 06:19:19
16116,Chicken Dragon,327,Hotel Hayat Darbar,279,Chicken,1,2025-11-04 06:28:31
16169,Chicken Exotic Shawarma,327,Hotel Hayat Darbar,279,Chicken,1,2025-11-04 10:10:33
16170,Chicken Fantasy Shawarma,327,Hotel Hayat Darbar,279,Chicken,1,2025-11-04 10:12:26
16098,Chicken Fry rice,327,Hotel Hayat Darbar,279,Chicken,1,2025-11-04 05:49:49
16137,Chicken Garlic Soup,327,Hotel Hayat Darbar,279,Chicken,1,2025-11-04 07:09:45
16124,Chicken Hamdam,327,Hotel Hayat Darbar,279,Chicken,1,2025-11-04 06:40:37
16128,Chicken Lajawab,327,Hotel Hayat Darbar,279,Chicken,1,2025-11-04 06:47:38
16131,Chicken Lasuni Lollipop,327,Hotel Hayat Darbar,279,Chicken,1,2025-11-04 06:56:23
16127,Chicken Lollipop Gravy,327,Hotel Hayat Darbar,279,Chicken,1,2025-11-04 06:46:30
16122,Chicken Lollypop,327,Hotel Hayat Darbar,279,Chicken,1,2025-11-04 06:36:04
16106,Chicken Malaysian Rice,327,Hotel Hayat Darbar,286,Fried Rice,1,2025-11-04 06:09:19
16133,Chicken Manchow Soup,327,Hotel Hayat Darbar,279,Chicken,1,2025-11-04 06:59:34
16109,Chicken Manchurian,327,Hotel Hayat Darbar,734,Manchurian,1,2025-11-04 06:16:40
16136,Chicken Manchurian Soup,327,Hotel Hayat Darbar,279,Chicken,1,2025-11-04 07:06:59
16129,Chicken Patiala,327,Hotel Hayat Darbar,279,Chicken,1,2025-11-04 06:50:13
16168,Chicken Shawarma,327,Hotel Hayat Darbar,279,Chicken,1,2025-11-04 10:06:54
16108,Chicken Singapori Rice,327,Hotel Hayat Darbar,286,Fried Rice,1,2025-11-04 06:13:33
16143,Chicken Tandoori,327,Hotel Hayat Darbar,279,Chicken,1,2025-11-04 07:20:45
16121,Chicken Tandoori Masala,327,Hotel Hayat Darbar,279,Chicken,1,2025-11-04 06:35:42
16145,Chicken Tangdi,327,Hotel Hayat Darbar,279,Chicken,1,2025-11-04 07:23:56
16172,Chicken Tikka Shawarma,327,Hotel Hayat Darbar,279,Chicken,1,2025-11-04 10:17:50
16095,Chicken Triple Noodles,327,Hotel Hayat Darbar,279,Chicken,1,2025-11-04 05:42:20
16119,Mango Chilly,327,Hotel Hayat Darbar,846,Chinese,1,2025-11-04 06:33:32
16160,Paneer 65,327,Hotel Hayat Darbar,288,Paneer,1,2025-11-04 09:25:36
16176,Paneer Cheese Shawarma,327,Hotel Hayat Darbar,288,Paneer,1,2025-11-04 10:32:23
16161,Paneer Chilly Gravy,327,Hotel Hayat Darbar,846,Chinese,1,2025-11-04 09:30:57
16162,Paneer Crispy,327,Hotel Hayat Darbar,846,Chinese,1,2025-11-04 09:33:32
16175,Paneer Shawarma,327,Hotel Hayat Darbar,288,Paneer,1,2025-11-04 10:29:20
16177,Paneer Tikka Shawarma,327,Hotel Hayat Darbar,98,Starters,1,2025-11-04 10:40:28
16123,Schezwan Lollipop,327,Hotel Hayat Darbar,279,Chicken,1,2025-11-04 06:39:42
16118,Shalimar Chilli,327,Hotel Hayat Darbar,846,Chinese,1,2025-11-04 06:31:22
16153,Soyabean Chilly,327,Hotel Hayat Darbar,846,Chinese,1,2025-11-04 09:07:35
16167,Veg Clear Soup,327,Hotel Hayat Darbar,5,Soup,1,2025-11-04 09:52:48
16148,Veg Fried Rice,327,Hotel Hayat Darbar,286,Fried Rice,1,2025-11-04 08:42:52
16166,Veg Garlic Soup,327,Hotel Hayat Darbar,5,Soup,1,2025-11-04 09:50:00
16164,Veg Hot & Sour Soup,327,Hotel Hayat Darbar,5,Soup,1,2025-11-04 09:44:13
16163,Veg Manchow Soup,327,Hotel Hayat Darbar,5,Soup,1,2025-11-04 09:42:24
16154,Veg Manchurian,327,Hotel Hayat Darbar,734,Manchurian,1,2025-11-04 09:10:03
16157,Veg Manchurian Gravy,327,Hotel Hayat Darbar,734,Manchurian,1,2025-11-04 09:15:03
16147,Veg Manchurian Noodles,327,Hotel Hayat Darbar,287,Noodles,1,2025-11-04 07:26:39
16165,Veg Manchurian Soup,327,Hotel Hayat Darbar,5,Soup,1,2025-11-04 09:47:07
16140,Veg Noodles,327,Hotel Hayat Darbar,287,Noodles,1,2025-11-04 07:15:04
16150,Veg Triple Rice,327,Hotel Hayat Darbar,286,Fried Rice,1,2025-11-04 08:55:00
17262,Bhaji Handi,333,Hotel Om Sai Om and Restaurant,923,Tawa & Kadhai Specials,1,2025-11-27 16:37:29
16971,Dam Aloo Punjabi,333,Hotel Om Sai Om and Restaurant,924,Chef’s Specials,1,2025-11-19 15:08:23
16974,Kala Masala Batata,333,Hotel Om Sai Om and Restaurant,179,Maharashtrian,1,2025-11-19 15:13:52
17259,Kala Masala Batata Handi,333,Hotel Om Sai Om and Restaurant,923,Tawa & Kadhai Specials,1,2025-11-27 16:37:29
16975,Kala Masala Bhajyachi Amti,333,Hotel Om Sai Om and Restaurant,179,Maharashtrian,1,2025-11-19 16:41:20
16978,Kala Masala Patode,333,Hotel Om Sai Om and Restaurant,179,Maharashtrian,1,2025-11-19 16:48:13
16976,Kala Masala Soyabean,333,Hotel Om Sai Om and Restaurant,179,Maharashtrian,1,2025-11-19 16:43:01
16977,Kala Masala Vangyachi Bhaji,333,Hotel Om Sai Om and Restaurant,179,Maharashtrian,1,2025-11-19 16:44:37
16972,Palak Lasuni,333,Hotel Om Sai Om and Restaurant,921,Green & Leafy,1,2025-11-19 15:09:54
17052,Palak Paneer,333,Hotel Om Sai Om and Restaurant,288,Paneer,1,2025-11-20 10:00:53
17058,Paneer Angara,333,Hotel Om Sai Om and Restaurant,288,Paneer,1,2025-11-20 10:22:06
17060,Paneer Chatpata,333,Hotel Om Sai Om and Restaurant,288,Paneer,1,2025-11-20 10:26:07
17053,Paneer Kolhapuri,333,Hotel Om Sai Om and Restaurant,288,Paneer,1,2025-11-20 10:01:46
16979,Paneer Special Bhaji,333,Hotel Om Sai Om and Restaurant,288,Paneer,1,2025-11-19 16:59:07
16969,Veg Begambar,333,Hotel Om Sai Om and Restaurant,290,Veg Specials,1,2025-11-19 15:04:54
16970,Veg Maratha,333,Hotel Om Sai Om and Restaurant,290,Veg Specials,1,2025-11-19 15:06:34
16326,Aloo Bengan,328,Hotel Parth,920,Dry Veg,1,2025-11-10 10:27:04
16327,Aloo Masala,328,Hotel Parth,920,Dry Veg,1,2025-11-10 10:29:43
16325,Aloo Mutter,328,Hotel Parth,920,Dry Veg,1,2025-11-10 10:25:32
16303,Chach,328,Hotel Parth,121,Dairy product,1,2025-11-10 08:56:12
16196,Chicken Fry,328,Hotel Parth,279,Chicken,1,2025-11-08 05:11:12
16219,Chicken Thali,328,Hotel Parth,279,Chicken,1,2025-11-09 03:28:21
16221,Egg Thali,328,Hotel Parth,177,Eggs,1,2025-11-09 03:36:19
16192,Fish Masala,328,Hotel Parth,281,Fish,1,2025-11-08 02:45:16
16220,Fish Thali,328,Hotel Parth,281,Fish,1,2025-11-09 03:31:39
16333,Green Peas Masala,328,Hotel Parth,921,Green & Leafy,1,2025-11-10 10:41:33
16216,Half Fry,328,Hotel Parth,177,Eggs,1,2025-11-09 03:17:43
16328,Matki Fry,328,Hotel Parth,920,Dry Veg,1,2025-11-10 10:31:35
16201,Mutton Fry,328,Hotel Parth,280,Mutton,1,2025-11-08 05:40:43
16205,Mutton Latpat,328,Hotel Parth,280,Mutton,1,2025-11-08 06:05:47
16203,Mutton Rassa Plate,328,Hotel Parth,280,Mutton,1,2025-11-08 06:01:18
16218,Mutton Thali,328,Hotel Parth,280,Mutton,1,2025-11-09 03:25:39
16298,Nagali Papad,328,Hotel Parth,92,Salad, Raita Papad`s,1,2025-11-10 06:31:29
16306,Shev Rassa,328,Hotel Parth,179,Maharashtrian,1,2025-11-10 08:59:59
16299,Udid Papad,328,Hotel Parth,92,Salad, Raita Papad`s,1,2025-11-10 06:37:18
16543,Almond Broccoli Soup,330,Hotel Radhakrishna,5,Soup,1,2025-11-12 12:56:47
16842,Aloo Gobi,330,Hotel Radhakrishna,920,Dry Veg,1,2025-11-17 12:15:14
16847,Baingan Masala,330,Hotel Radhakrishna,922,Kofta & Creamy Curries,1,2025-11-17 12:19:45
16982,Bhajachi Amati,330,Hotel Radhakrishna,179,Maharashtrian,1,2025-11-20 02:41:42
16850,Bhendi Fry,330,Hotel Radhakrishna,920,Dry Veg,1,2025-11-17 12:22:21
16852,Bhendi Masala,330,Hotel Radhakrishna,290,Veg Specials,1,2025-11-17 12:23:59
16989,Black Shev Bhaji,330,Hotel Radhakrishna,956,Shev Bhaji,1,2025-11-20 03:10:26
17027,Butter Bajari Bhakari,330,Hotel Radhakrishna,939,Bhakari,1,2025-11-20 06:11:46
16554,Chana Garlic Koliwada,330,Hotel Radhakrishna,14,Fast Food,1,2025-11-13 06:15:27
16809,Cheese Rumali Khakhra,330,Hotel Radhakrishna,943,Khakra,1,2025-11-17 10:33:17
16794,Chinese Platter,330,Hotel Radhakrishna,846,Chinese,1,2025-11-17 09:44:20
16539,Cream of Broccoli Soup,330,Hotel Radhakrishna,5,Soup,1,2025-11-12 12:45:01
16537,Cream Of Veg Soup,330,Hotel Radhakrishna,5,Soup,1,2025-11-12 12:43:22
17005,Curd Rice,330,Hotel Radhakrishna,146,Rice and Pulao,1,2025-11-20 03:51:46
16506,Dahi Wada,330,Hotel Radhakrishna,120,Chaat,1,2025-11-12 09:39:58
17001,Dal Hariyali,330,Hotel Radhakrishna,284,Dal,1,2025-11-20 03:36:26
16854,Green Peas Masala,330,Hotel Radhakrishna,921,Green & Leafy,1,2025-11-17 12:25:21
16395,Green Salad,330,Hotel Radhakrishna,92,Salad, Raita Papad`s,1,2025-11-11 08:07:22
16860,Hara Nariyal ki Sabji,330,Hotel Radhakrishna,921,Green & Leafy,1,2025-11-17 12:35:53
16793,Honey Chilli Potato,330,Hotel Radhakrishna,846,Chinese,1,2025-11-17 09:43:17
16547,Hong Kong Noodles,330,Hotel Radhakrishna,287,Noodles,1,2025-11-13 05:07:28
16501,Idli Chutney,330,Hotel Radhakrishna,731,Idli,1,2025-11-12 09:31:39
16502,Idli Sambar,330,Hotel Radhakrishna,731,Idli,1,2025-11-12 09:33:44
16505,Idli Wada Mix Sambar,330,Hotel Radhakrishna,848,Medu Vada,1,2025-11-12 09:37:59
17011,Kadhi Khichadi,330,Hotel Radhakrishna,146,Rice and Pulao,1,2025-11-20 04:51:02
16984,Kadhi Pakoda,330,Hotel Radhakrishna,179,Maharashtrian,1,2025-11-20 02:47:39
16858,Kaju Masala,330,Hotel Radhakrishna,922,Kofta & Creamy Curries,1,2025-11-17 12:32:52
17021,Kashmiri Naan,330,Hotel Radhakrishna,940,Naan,1,2025-11-20 05:44:38
17040,Khada Pav Bhaji,330,Hotel Radhakrishna,176,Pav Bhaji,1,2025-11-20 07:07:48
16397,Kochumber Salad,330,Hotel Radhakrishna,92,Salad, Raita Papad`s,1,2025-11-11 08:29:08
16839,Lasooni Methi,330,Hotel Radhakrishna,921,Green & Leafy,1,2025-11-17 12:11:14
16856,Lasooni Tawa Dingri,330,Hotel Radhakrishna,923,Tawa & Kadhai Specials,1,2025-11-17 12:29:08
16991,Lasuni Methi Dry,330,Hotel Radhakrishna,179,Maharashtrian,1,2025-11-20 03:14:46
16538,Lemon Coriander Soup,330,Hotel Radhakrishna,5,Soup,1,2025-11-12 12:44:11
17009,Lemon Rice,330,Hotel Radhakrishna,146,Rice and Pulao,1,2025-11-20 04:40:14
16403,Masala Papad,330,Hotel Radhakrishna,92,Salad, Raita Papad`s,1,2025-11-11 10:05:57
16405,Masala Papad,330,Hotel Radhakrishna,92,Salad, Raita Papad`s,1,2025-11-11 10:53:39
16525,Masala Uttapam,330,Hotel Radhakrishna,847,Uttapam,1,2025-11-12 12:12:27
16986,Mataki Masala,330,Hotel Radhakrishna,179,Maharashtrian,1,2025-11-20 02:58:02
16504,Mendu Wada Sambar,330,Hotel Radhakrishna,848,Medu Vada,1,2025-11-12 09:37:05
16967,Methi Mutter Malai,330,Hotel Radhakrishna,921,Green & Leafy,1,2025-11-19 04:28:23
16552,Mix Pakoda,330,Hotel Radhakrishna,14,Fast Food,1,2025-11-13 05:42:33
16805,Mushroom Fried Rice,330,Hotel Radhakrishna,286,Fried Rice,1,2025-11-17 10:23:33
16840,Mushroom Masala,330,Hotel Radhakrishna,928,Mushroom Specials,1,2025-11-17 12:13:00
16414,Nagli Masala Papad,330,Hotel Radhakrishna,92,Salad, Raita Papad`s,1,2025-11-11 11:07:32
16413,Nagli Papad (Roasted / Fry),330,Hotel Radhakrishna,92,Salad, Raita Papad`s,1,2025-11-11 11:06:22
16968,Navratan Korma,330,Hotel Radhakrishna,290,Veg Specials,1,2025-11-19 04:31:29
16548,Pan Fried Noodles,330,Hotel Radhakrishna,287,Noodles,1,2025-11-13 05:08:29
16815,Paneer Achari Tikka,330,Hotel Radhakrishna,109,Tandoori,1,2025-11-17 10:46:22
16951,Paneer Amritsari,330,Hotel Radhakrishna,288,Paneer,1,2025-11-19 02:50:01
16963,Paneer Anarkali,330,Hotel Radhakrishna,288,Paneer,1,2025-11-19 03:20:09
16818,Paneer Banjara Kabab,330,Hotel Radhakrishna,288,Paneer,1,2025-11-17 10:55:06
16956,Paneer Chakori,330,Hotel Radhakrishna,288,Paneer,1,2025-11-19 03:00:12
16912,Paneer Chatpata,330,Hotel Radhakrishna,288,Paneer,1,2025-11-18 09:58:45
16777,Paneer Chilli Gravy,330,Hotel Radhakrishna,288,Paneer,1,2025-11-17 07:28:37
16787,Paneer Crispy,330,Hotel Radhakrishna,288,Paneer,1,2025-11-17 09:36:04
16958,Paneer Darbari,330,Hotel Radhakrishna,288,Paneer,1,2025-11-19 03:07:00
16955,Paneer Deewani Khas,330,Hotel Radhakrishna,288,Paneer,1,2025-11-19 02:57:11
16821,Paneer Kaju Kabab,330,Hotel Radhakrishna,288,Paneer,1,2025-11-17 11:00:46
16954,Paneer Khasta,330,Hotel Radhakrishna,288,Paneer,1,2025-11-19 02:55:42
16913,Paneer Lababdar,330,Hotel Radhakrishna,288,Paneer,1,2025-11-18 10:05:24
16915,Paneer Lacchedar,330,Hotel Radhakrishna,288,Paneer,1,2025-11-18 10:06:55
16961,Paneer Lahori,330,Hotel Radhakrishna,288,Paneer,1,2025-11-19 03:15:04
16816,Paneer lahsuni tikka,330,Hotel Radhakrishna,109,Tandoori,1,2025-11-17 10:49:32
16931,Paneer Lazeez,330,Hotel Radhakrishna,288,Paneer,1,2025-11-18 10:49:52
16957,Paneer Makhamali,330,Hotel Radhakrishna,288,Paneer,1,2025-11-19 03:01:50
16817,Paneer Malai Tikka,330,Hotel Radhakrishna,98,Starters,1,2025-11-17 10:53:40
16929,Paneer Masala,330,Hotel Radhakrishna,288,Paneer,1,2025-11-18 10:46:09
16949,Paneer Mussallam,330,Hotel Radhakrishna,288,Paneer,1,2025-11-19 02:46:27
16950,Paneer Razwadi,330,Hotel Radhakrishna,288,Paneer,1,2025-11-19 02:48:45
16953,Paneer Sultana,330,Hotel Radhakrishna,288,Paneer,1,2025-11-19 02:54:23
16960,Paneer Tufani,330,Hotel Radhakrishna,288,Paneer,1,2025-11-19 03:13:13
16402,Papad (Roasted / Fry),330,Hotel Radhakrishna,92,Salad, Raita Papad`s,1,2025-11-11 10:04:46
16410,Papad Bhurji,330,Hotel Radhakrishna,92,Salad, Raita Papad`s,1,2025-11-11 11:03:58
16983,Pithal,330,Hotel Radhakrishna,179,Maharashtrian,1,2025-11-20 02:45:21
16212,Plain Uttapam,330,Hotel Radhakrishna,847,Uttapam,1,2025-11-08 10:29:54
16767,Puri Bhaji,330,Hotel Radhakrishna,950,Puri Bhaji,1,2025-11-17 05:03:37
16897,Radha Krushna Spl. Veg,330,Hotel Radhakrishna,924,Chef’s Specials,1,2025-11-18 06:23:48
16987,Shevaga Latpat,330,Hotel Radhakrishna,179,Maharashtrian,1,2025-11-20 02:59:58
16985,Shevga Handi,330,Hotel Radhakrishna,179,Maharashtrian,1,2025-11-20 02:55:12
16516,Shezwan Dosa (Masala),330,Hotel Radhakrishna,729,Dosa,1,2025-11-12 11:57:49
16406,Sindhi Papad,330,Hotel Radhakrishna,92,Salad, Raita Papad`s,1,2025-11-11 10:56:04
17046,Sizzling Brownie,330,Hotel Radhakrishna,918,Brownie,1,2025-11-20 07:35:36
17039,Special Pav Bhaji,330,Hotel Radhakrishna,176,Pav Bhaji,1,2025-11-20 07:05:13
16534,Spinach Soup,330,Hotel Radhakrishna,5,Soup,1,2025-11-12 12:33:56
16540,Sweet Corn Soup,330,Hotel Radhakrishna,5,Soup,1,2025-11-12 12:47:51
16813,Tandoori Aloo,330,Hotel Radhakrishna,109,Tandoori,1,2025-11-17 10:40:29
16993,Thecha,330,Hotel Radhakrishna,179,Maharashtrian,1,2025-11-20 03:19:13
16792,Thread Paneer,330,Hotel Radhakrishna,288,Paneer,1,2025-11-17 09:41:49
16527,Tomato Omelette,330,Hotel Radhakrishna,951,Omelette,1,2025-11-12 12:15:37
16396,Tossed Salad,330,Hotel Radhakrishna,92,Salad, Raita Papad`s,1,2025-11-11 08:13:07
16807,Triple Schezwan Rice,330,Hotel Radhakrishna,286,Fried Rice,1,2025-11-17 10:27:33
16859,Umar Handi,330,Hotel Radhakrishna,923,Tawa & Kadhai Specials,1,2025-11-17 12:34:48
16824,Veg Angara,330,Hotel Radhakrishna,924,Chef’s Specials,1,2025-11-17 11:44:33
16825,Veg Bhuna Masala,330,Hotel Radhakrishna,924,Chef’s Specials,1,2025-11-17 11:45:42
16836,Veg Chakori,330,Hotel Radhakrishna,924,Chef’s Specials,1,2025-11-17 12:04:16
16812,Veg Cheese Seekh Kabab,330,Hotel Radhakrishna,109,Tandoori,1,2025-11-17 10:39:04
16837,Veg Cheese Tikki Masala,330,Hotel Radhakrishna,924,Chef’s Specials,1,2025-11-17 12:06:45
16542,Veg Clear Soup,330,Hotel Radhakrishna,5,Soup,1,2025-11-12 12:54:57
16773,Veg Crispy,330,Hotel Radhakrishna,846,Chinese,1,2025-11-17 07:20:15
16828,Veg Diwani Handi,330,Hotel Radhakrishna,922,Kofta & Creamy Curries,1,2025-11-17 11:53:01
16826,Veg Handi,330,Hotel Radhakrishna,924,Chef’s Specials,1,2025-11-17 11:47:28
16827,Veg Hyderabadi,330,Hotel Radhakrishna,929,Mix Veg,1,2025-11-17 11:50:51
16835,Veg Kofta,330,Hotel Radhakrishna,922,Kofta & Creamy Curries,1,2025-11-17 12:03:15
16832,Veg Kolhapuri,330,Hotel Radhakrishna,179,Maharashtrian,1,2025-11-17 11:57:54
16822,Veg Maharaja,330,Hotel Radhakrishna,924,Chef’s Specials,1,2025-11-17 11:42:25
16992,Veg Maratha,330,Hotel Radhakrishna,179,Maharashtrian,1,2025-11-20 03:16:46
16823,Veg Patiyala,330,Hotel Radhakrishna,924,Chef’s Specials,1,2025-11-17 11:43:29
16896,Veg Rajwadi,330,Hotel Radhakrishna,290,Veg Specials,1,2025-11-18 06:17:48
16811,Veg Seekh Kabab,330,Hotel Radhakrishna,109,Tandoori,1,2025-11-17 10:34:19
16830,Veg Seekh Kabab Masala,330,Hotel Radhakrishna,924,Chef’s Specials,1,2025-11-17 11:55:27
16834,Veg Sham-Savera,330,Hotel Radhakrishna,922,Kofta & Creamy Curries,1,2025-11-17 12:00:19
16775,Veg Spring Roll,330,Hotel Radhakrishna,846,Chinese,1,2025-11-17 07:22:46
16833,Veg Tawa,330,Hotel Radhakrishna,923,Tawa & Kadhai Specials,1,2025-11-17 11:58:50
16391,Virgin Mojito,330,Hotel Radhakrishna,9,Beverages,1,2025-11-11 06:31:20
16053,Alu Chilly,172,Hotel Swad NX Family Restaurant,846,Chinese,1,2025-10-25 09:40:49
16046,Chana Chilly,172,Hotel Swad NX Family Restaurant,846,Chinese,1,2025-10-25 09:19:52
16032,Chana Dry,172,Hotel Swad NX Family Restaurant,98,Starters,1,2025-10-25 06:43:13
16033,Chana Fry,172,Hotel Swad NX Family Restaurant,98,Starters,1,2025-10-25 06:45:28
16034,Chana Koliwada With Garlic,172,Hotel Swad NX Family Restaurant,179,Maharashtrian,1,2025-10-25 06:49:04
16048,Cheese Bowl Schezwan,172,Hotel Swad NX Family Restaurant,846,Chinese,1,2025-10-25 09:29:01
16029,Cheese Pakoda,172,Hotel Swad NX Family Restaurant,98,Starters,1,2025-10-25 06:27:46
16022,Cheese Rumali Khakara,172,Hotel Swad NX Family Restaurant,92,Salad, Raita Papad`s,1,2025-10-25 05:33:12
16044,Chinese Platter,172,Hotel Swad NX Family Restaurant,846,Chinese,1,2025-10-25 08:38:14
16024,Clear Soup,172,Hotel Swad NX Family Restaurant,5,Soup,1,2025-10-25 05:52:19
16026,Coriander Soup,172,Hotel Swad NX Family Restaurant,5,Soup,1,2025-10-25 05:56:26
16018,Fry Papad,172,Hotel Swad NX Family Restaurant,92,Salad, Raita Papad`s,1,2025-10-25 05:16:09
16045,Gobi 65,172,Hotel Swad NX Family Restaurant,846,Chinese,1,2025-10-25 08:42:04
16056,Honey Potato Chilly,172,Hotel Swad NX Family Restaurant,846,Chinese,1,2025-10-25 09:51:53
16031,Kanda Bhaji,172,Hotel Swad NX Family Restaurant,98,Starters,1,2025-10-25 06:37:35
16023,Kolhapuri Papad,172,Hotel Swad NX Family Restaurant,92,Salad, Raita Papad`s,1,2025-10-25 05:37:09
16025,Lemon Coriander Soup,172,Hotel Swad NX Family Restaurant,5,Soup,1,2025-10-25 05:54:22
16055,Mushroom Bell Pepper,172,Hotel Swad NX Family Restaurant,846,Chinese,1,2025-10-25 09:47:59
16054,Mushroom Manchurian,172,Hotel Swad NX Family Restaurant,846,Chinese,1,2025-10-25 09:44:19
16068,Mushroom Tikka,172,Hotel Swad NX Family Restaurant,109,Tandoori,1,2025-10-26 06:22:49
16020,Nagli Fry Papad,172,Hotel Swad NX Family Restaurant,92,Salad, Raita Papad`s,1,2025-10-25 05:22:21
16019,Nagli Roasted Papad,172,Hotel Swad NX Family Restaurant,92,Salad, Raita Papad`s,1,2025-10-25 05:20:05
16052,Palak Chilly,172,Hotel Swad NX Family Restaurant,846,Chinese,1,2025-10-25 09:37:36
16027,Palak Mushroom Soup,172,Hotel Swad NX Family Restaurant,5,Soup,1,2025-10-25 05:59:45
16064,Paneer Afgani Tikka,172,Hotel Swad NX Family Restaurant,288,Paneer,1,2025-10-26 06:02:56
16063,Paneer Angara Kebab,172,Hotel Swad NX Family Restaurant,288,Paneer,1,2025-10-26 05:55:40
16067,Paneer Banjara Tikka,172,Hotel Swad NX Family Restaurant,288,Paneer,1,2025-10-26 06:18:18
16039,Paneer Black Pepper,172,Hotel Swad NX Family Restaurant,288,Paneer,1,2025-10-25 07:18:57
16035,Paneer Capsicum,172,Hotel Swad NX Family Restaurant,288,Paneer,1,2025-10-25 06:56:18
16037,Paneer Crispy,172,Hotel Swad NX Family Restaurant,288,Paneer,1,2025-10-25 07:12:54
16065,Paneer Hiltop Kebab,172,Hotel Swad NX Family Restaurant,288,Paneer,1,2025-10-26 06:06:58
16040,Paneer Honey Chilli,172,Hotel Swad NX Family Restaurant,288,Paneer,1,2025-10-25 07:21:14
16061,Paneer Malai Kebab,172,Hotel Swad NX Family Restaurant,109,Tandoori,1,2025-10-25 13:24:15
16028,Paneer Pakoda,172,Hotel Swad NX Family Restaurant,288,Paneer,1,2025-10-25 06:14:41
16062,Paneer Pudina Kebab,172,Hotel Swad NX Family Restaurant,109,Tandoori,1,2025-10-25 13:27:47
16066,Paneer Rojali Tikka,172,Hotel Swad NX Family Restaurant,288,Paneer,1,2025-10-26 06:10:51
16038,Paneer Sathe,172,Hotel Swad NX Family Restaurant,288,Paneer,1,2025-10-25 07:16:51
16036,Paneer Tikka Black Pepper,172,Hotel Swad NX Family Restaurant,288,Paneer,1,2025-10-25 07:01:14
16017,Roasted Papad,172,Hotel Swad NX Family Restaurant,92,Salad, Raita Papad`s,1,2025-10-25 05:12:54
16021,Sindhi Papad,172,Hotel Swad NX Family Restaurant,92,Salad, Raita Papad`s,1,2025-10-25 05:28:58
16060,Swad Special Platter,172,Hotel Swad NX Family Restaurant,109,Tandoori,1,2025-10-25 12:23:23
16050,Veg Chilly,172,Hotel Swad NX Family Restaurant,846,Chinese,1,2025-10-25 09:31:19
16042,Veg Chilly Pepper,172,Hotel Swad NX Family Restaurant,846,Chinese,1,2025-10-25 07:30:29
16051,Veg Crispy,172,Hotel Swad NX Family Restaurant,846,Chinese,1,2025-10-25 09:34:53
16041,Veg Dragon Roll,172,Hotel Swad NX Family Restaurant,846,Chinese,1,2025-10-25 07:27:56
16058,Veg Gold Coin,172,Hotel Swad NX Family Restaurant,846,Chinese,1,2025-10-25 09:54:22
16030,Veg Pakoda,172,Hotel Swad NX Family Restaurant,98,Starters,1,2025-10-25 06:34:49
16069,Veg Seekh Kebeb,172,Hotel Swad NX Family Restaurant,109,Tandoori,1,2025-10-26 06:29:34
13375,Egg Chinese Combo,164,Kantara Food,156,Combos,1,2025-07-02 11:17:13
15875,Rasoi Special Veg.,67,New Rasoi Restaurant,924,Chef’s Specials,1,2025-10-16 10:36:43
472,Black Forest,52,Paresh Bakers,8,NULL,1,2024-11-21 09:37:38
16703,Bajra Bhakri,329,R. K. Farm Restaurant.,939,Bhakari,1,2025-11-15 05:07:38
16463,Bangda Masala,329,R. K. Farm Restaurant.,165,Seafood,1,2025-11-12 04:42:45
16462,Bangda Spicy,329,R. K. Farm Restaurant.,165,Seafood,1,2025-11-12 04:23:10
16707,Basket Roti,329,R. K. Farm Restaurant.,942,Roti,1,2025-11-15 10:38:38
16704,Bhakri (Bajra Butter),329,R. K. Farm Restaurant.,145,Breads,1,2025-11-15 10:29:19
16705,Bhakri (Jowar Butter),329,R. K. Farm Restaurant.,939,Bhakari,1,2025-11-15 10:30:58
16735,Blue Lagoon,329,R. K. Farm Restaurant.,9,Beverages,1,2025-11-16 04:04:31
16404,Boiled Peanut,329,R. K. Farm Restaurant.,98,Starters,1,2025-11-11 10:48:25
16458,Bombil Rawa Fry,329,R. K. Farm Restaurant.,165,Seafood,1,2025-11-12 04:11:05
16711,Butter Dal Khichadi,329,R. K. Farm Restaurant.,146,Rice and Pulao,1,2025-11-15 10:55:49
16464,Butter Garlic Prawns,329,R. K. Farm Restaurant.,165,Seafood,1,2025-11-12 04:47:20
16697,Butter Naan,329,R. K. Farm Restaurant.,940,Naan,1,2025-11-15 04:44:59
16695,Butter Paratha,329,R. K. Farm Restaurant.,917,Paratha,1,2025-11-15 04:36:59
16693,Butter Roti,329,R. K. Farm Restaurant.,942,Roti,1,2025-11-15 04:33:22
16475,Cheese Chilly Seekh Kabab,329,R. K. Farm Restaurant.,109,Tandoori,1,2025-11-12 05:20:56
16701,Cheese Garlic Naan,329,R. K. Farm Restaurant.,940,Naan,1,2025-11-15 04:59:17
16411,Cheese Pakoda,329,R. K. Farm Restaurant.,98,Starters,1,2025-11-11 11:04:39
16483,Chicken Achari Tikka,329,R. K. Farm Restaurant.,279,Chicken,1,2025-11-12 05:56:25
16684,Chicken Aftabi,329,R. K. Farm Restaurant.,279,Chicken,1,2025-11-15 03:13:36
16433,Chicken Bhuna,329,R. K. Farm Restaurant.,279,Chicken,1,2025-11-12 02:45:45
16316,Chicken Cafreal,329,R. K. Farm Restaurant.,279,Chicken,1,2025-11-10 09:23:03
16424,Chicken Fry,329,R. K. Farm Restaurant.,279,Chicken,1,2025-11-11 11:23:11
16434,Chicken Garlic,329,R. K. Farm Restaurant.,279,Chicken,1,2025-11-12 02:47:16
16312,Chicken Hot Pan,329,R. K. Farm Restaurant.,279,Chicken,1,2025-11-10 09:11:35
16685,Chicken Kolhapuri,329,R. K. Farm Restaurant.,279,Chicken,1,2025-11-15 03:14:58
16494,Chicken Lasooni Kabab,329,R. K. Farm Restaurant.,279,Chicken,1,2025-11-12 06:50:46
16426,Chicken Latpat,329,R. K. Farm Restaurant.,279,Chicken,1,2025-11-11 11:25:34
16490,Chicken Malai Kabab,329,R. K. Farm Restaurant.,279,Chicken,1,2025-11-12 06:34:44
16651,Chicken Masala,329,R. K. Farm Restaurant.,279,Chicken,1,2025-11-14 05:48:29
16318,Chicken Mot Fun,329,R. K. Farm Restaurant.,279,Chicken,1,2025-11-10 09:26:52
16486,Chicken Mutton Kabab,329,R. K. Farm Restaurant.,279,Chicken,1,2025-11-12 06:03:12
16489,Chicken Nizami Kabab,329,R. K. Farm Restaurant.,279,Chicken,1,2025-11-12 06:32:02
16480,Chicken Pahadi Kabab,329,R. K. Farm Restaurant.,279,Chicken,1,2025-11-12 05:46:36
16487,Chicken Roomali Kabab,329,R. K. Farm Restaurant.,279,Chicken,1,2025-11-12 06:26:21
16648,Chicken Sagwala,329,R. K. Farm Restaurant.,279,Chicken,1,2025-11-14 04:54:56
16296,Chinese Chilly Paneer,329,R. K. Farm Restaurant.,98,Starters,1,2025-11-10 06:27:05
16277,Crab Soup,329,R. K. Farm Restaurant.,5,Soup,1,2025-11-10 04:53:31
16469,Devil Eggs,329,R. K. Farm Restaurant.,177,Eggs,1,2025-11-12 05:05:17
16313,Finger Prawn Chilly,329,R. K. Farm Restaurant.,279,Chicken,1,2025-11-10 09:13:50
16455,Fish Tikka (Basa),329,R. K. Farm Restaurant.,165,Seafood,1,2025-11-12 04:05:15
16729,Fresh Lime Soda,329,R. K. Farm Restaurant.,9,Beverages,1,2025-11-16 03:46:33
16737,Fruit Punch,329,R. K. Farm Restaurant.,9,Beverages,1,2025-11-16 04:08:00
16422,Green Salad,329,R. K. Farm Restaurant.,92,Salad, Raita Papad`s,1,2025-11-11 11:20:19
16643,Green Sev Bhaji,329,R. K. Farm Restaurant.,956,Shev Bhaji,1,2025-11-14 04:19:00
16709,Jeera Rice,329,R. K. Farm Restaurant.,146,Rice and Pulao,1,2025-11-15 10:50:45
16423,Kachumber Salad,329,R. K. Farm Restaurant.,92,Salad, Raita Papad`s,1,2025-11-11 11:21:37
16699,Kulcha (Butter),329,R. K. Farm Restaurant.,941,Kulcha,1,2025-11-15 04:53:57
16314,Lemon Mustard Chicken,329,R. K. Farm Restaurant.,279,Chicken,1,2025-11-10 09:17:31
16420,Masala Papad,329,R. K. Farm Restaurant.,92,Salad, Raita Papad`s,1,2025-11-11 11:17:29
16710,Masala Rice,329,R. K. Farm Restaurant.,146,Rice and Pulao,1,2025-11-15 10:54:29
16726,Matka Malai,329,R. K. Farm Restaurant.,21,Sweets,1,2025-11-16 03:33:42
16641,Methi Chaman,329,R. K. Farm Restaurant.,921,Green & Leafy,1,2025-11-14 04:10:19
16437,Mutton Bhuna,329,R. K. Farm Restaurant.,280,Mutton,1,2025-11-12 03:07:12
16719,Mutton Biryani,329,R. K. Farm Restaurant.,147,Biryani,1,2025-11-16 03:11:14
16691,Mutton Chilly Masala,329,R. K. Farm Restaurant.,280,Mutton,1,2025-11-15 04:26:04
16689,Mutton Do Pyaza,329,R. K. Farm Restaurant.,280,Mutton,1,2025-11-15 03:22:58
16724,Mutton Handi Biryani,329,R. K. Farm Restaurant.,147,Biryani,1,2025-11-16 03:25:52
16438,Mutton Hari Patti,329,R. K. Farm Restaurant.,280,Mutton,1,2025-11-12 03:08:45
16439,Mutton Lalfat,329,R. K. Farm Restaurant.,280,Mutton,1,2025-11-12 03:11:38
16688,Mutton Maratha,329,R. K. Farm Restaurant.,280,Mutton,1,2025-11-15 03:19:22
16687,Mutton Rogan Josh,329,R. K. Farm Restaurant.,280,Mutton,1,2025-11-15 03:18:16
16690,Mutton Sagwala,329,R. K. Farm Restaurant.,280,Mutton,1,2025-11-15 04:21:34
16436,Mutton Sukha,329,R. K. Farm Restaurant.,280,Mutton,1,2025-11-12 03:04:53
16285,Paneer 65,329,R. K. Farm Restaurant.,98,Starters,1,2025-11-10 05:40:31
16561,Paneer Angara,329,R. K. Farm Restaurant.,288,Paneer,1,2025-11-13 07:49:48
16559,Paneer Chatpata,329,R. K. Farm Restaurant.,288,Paneer,1,2025-11-13 07:36:22
16295,Paneer Hot-Pan,329,R. K. Farm Restaurant.,98,Starters,1,2025-11-10 06:22:36
16631,Paneer Khurchan,329,R. K. Farm Restaurant.,288,Paneer,1,2025-11-14 03:41:48
16633,Paneer Laziz,329,R. K. Farm Restaurant.,288,Paneer,1,2025-11-14 03:49:52
16477,Paneer Matka Kabab,329,R. K. Farm Restaurant.,288,Paneer,1,2025-11-12 05:25:01
16488,Paneer Mutton Kabab,329,R. K. Farm Restaurant.,280,Mutton,1,2025-11-12 06:29:40
16412,Paneer Pakoda,329,R. K. Farm Restaurant.,98,Starters,1,2025-11-11 11:05:55
16497,Paneer Tikka Masala,329,R. K. Farm Restaurant.,288,Paneer,1,2025-11-12 07:03:04
16419,Papad,329,R. K. Farm Restaurant.,92,Salad, Raita Papad`s,1,2025-11-11 11:15:55
16421,Papad Bhurji,329,R. K. Farm Restaurant.,98,Starters,1,2025-11-11 11:19:08
16407,Peanut Chat,329,R. K. Farm Restaurant.,98,Starters,1,2025-11-11 10:57:49
16319,Peanut Fry,329,R. K. Farm Restaurant.,98,Starters,1,2025-11-10 09:32:08
16317,Peri Peri Chicken,329,R. K. Farm Restaurant.,279,Chicken,1,2025-11-10 09:24:59
16644,Pithla Bhakri,329,R. K. Farm Restaurant.,179,Maharashtrian,1,2025-11-14 04:25:28
16698,Plain Kulcha,329,R. K. Farm Restaurant.,941,Kulcha,1,2025-11-15 04:48:47
16694,Plain Paratha,329,R. K. Farm Restaurant.,917,Paratha,1,2025-11-15 04:35:08
16708,Plain Steam Rice,329,R. K. Farm Restaurant.,146,Rice and Pulao,1,2025-11-15 10:45:35
16456,Pomfret Curry,329,R. K. Farm Restaurant.,165,Seafood,1,2025-11-12 04:07:26
16457,Pomfret Masala,329,R. K. Farm Restaurant.,165,Seafood,1,2025-11-12 04:09:08
16446,Prawns Kalimiri,329,R. K. Farm Restaurant.,165,Seafood,1,2025-11-12 03:41:48
16447,Prawns Sukha,329,R. K. Farm Restaurant.,165,Seafood,1,2025-11-12 03:43:41
16706,Roomali Roti,329,R. K. Farm Restaurant.,942,Roti,1,2025-11-15 10:34:01
16645,Shevga Masala Handi,329,R. K. Farm Restaurant.,923,Tawa & Kadhai Specials,1,2025-11-14 04:33:46
16460,Surmai Plate,329,R. K. Farm Restaurant.,165,Seafood,1,2025-11-12 04:15:45
16492,Tandoori Chicken Raan,329,R. K. Farm Restaurant.,279,Chicken,1,2025-11-12 06:46:59
16443,Tandoori Crab,329,R. K. Farm Restaurant.,165,Seafood,1,2025-11-12 03:35:25
16491,Tandoori Mutton Raan,329,R. K. Farm Restaurant.,280,Mutton,1,2025-11-12 06:36:31
16493,Tandoori Non-Veg Platter,329,R. K. Farm Restaurant.,109,Tandoori,1,2025-11-12 06:48:59
16452,Tandoori Pomfret,329,R. K. Farm Restaurant.,167,Fish Starter,1,2025-11-12 03:58:12
16715,Triple Schezwan Rice,329,R. K. Farm Restaurant.,286,Fried Rice,1,2025-11-16 02:59:34
16717,Veg Fried Rice,329,R. K. Farm Restaurant.,286,Fried Rice,1,2025-11-16 03:03:08
16294,Veg Hunan,329,R. K. Farm Restaurant.,98,Starters,1,2025-11-10 06:19:18
16639,Veg Hyderabadi,329,R. K. Farm Restaurant.,290,Veg Specials,1,2025-11-14 04:06:06
16496,Veg Junglee,329,R. K. Farm Restaurant.,290,Veg Specials,1,2025-11-12 06:59:37
16635,Veg Tufani,329,R. K. Farm Restaurant.,290,Veg Specials,1,2025-11-14 03:54:34
16736,Virgin Mojito,329,R. K. Farm Restaurant.,9,Beverages,1,2025-11-16 04:06:44
546,Veg American Chopsuey,57,RK Chinese And Chat Corner,846,Chinese,1,2024-11-22 10:05:06
547,Veg Fry Soft Noodles,57,RK Chinese And Chat Corner,287,Noodles,1,2024-11-22 10:05:54
543,Veg Hakka Noodles,57,RK Chinese And Chat Corner,287,Noodles,1,2024-11-22 10:02:12
544,Veg Schezwan Noodles,57,RK Chinese And Chat Corner,287,Noodles,1,2024-11-22 10:03:02
545,Veg Triple Schezwan Noodles,57,RK Chinese And Chat Corner,287,Noodles,1,2024-11-22 10:03:57
1731,Chocolate Cheese Sandwich,335,Rock N Roll,161,Sandwich,1,2025-01-08 06:45:16
1735,Jain Mayonnaise Sandwich,335,Rock N Roll,161,Sandwich,1,2025-01-08 07:20:05
1733,Jain Sada Cheese Sandwich,335,Rock N Roll,161,Sandwich,1,2025-01-08 07:18:12
1734,Jain Toast Cheese Sandwich,335,Rock N Roll,161,Sandwich,1,2025-01-08 07:19:17
1732,Jain Toast Sandwich,335,Rock N Roll,161,Sandwich,1,NULL
1739,Paneer Schezwan Pizza,335,Rock N Roll,154,Pizza,1,2025-01-08 07:30:34
1738,Schezwan Pizza,335,Rock N Roll,154,Pizza,1,2025-01-08 07:29:25
1737,Veg Cheese Pizza,335,Rock N Roll,154,Pizza,1,2025-01-08 07:26:07
18911,Veg Cheese Pizza,335,Rock N Roll,154,Pizza,1,2025-12-17 12:57:16
1727,Veg Club Cheese Sandwich,335,Rock N Roll,161,Sandwich,1,2025-01-07 12:09:50
1729,Veg Club Cheese Sandwich,335,Rock N Roll,161,Sandwich,1,2025-01-07 12:38:23
1726,Veg Club Sandwich,335,Rock N Roll,161,Sandwich,1,2025-01-07 12:09:22
1728,Veg Club Sandwich,335,Rock N Roll,161,Sandwich,1,2025-01-07 12:13:43
1721,Veg Grill Cheese Sandwich,335,Rock N Roll,161,Sandwich,1,2025-01-07 12:05:22
1720,Veg Grill Sandwich,335,Rock N Roll,161,Sandwich,1,2025-01-07 12:04:20
1712,Veg Masala Burger,335,Rock N Roll,155,Burger,1,NULL
1713,Veg Masala Cheese Burger,335,Rock N Roll,155,Burger,1,NULL
1719,Veg Masala Sandwich,335,Rock N Roll,161,Sandwich,1,2025-01-07 12:03:43
1714,Veg Masala Tandoor Burger,335,Rock N Roll,155,Burger,1,NULL
1715,Veg Masala Tandoor Cheese Burger,335,Rock N Roll,155,Burger,1,NULL
1736,Veg Pizza,335,Rock N Roll,154,Pizza,1,2025-01-08 07:25:10
1718,Veg Sada Sandwich,335,Rock N Roll,161,Sandwich,1,2025-01-07 12:03:11
1717,Veg Schezwan Cheese Masala Burger,335,Rock N Roll,155,Burger,1,NULL
1725,Veg Schezwan Cheese Sandwich,335,Rock N Roll,161,Sandwich,1,2025-01-07 12:08:53
1716,Veg Schezwan Masala Burger,335,Rock N Roll,155,Burger,1,NULL
1724,Veg Schezwan Sandwich,335,Rock N Roll,161,Sandwich,1,2025-01-07 12:07:50
1723,Veg Tandoor Cheese Sandwich,335,Rock N Roll,161,Sandwich,1,2025-01-07 12:07:09
1722,Veg Tandoor Sandwich,335,Rock N Roll,161,Sandwich,1,2025-01-07 12:06:00
16608,Extra Butter,331,Spicy Tadkaa,16,South Indian,1,2025-11-13 11:18:43
4368,Gulchhadi,151,SURTI WAFERS,122,Namkeen,1,2025-02-06 07:40:17
15572,Dal Makhni,310,Vedansh Mangwale,284,Dal,1,2025-09-30 08:27:29
15573,Dal Makhni,310,Vedansh Mangwale,284,Dal,1,2025-09-30 08:27:33
