item_id,name,image_filename,store_name
1,"Demo Product",2023-08-16-64dca91404b64.png,"Demo Store"
10,"Paneer Butter Masala",2025-12-04-69315e9159bf1.jpg,"Inayat Cafe"
14,"Kaju Masala",2025-12-04-69315e5cae50f.jpg,"Inayat Cafe"
16,"Dum Aloo Kashmiri",2025-12-04-69315e4073704.jpg,"Inayat Cafe"
17,"Mushroom Paneer Matar",2025-12-04-69315e1f91c46.jpg,"Inayat Cafe"
18,"Mix veg",2025-12-04-69315df83f401.jpg,"Inayat Cafe"
19,"Paneer Bhurji",2025-12-04-69315dd18e7b8.jpg,"Inayat Cafe"
20,"Veg Kolhapuri",2025-12-04-69315da4240e7.jpg,"Inayat Cafe"
21,"Paneer Angara",2025-12-04-69315d636f2e0.jpg,"Inayat Cafe"
22,"Veg Handi",2025-12-04-69315c92cdcf9.jpg,"Inayat Cafe"
23,"Dal Tadka",2025-12-04-69315c5a55f59.jpg,"Inayat Cafe"
24,"Egg Curry [2 Eggs]",2025-12-04-69315c1f5b902.jpg,"Inayat Cafe"
28,"Butter Chicken Boneless",2025-12-28-6950f188a76ca.jpg,"Inayat Cafe"
30,"Butter Chicken Handi",2025-12-04-69315b87364cb.jpg,"Inayat Cafe"
31,"Chicken Patiala",2025-12-04-693158fe4e368.jpg,"Inayat Cafe"
32,"Chicken Tikka Masala",2025-12-04-693158279046d.jpg,"Inayat Cafe"
33,"Mutton Masala Plate",2025-12-04-693158031c580.jpg,"Inayat Cafe"
34,"Mutton Maratha Handi",2025-12-04-693157d47583e.jpg,"Inayat Cafe"
35,"Mutton Keema Masala",2025-12-04-693157b39330e.jpg,"Inayat Cafe"
36,"Jeera Rice",2025-12-04-69315788dbdd0.jpg,"Inayat Cafe"
356,"Tomato Soup",2025-12-17-6942a06c37a41.jpg,"Bhagat Tarachand"
357,"Veg Clear Soup",2025-12-17-6942a09a6e488.jpg,"Bhagat Tarachand"
358,"Hot N sour Soup",2025-12-17-6942a0b8df1cb.jpg,"Bhagat Tarachand"
361,"Cream of Mushroom Soup",2025-12-17-6942a0ee5e4fc.jpg,"Bhagat Tarachand"
367,"Karela Fry",2025-12-17-6942a22907420.jpg,"Bhagat Tarachand"
371,"Kaju Mushroom Soup",2025-12-17-6942a1e06278b.jpg,"Bhagat Tarachand"
372,"Kaju Curry",2025-12-16-69411c8a2ca2e.jpg,"Bhagat Tarachand"
445,"Paneer Tikka",2024-11-21-673eef9d7e6c4.png,"Hotel Raj Darbar"
446,"Paneer Malai Tikka",2024-11-21-673eef1ba9bb6.png,"Hotel Raj Darbar"
447,"Paneer Banjara Kabab",2024-11-21-673eedf21c93e.png,"Hotel Raj Darbar"
448,"Paneer Reshmi Kabab",2024-11-21-673eed75b07f6.png,"Hotel Raj Darbar"
449,"Veg Pakoda",2024-11-21-673eed10bfa05.png,"Hotel Raj Darbar"
456,"Shahi Biryani",2024-11-21-673eeb9e71206.png,"Hotel Raj Darbar"
457,"Fish Biryani",2024-11-21-673ef1c205149.png,"Hotel Raj Darbar"
458,"Mutton Biryani",2024-11-21-673ef2645be80.png,"Hotel Raj Darbar"
459,"Chicken Biryani",2024-11-21-673ef3241e6a4.png,"Hotel Raj Darbar"
461,"Egg Biryani",2024-11-21-673ef3bfd7909.png,"Hotel Raj Darbar"
469,"Steamed Rice",2024-11-21-673efb4bd655a.png,"Hotel Raj Darbar"
470,"Jeera rice",2024-11-21-673efca728b61.png,"Hotel Raj Darbar"
473,"Pineapple Cake",2024-11-21-673effcb46d5c.png,"Paresh Bakers"
474,"Strawberry Cake",2024-11-21-673f00ba431e8.png,"Paresh Bakers"
478,"Laccha Parotha",2024-11-21-673f082822efa.png,"Hotel Raj Darbar"
479,"Butter Tandoori Roti",2024-11-21-673f0b7fb38b8.png,"Hotel Raj Darbar"
483,"Butter Chapati",2024-12-03-674eafd9e4152.png,"Hotel Raj Darbar"
484,"Chapati",2024-12-03-674eaf4fc0e3d.png,"Hotel Raj Darbar"
485,"Bajra Roti",2024-12-03-674eadf01b244.png,"Hotel Raj Darbar"
491,"Grren Salad",2024-12-03-674ead8306a93.png,"Hotel Raj Darbar"
493,"Mix Curd Salad",2024-12-03-674ead65c0566.png,"Hotel Raj Darbar"
494,"Boondi Raita",2024-12-03-674eacea6f1cc.png,"Hotel Raj Darbar"
496,"Pineapple Raita",2024-12-03-674eacba9941c.png,"Hotel Raj Darbar"
498,"Rosted Papad",2024-12-03-674eac824e2c3.png,"Hotel Raj Darbar"
500,"Fried Papad",2024-12-03-674eac575705b.png,"Hotel Raj Darbar"
502,"Masala papad",2024-12-03-674eabff47358.png,"Hotel Raj Darbar"
506,"Chicken Moghlai",2024-12-03-674eab22d6dd1.png,"Hotel Raj Darbar"
507,"Chicken Fry",2024-12-03-674eaae89c542.png,"Hotel Raj Darbar"
508,"Chicken Keema",2024-12-03-674eaab1a9ad2.png,"Hotel Raj Darbar"
509,"Chicken kadai",2024-12-03-674eaa8848ff4.png,"Hotel Raj Darbar"
510,"Chicken Half Handi",2024-12-03-674eaa56ef43f.png,"Hotel Raj Darbar"
511,"Chicken Full Handi",2024-12-03-674eaa405c6a7.png,"Hotel Raj Darbar"
512,"Butter Chicken",2024-12-03-674eaa011114f.png,"Hotel Raj Darbar"
519,"Mutton Handi Full",2024-12-03-674ea86cf0243.png,"Hotel Raj Darbar"
520,"Mutton Handi Half",2024-12-03-674ea855bcd12.png,"Hotel Raj Darbar"
522,"Egg Omlette",2024-12-03-674ea7f625b7b.png,"Hotel Raj Darbar"
524,"Egg Half Fry",2024-12-03-674ea76e56819.png,"Hotel Raj Darbar"
525,"Veg Thali",2024-12-03-674ea72b97f79.png,"Hotel Raj Darbar"
526,"Chicken Thali",2024-12-03-674ea6ffab9ed.png,"Hotel Raj Darbar"
527,"Mutton Thali",2024-12-03-674ea6b5dee32.png,"Hotel Raj Darbar"
528,"Fish Thali",2024-12-03-674ea67a607c1.png,"Hotel Raj Darbar"
529,"Chicken Tikka",2024-12-03-674ea5b6319a3.png,"Hotel Raj Darbar"
530,"Chicken Pahadi Kabab",2024-12-03-674ea4998ff70.png,"Hotel Raj Darbar"
531,"Chicken Reshmi Kabab",2024-12-03-674ea344a4430.png,"Hotel Raj Darbar"
532,"Chikcken Malai Thikka",2024-11-26-67456afbb185e.png,"Hotel Raj Darbar"
538,"Sabji Milan",2025-12-30-695370c9f042d.jpg,"New Rasoi Restaurant"
541,"Veg Hot & Sour Soup",2024-11-23-67417cb8646b5.png,"RK Chinese And Chat Corner"
542,"Veg Manchaw Soup",2024-11-23-67417af70dc75.png,"RK Chinese And Chat Corner"
548,"Veg Chinese Bhel",2024-11-23-67417f20ade63.png,"RK Chinese And Chat Corner"
549,"Veg Chilly Dry",2024-11-23-674179fc4cfcc.png,"RK Chinese And Chat Corner"
550,"Veg Soyabean Chilly",2024-11-23-674179452cd52.png,"RK Chinese And Chat Corner"
669,"Idli Sambar",2025-12-30-695372f3345c0.jpg,"New Rasoi Restaurant"
670,"Sada Dosa",2025-12-30-69537320c393e.jpg,"New Rasoi Restaurant"
672,"Mysore Masala Dosa",2025-12-30-6953735646848.jpg,"New Rasoi Restaurant"
673,"Paper Dosa",2025-12-30-69537383f1885.jpg,"New Rasoi Restaurant"
675,"Rawa Sada Dosa",2024-11-29-67495758d54be.png,"New Rasoi Restaurant"
679,"Cheese Rava Masala Dosa",2024-11-29-67495bd5ac1d5.png,"New Rasoi Restaurant"
680,"The Plane Uttapam",2024-11-29-67495c8409ce5.png,"New Rasoi Restaurant"
683,"Cheese Plain Uttapam",2024-11-29-67495d59500d8.png,"New Rasoi Restaurant"
684,"Onion Tomato Capsicum Uttapam",2024-11-29-67495d92cc19e.png,"New Rasoi Restaurant"
685,"Dahi Wada",2024-11-29-67495e1dc265b.png,"New Rasoi Restaurant"
686,"Finger Chips",2024-11-29-6749605f759f6.png,"New Rasoi Restaurant"
688,"Veg Sandwich",2024-11-29-67496125eed86.png,"New Rasoi Restaurant"
689,"Veg Grill Sandwich",2024-11-29-67496188a4fa6.png,"New Rasoi Restaurant"
690,"Veg Cheese Sandwich",2024-11-29-674962436369c.png,"New Rasoi Restaurant"
691,"Veg Grill Cheese Sandwich",2024-11-29-674962e655b2e.png,"New Rasoi Restaurant"
692,"Cheese Sandwich",2024-11-29-674963f884c37.png,"New Rasoi Restaurant"
693,"Cheese Toast Sandwich",2024-11-29-674964e22f05a.png,"New Rasoi Restaurant"
694,"Garlic Cheese Toast",2025-12-06-6933cd98a6cbb.jpg,"New Rasoi Restaurant"
695,"Veg Cheese Pizza",2025-12-05-6932a553beea0.jpg,"New Rasoi Restaurant"
698,"Green Salad",2025-12-05-6932a52e556d9.jpg,"New Rasoi Restaurant"
699,"Kachumbar Salad",2025-12-05-6932a50c05ff4.jpg,"New Rasoi Restaurant"
700,"Nagli Roast Papad",2025-12-05-6932a4ce67a7a.jpg,"New Rasoi Restaurant"
701,"Fry Papad",2025-12-05-6932a47729775.jpg,"New Rasoi Restaurant"
702,"Masala Papad",2025-12-05-6932a427e3b01.jpg,"New Rasoi Restaurant"
703,"Boondi Raita",2025-12-05-6932a3f08dff8.jpg,"New Rasoi Restaurant"
705,"Corn Garlic Soup",2025-12-05-6932a3b132f55.jpg,"New Rasoi Restaurant"
716,"Paneer Chilly",2025-12-05-6932a391c37f6.jpg,"New Rasoi Restaurant"
720,"Aloo Chilly",2025-12-05-6932a373c620d.jpg,"New Rasoi Restaurant"
729,"Veg Fried Rice",2025-12-05-6932a347d03f9.jpg,"New Rasoi Restaurant"
730,"Veg Schezwan Rice",2025-12-05-6932a329c67d0.jpg,"New Rasoi Restaurant"
731,"Veg Hakka Noodles",2025-12-05-6932a2761c485.jpg,"New Rasoi Restaurant"
732,"Veg Schezwan Noodles",2025-12-05-6932a257bb3eb.jpg,"New Rasoi Restaurant"
733,"Veg Hong Kong Noodles",2025-12-05-6932a22bc8634.jpg,"New Rasoi Restaurant"
734,"Tripple Schezwan Rice",2025-12-05-6932a207dacb4.jpg,"New Rasoi Restaurant"
735,"Alu Mutter",2025-12-05-6932a1e31c05c.jpg,"New Rasoi Restaurant"
736,"Chana Masala",2025-12-05-6932a1b81141f.jpg,"New Rasoi Restaurant"
737,"Shev Bhaji",2025-12-05-6932a194e2e88.jpg,"New Rasoi Restaurant"
738,"Kaju Curry",2025-12-05-6932a177c4e7a.jpg,"New Rasoi Restaurant"
739,"Dum Alu Punjabi",2025-12-05-6932a0832f6d1.jpg,"New Rasoi Restaurant"
740,"Lasuni Methi",2025-12-05-6932a0524c770.jpg,"New Rasoi Restaurant"
741,"Baingan Bharta",2025-12-05-6932a0175ebec.jpg,"New Rasoi Restaurant"
742,"Bhindi Masala",2025-12-05-69329fee7448d.jpg,"New Rasoi Restaurant"
743,"Mix veg",2025-12-04-69317dd4a86aa.jpg,"New Rasoi Restaurant"
744,"Veg Kolhapuri",2025-12-04-69317d1838e3b.jpg,"New Rasoi Restaurant"
745,"Veg Handi",2025-12-04-69317c8f9a04c.jpg,"New Rasoi Restaurant"
746,"Veg Kofta",2025-12-04-69317c331ba05.jpg,"New Rasoi Restaurant"
748,"Butter Roti",2025-12-04-69317bf419dcf.jpg,"New Rasoi Restaurant"
749,"Tandoori Roti",2025-12-04-69317bcc21303.jpg,"New Rasoi Restaurant"
750,"Butter Naan",2025-12-04-69317b9ebd7d8.jpg,"New Rasoi Restaurant"
751,"Garlic Naan",2025-12-04-69317b6d178ab.jpg,"New Rasoi Restaurant"
752,"Plain Naan",2025-12-04-69317b0e99b4d.jpg,"New Rasoi Restaurant"
753,"Dal Tadka",2025-12-04-69317ad73735b.jpg,"New Rasoi Restaurant"
868,"Dum Aloo",2024-12-05-675140121037e.png,"Madras Cafe"
869,"Mutter Paneer",2024-12-05-6751411ec3bbc.png,"Madras Cafe"
874,"Baingan Bharta",2024-12-05-675142e42cfb1.png,"Madras Cafe"
876,"Mix veg",2024-12-05-6751434ebc4f3.png,"Madras Cafe"
877,"Veg Kolhapuri",2024-12-05-6751437378fa1.png,"Madras Cafe"
878,"Paneer Korma",2024-12-05-675143bfd77fb.png,"Madras Cafe"
879,"Paneer Masala",2024-12-05-6751440e68a4d.png,"Madras Cafe"
880,"Paneer Butter Masala",2024-12-05-6751445c88cd4.png,"Madras Cafe"
882,"Paneer Bhurji",2024-12-05-67514504583eb.png,"Madras Cafe"
883,"Paneer Kofta",2024-12-05-6751455faa644.png,"Madras Cafe"
884,"Veg Korma",2024-12-05-675145bc0230d.png,"Madras Cafe"
889,"Methi Mutter Malai",2024-12-05-675149aab51ad.png,"Madras Cafe"
892,"Veg Patiyala",2024-12-05-67514bda9f76e.png,"Madras Cafe"
896,"Kadi",2024-12-05-67514ce4dc851.png,"Madras Cafe"
911,"Kerala Paratha",2024-12-05-675181b2ddc26.png,"Madras Cafe"
1035,"Kaju Curry",2024-12-10-67581047d6dd3.png,"Shripad Foods"
1036,"Paneer Butter Masala",2024-12-10-6758110b9080c.png,"Shripad Foods"
1037,"Palak Paneer (Half)",2024-12-10-675811cd06ac3.png,"Shripad Foods"
1038,"Shev Bhaji",2024-12-10-675812302648f.png,"Shripad Foods"
1039,"Chole Masala",2024-12-10-6758147f15a1f.png,"Shripad Foods"
1040,"Matki Usal",2024-12-10-675815308fb0e.png,"Shripad Foods"
1041,"Moong Amti",2024-12-10-675816dc13e43.png,"Shripad Foods"
1042,"Chawli Masala",2024-12-10-675817f48d205.png,"Shripad Foods"
1043,"Chana Masala",2024-12-10-67581896c4067.png,"Shripad Foods"
1044,"Gavar Masala",2024-12-10-6758193a441fc.png,"Shripad Foods"
1045,"Lehsuni Methi",2024-12-10-67581a36ecc0f.png,"Shripad Foods"
1046,"Bhindi Masala / Fry",2024-12-10-67581b3f01705.png,"Shripad Foods"
1047,"Baingan Masala",2024-12-10-67581be78a378.png,"Shripad Foods"
1048,"Baingan Bharta",2024-12-10-67581c4e8ee6f.png,"Shripad Foods"
1049,"Baingan Aloo",2024-12-10-67581eb533fb7.png,"Shripad Foods"
1050,"Aloo Mutter",2024-12-10-67582046388ef.png,"Shripad Foods"
1051,"Aloo Jeera",2024-12-10-67582098dd17a.png,"Shripad Foods"
1052,"Tomato Chutney",2024-12-10-675825a7cc064.png,"Shripad Foods"
1053,"Shevga Masala",2024-12-10-6758260811e36.png,"Shripad Foods"
1054,"Mix Veg Kolhapuri",2024-12-10-6758276cadd1c.png,"Shripad Foods"
1055,"Dal Fry",2025-01-15-678784bc70073.png,"Shripad Foods"
1060,"Chicken Keema Roll (Regular)",2024-12-13-675bc07e6d64d.png,"Bhole's Rock & Rolls"
1063,"Triple Egg Chicken keema roll",2024-12-13-675bc39c61e71.png,"Bhole's Rock & Rolls"
1064,"Chicken Noodles Mix Roll",2024-12-13-675bc45ed803a.png,"Bhole's Rock & Rolls"
1066,"Double Egg Chiken Noodles Roll",2024-12-13-675bc664778e3.png,"Bhole's Rock & Rolls"
1067,"Triple Egg Chiken Noodles Roll",2024-12-13-675bc746cc18e.png,"Bhole's Rock & Rolls"
1068,"Bhurji Roll",2024-12-13-675bc88549365.png,"Bhole's Rock & Rolls"
1069,"Egg Bhurji Roll",2024-12-13-675bc9b5d94b7.png,"Bhole's Rock & Rolls"
1070,"Double Egg Bhurji Roll",2024-12-13-675bca6c01c79.png,"Bhole's Rock & Rolls"
1071,"Triple Egg Bhurji Roll",2024-12-13-675bcde13db8b.png,"Bhole's Rock & Rolls"
1072,"Egg Paneer Roll",2024-12-13-675bce96d62f6.png,"Bhole's Rock & Rolls"
1073,"Double Egg Paneer Noodles Roll",2024-12-13-675bcf587ea28.png,"Bhole's Rock & Rolls"
1074,"Double Chiken Roll",2024-12-13-675bcfd175c4b.png,"Bhole's Rock & Rolls"
1075,"Double Chiken Cheese Roll",2024-12-13-675bd06260cf4.png,"Bhole's Rock & Rolls"
1076,"Aloo Roll",2024-12-13-675bd0c83dc7a.png,"Bhole's Rock & Rolls"
1079,"Soyabean Noodles Mix Roll",2024-12-13-675bd25b1c4bc.png,"Bhole's Rock & Rolls"
1080,"Noodles Roll",2024-12-13-675bd2ae69c67.png,"Bhole's Rock & Rolls"
1081,"Cheese Roll",2024-12-13-675bd39dc5875.png,"Bhole's Rock & Rolls"
1082,"Manchurian Roll",2024-12-13-675bd47aca7ae.png,"Bhole's Rock & Rolls"
1083,"Noodles Manchurian Mix Roll",2024-12-13-675bd5051038e.png,"Bhole's Rock & Rolls"
1084,"Mix Veg Roll",2024-12-13-675bd59d17088.png,"Bhole's Rock & Rolls"
1085,"Mix Veg Noodles Roll",2024-12-13-675bd6062ab8f.png,"Bhole's Rock & Rolls"
1086,"Paneer Roll",2024-12-13-675bd67630174.png,"Bhole's Rock & Rolls"
1087,"Paneer Noodles Mix Roll",2024-12-13-675bd71097168.png,"Bhole's Rock & Rolls"
1088,"Double Paneer Roll",2024-12-13-675bd786f4149.png,"Bhole's Rock & Rolls"
1089,"Egg Roll",2024-12-13-675bdb2f5fa87.png,"Bhole's Rock & Rolls"
1090,"Chiken Roll",2024-12-13-675bdd3c50832.png,"Bhole's Rock & Rolls"
1091,"Egg chicken Roll",2024-12-13-675bddb108ee9.png,"Bhole's Rock & Rolls"
1092,"Egg Paneer Roll",2024-12-13-675bdf164d0be.png,"Bhole's Rock & Rolls"
1093,"Egg Aloo Roll",2024-12-13-675bdf95c65fd.png,"Bhole's Rock & Rolls"
1094,"Egg Soyabean Roll",2024-12-13-675be046b451b.png,"Bhole's Rock & Rolls"
1095,"Egg Noodles Roll",2024-12-13-675be0d21cdd4.png,"Bhole's Rock & Rolls"
1096,"Egg Manchurian Roll",2024-12-13-675be1add7eb4.png,"Bhole's Rock & Rolls"
1108,"Idli Sambar",2024-12-15-675e747a8ee35.png,"The Front Page"
1109,"Upma",2024-12-15-675e741c43616.png,"The Front Page"
1111,"Poha",2024-12-15-675e73baaea1c.png,"The Front Page"
1112,"Sada Dosa",2024-12-15-675e76f8340d2.png,"The Front Page"
1113,"Medu Vada",2024-12-15-675e76b19c84d.png,"The Front Page"
1114,"Idli Vada",2024-12-15-675e7667844cc.png,"The Front Page"
1115,"Dal Vada",2024-12-15-675e761fdfaf0.png,"The Front Page"
1116,"Batata Vada With Pav",2024-12-15-675e75ea98c91.png,"The Front Page"
1117,"Shabudana Khichdi",2024-12-15-675e75328bc5a.png,"The Front Page"
1119,"Shabudana Wada",2024-12-15-675e7b7a8ad28.png,"The Front Page"
1120,"Masala Dosa",2024-12-15-675e7be351bb2.png,"The Front Page"
1121,"Uttapam Plain",2024-12-15-675e97c3a1696.png,"The Front Page"
1122,"Mysore Sada Dosa",2024-12-15-675e9901bcce2.png,"The Front Page"
1123,"Uttapam Onion/Tomato",2024-12-15-675e99479f113.png,"The Front Page"
1124,"Rawa Sada Dosa",2024-12-15-675e998b7c287.png,"The Front Page"
1125,"Tomato Omelette",2024-12-15-675e99d258588.png,"The Front Page"
1126,"Veg Jain Uttapam",2024-12-15-675e9a0eafa85.png,"The Front Page"
1127,"Mysore Masala Dosa",2024-12-15-675e9a4d80774.png,"The Front Page"
1128,"Mysore Onion Uttapam",2024-12-15-675e9a83bbea0.png,"The Front Page"
1129,"Uttapam Masala Coconut",2024-12-15-675e9ac89534a.png,"The Front Page"
1130,"Paper  Sada Dosa",2024-12-15-675ead41c3ed0.png,"The Front Page"
1131,"Rawa Masala Dosa",2024-12-15-675eacf1e2da9.png,"The Front Page"
1132,"Spring Dosa",2024-12-15-675eacbc3ea06.png,"The Front Page"
1133,"Papaer Masala Dosa",2024-12-15-675eac7fef938.png,"The Front Page"
1134,"Jini Dosa",2024-12-15-675eac462b1ea.png,"The Front Page"
1136,"Pacakaged Drinking Water",2024-12-15-675eab4256d13.png,"The Front Page"
1137,"Soft Drink",2024-12-15-675ea9d8c9904.png,"The Front Page"
1138,"Tea",2024-12-15-675eaa186eabd.png,"The Front Page"
1139,"Coffee",2024-12-15-675eaa4a3f1e9.png,"The Front Page"
1140,"Fresh Lime Water",2024-12-15-675eaa7c0e3d6.png,"The Front Page"
1141,"Shev Bhaji (small shev)",2024-12-16-675fb5f08d773.png,"Hari Om Dhaba"
1142,"Malai Kofta",2024-12-16-675fb687ecad1.png,"Hari Om Dhaba"
1145,"Milk Shev Bhaji",2024-12-16-675fc8fd49ed0.png,"Hari Om Dhaba"
1148,"Kaju Masala",2024-12-16-675fbc819f8c3.png,"Hari Om Dhaba"
1149,"Kaju Curry",2024-12-16-675fbcaf3507e.png,"Hari Om Dhaba"
1150,"Green Peas Masala",2024-12-16-675fbce45f53f.png,"Hari Om Dhaba"
1151,"Green Peas Aloo",2024-12-16-675fbd1e17a1b.png,"Hari Om Dhaba"
1152,"Gobi Mutter",2024-12-16-675fbd6484824.png,"Hari Om Dhaba"
1154,"Extra Bhature (Single)",2024-12-16-675fcafe31492.png,"Hari Om Dhaba"
1155,"Kanda Poha",2024-12-16-675fcb657f05f.png,"Hari Om Dhaba"
1156,"Finger Chips",2024-12-16-675fcba5d61bc.png,"Hari Om Dhaba"
1157,"Sabudana Khichadi",2024-12-16-675fcc87bc716.png,"Hari Om Dhaba"
1158,"Sabudana Wada (3 pcs)",2024-12-16-675fcd3812e26.png,"Hari Om Dhaba"
1159,"Bhagar Khichidi",2024-12-16-675fcdd1eea0b.png,"Hari Om Dhaba"
1160,"Gulab Jamun (3pcs)",2024-12-16-675fce440e58c.png,"Hari Om Dhaba"
1161,"Kheer",2024-12-16-675fcecac3f35.png,"Hari Om Dhaba"
1162,"Rasmalai (3pcs)",2024-12-16-675fcf329b9e9.png,"Hari Om Dhaba"
1163,"Milk",2024-12-16-675fcf9387ef1.png,"Hari Om Dhaba"
1164,"Nesscafe Coffee",2024-12-16-675fd01e957a0.png,"Hari Om Dhaba"
1165,"Special Tea",2024-12-16-675fd07b4f46a.png,"Hari Om Dhaba"
1166,"Cold Drinks (200ml)",2024-12-16-675fd0f5d0a39.png,"Hari Om Dhaba"
1167,"Cool Drinks 500ml",2024-12-16-675fd16635dd5.png,"Hari Om Dhaba"
1168,"Fresh Lime Water",2024-12-16-675fd1953f637.png,"Hari Om Dhaba"
1169,"Solkadhi",2024-12-16-675fd1b3181ca.png,"Hari Om Dhaba"
1170,"Minaral Water",2024-12-16-675fd227444f6.png,"Hari Om Dhaba"
1171,"Rumall Khakra",2024-12-16-675fd278627a0.png,"Hari Om Dhaba"
1172,"Cheese Rumali Khakra",2024-12-16-675fd2f6eadc2.png,"Hari Om Dhaba"
1173,"Mix Papad",2024-12-16-675fd35eaed0a.png,"Hari Om Dhaba"
1174,"Masala Papad",2024-12-16-675fd38d42e50.png,"Hari Om Dhaba"
1175,"Fry Aloo Papad",2024-12-16-675fd3e73d4aa.png,"Hari Om Dhaba"
1176,"Roast Papad  Udid Nagali",2024-12-16-675fd45eed28d.png,"Hari Om Dhaba"
1177,"Udid Papad Fry Churi (3pcs)",2024-12-16-675fd4ca73058.png,"Hari Om Dhaba"
1178,"Udid Papad Roast Churi (3pcs)",2024-12-16-675fd5282b7e6.png,"Hari Om Dhaba"
1179,"Schezwan Sauce",2024-12-16-675fd59a4f36b.png,"Hari Om Dhaba"
1180,"Manchaw Soup",2024-12-16-675fd5fdc8811.png,"Hari Om Dhaba"
1181,"Manchurian Soup",2024-12-16-675fd65990572.png,"Hari Om Dhaba"
1182,"Tomato Soup",2024-12-16-675fd67dad808.png,"Hari Om Dhaba"
1183,"Palak Soup",2024-12-16-675fd6d7de8fd.png,"Hari Om Dhaba"
1184,"Lemon Coriander Soup",2024-12-16-675fd74aa310a.png,"Hari Om Dhaba"
1185,"sweet corn Soup",2024-12-16-675fd77513893.png,"Hari Om Dhaba"
1186,"Veg Clear Soup",2024-12-16-675fd7a27a082.png,"Hari Om Dhaba"
1187,"Hot & Sour Soup",2024-12-16-675fd80ce474f.png,"Hari Om Dhaba"
1188,"Vegetable Chess Soup",2024-12-16-675fd88747a88.png,"Hari Om Dhaba"
1191,"Panner Tika Dry",2024-12-16-675fd9a7c8114.png,"Hari Om Dhaba"
1192,"Panner Malai Kabab",2024-12-16-675fda52e4257.png,"Hari Om Dhaba"
1193,"Panner Sholay Tika",2024-12-16-675fdad3ab009.png,"Hari Om Dhaba"
1194,"Panner Banjara Tika",2024-12-16-675fdb2ba9942.png,"Hari Om Dhaba"
1195,"Panner Pahadi Kabab",2024-12-16-675fdb8b99b47.png,"Hari Om Dhaba"
1196,"Panner Guljara Kabab",2024-12-16-675fdc109896f.png,"Hari Om Dhaba"
1197,"Soya Chaap Tikka Dry",2024-12-16-675fdc774fafa.png,"Hari Om Dhaba"
1198,"Veg Seekh Kabab Dry",2024-12-16-675fdcede8e8b.png,"Hari Om Dhaba"
1199,"Mashroom Tika Dry",2024-12-16-675fdd46900b9.png,"Hari Om Dhaba"
1200,"Tandoor Aaloo Tika",2024-12-16-675fdda23122a.png,"Hari Om Dhaba"
1201,"Gobi Dry Tika",2024-12-16-675ff24e18229.png,"Hari Om Dhaba"
1202,"Hara Bhara Kabab",2024-12-16-675ff2c850f02.png,"Hari Om Dhaba"
1203,"Aaloo Gobi Tikka Dry",2024-12-16-675ff349cd4aa.png,"Hari Om Dhaba"
1204,"Tandoori Platter",2024-12-16-675ff3b0eaeff.png,"Hari Om Dhaba"
1205,"Green Salad",2024-12-16-675ff3e62c4ef.png,"Hari Om Dhaba"
1206,"Cucumber Salad (Kakadi)",2024-12-16-675ff47914e8d.png,"Hari Om Dhaba"
1207,"Kuchumber Salad",2024-12-16-675ff4c6f09d6.png,"Hari Om Dhaba"
1208,"Onion Bhajiya",2024-12-16-675ff51bca240.png,"Hari Om Dhaba"
1209,"Gobi Pakoda",2024-12-16-675ff563a5ac1.png,"Hari Om Dhaba"
1210,"Aloo Pakoda",2024-12-16-675ff5bbead23.png,"Hari Om Dhaba"
1211,"Panner Pakoda",2024-12-16-675ff63c53ec1.png,"Hari Om Dhaba"
1212,"Mix Veg Pakoda",2024-12-16-675ff69d0ce8b.png,"Hari Om Dhaba"
1213,"Cheese Pakoda",2024-12-16-675ff6fb57d16.png,"Hari Om Dhaba"
1214,"Green Peas Dry",2024-12-16-675ff77f4ead4.png,"Hari Om Dhaba"
1215,"Chana Dry (Kabuli)",2024-12-16-675ff831c5921.png,"Hari Om Dhaba"
1216,"Chana Garlic Dry (Kabuli)",2024-12-16-675ff8a01c279.png,"Hari Om Dhaba"
1217,"Matki Dry",2024-12-16-675ff90a16349.png,"Hari Om Dhaba"
1218,"Gobi Dry",2024-12-16-675ff9904a67a.png,"Hari Om Dhaba"
1219,"Bhendi Dry",2024-12-16-675ff9e55e8ce.png,"Hari Om Dhaba"
1222,"Chana Koliwad",2024-12-16-675ffb1d72014.png,"Hari Om Dhaba"
1223,"Mirchi Pakoda",2024-12-16-675ffb6e50598.png,"Hari Om Dhaba"
1224,"Manchurian Dry",2024-12-16-675ffc69b5c7d.png,"Hari Om Dhaba"
1225,"Manchurian Gravy",2024-12-16-675ffd149e703.png,"Hari Om Dhaba"
1226,"Mashroom Chily Dry",2024-12-17-67610d425979f.png,"Hari Om Dhaba"
1227,"MashroomChily Gravy",2024-12-17-67610d90ec38d.png,"Hari Om Dhaba"
1228,"Soya Chilly Dry",2024-12-17-67610df230749.png,"Hari Om Dhaba"
1229,"Soya Chilly Gravy",2024-12-17-67610e6c710ec.png,"Hari Om Dhaba"
1230,"Panner Chilly Dry",2024-12-17-67610f03afcb8.png,"Hari Om Dhaba"
1231,"Panner Chilly Gravy",2024-12-17-67610f4e072b0.png,"Hari Om Dhaba"
1232,"Panner 65",2024-12-17-67610fb2abcb4.png,"Hari Om Dhaba"
1233,"Panner 65 Gravy",2024-12-17-6761103b83ec2.png,"Hari Om Dhaba"
1234,"Panner Sathe",2024-12-17-676110f9b492f.png,"Hari Om Dhaba"
1235,"Panner Manchurian",2024-12-17-676111575c4fb.png,"Hari Om Dhaba"
1236,"Panner Manchurian Gravy",2024-12-17-676111a0a49ae.png,"Hari Om Dhaba"
1237,"Gobi Chilly",2024-12-17-67611209995ec.png,"Hari Om Dhaba"
1238,"Aloo Chilly",2024-12-17-6761125f44c87.png,"Hari Om Dhaba"
1239,"Palak Chilly",2024-12-17-676112b27dadd.png,"Hari Om Dhaba"
1240,"Veg Loypop",2024-12-17-676112fb39c76.png,"Hari Om Dhaba"
1241,"Chinese Bhel",2024-12-17-676113607808b.png,"Hari Om Dhaba"
1243,"Veg Bullet",2024-12-17-67611486dbab6.png,"Hari Om Dhaba"
1244,"Veg 65",2024-12-17-6761163812a6f.png,"Hari Om Dhaba"
1245,"Veg Chilly",2024-12-17-6761169096acc.png,"Hari Om Dhaba"
1250,"Veg Crispy",2024-12-17-67611881369bc.png,"Hari Om Dhaba"
1269,"Sarsoka Saag",2024-12-17-67612d011514e.png,"Hari Om Dhaba"
1270,"Veg Pahadi Handi",2024-12-17-67612d8a3ed8c.png,"Hari Om Dhaba"
1271,"Veg Maharaja",2024-12-17-67612edd07dc4.png,"Hari Om Dhaba"
1273,"Veg Angara",2024-12-17-67612fb402616.png,"Hari Om Dhaba"
1274,"Veg Tufani",2024-12-17-676130301a115.png,"Hari Om Dhaba"
1275,"Veg Kabab Masala",2024-12-17-676130da9ed85.png,"Hari Om Dhaba"
1276,"Veg Hariyali Kabab",2024-12-17-6761313042bc1.png,"Hari Om Dhaba"
1277,"Cheese Butter Masala",2024-12-17-676131bb87c44.png,"Hari Om Dhaba"
1278,"Veg Lahori",2024-12-17-676132ff7e267.png,"Hari Om Dhaba"
1279,"Veg Hydrabadi",2024-12-17-6761335bf2eed.png,"Hari Om Dhaba"
1280,"Veg Dum Matka Handi",2024-12-17-6761341490101.png,"Hari Om Dhaba"
1281,"Veg Tawa",2024-12-17-6761348033018.png,"Hari Om Dhaba"
1282,"Veg Peshawari",2024-12-17-676134c8e947a.png,"Hari Om Dhaba"
1283,"Veg Chilly Milly",2024-12-17-67613554383b1.png,"Hari Om Dhaba"
1284,"Veg Hangama",2024-12-17-67613629df3c6.png,"Hari Om Dhaba"
1285,"Veg Koliwada Masala",2024-12-17-676136b3c8c99.png,"Hari Om Dhaba"
1286,"Alu Kanda",2024-12-17-6761439400aa4.png,"Hari Om Dhaba"
1288,"Dum Aloo Punjabi",2024-12-17-676144bad2af7.png,"Hari Om Dhaba"
1289,"Dum Alu Kashmari",2024-12-17-67614505b504b.png,"Hari Om Dhaba"
1290,"Soya Chap Khema",2024-12-17-676148ecd2ffd.png,"Hari Om Dhaba"
1291,"Soya Chap Masala",2024-12-17-6761494662172.png,"Hari Om Dhaba"
1292,"Papad Bhurji",2024-12-17-67614a88869d3.png,"Hari Om Dhaba"
1316,"Panner Kofta",2024-12-17-676156f77c5b5.png,"Hari Om Dhaba"
1320,"Pani Puri",2024-12-18-6762a96c956a0.png,"The Front Page"
1321,"Bhel Puri",2024-12-18-6762aa3be3d3d.png,"The Front Page"
1322,"Sev Puri",2024-12-18-6762ab2d40bca.png,"The Front Page"
1323,"Aloo Tikki",2024-12-18-6762abe804dd1.png,"The Front Page"
1324,"Dahi Wada",2024-12-18-6762ac1d52e2a.png,"The Front Page"
1325,"Dahi Aloo Tikki",2024-12-18-6762ac723706c.png,"The Front Page"
1326,"Papadi Chat",2024-12-18-6762acdd5bde1.png,"The Front Page"
1328,"Dahi Batata Puri",2024-12-19-6763fb2f7e810.png,"The Front Page"
1336,"Fry Papad",2025-12-17-6942a12486722.jpg,"Bhagat Tarachand"
1385,"Dahi",2025-12-17-6942a4e7870ff.jpg,"Bhagat Tarachand"
1418,"Aloo Mutter",2025-12-17-6942a4c300150.jpg,"Bhagat Tarachand"
1419,"Sev Tomato",2025-12-17-6942a495448ca.jpg,"Bhagat Tarachand"
1422,"Alu Masala",2025-12-17-6942a457abcb8.jpg,"Bhagat Tarachand"
1423,"Bhendi Masala",2025-12-17-6942a4214fb7f.jpg,"Bhagat Tarachand"
1424,"Bhendi Pyaaz",2025-12-17-6942a3f1d9c6a.jpg,"Bhagat Tarachand"
1425,"Palak Masala",2025-12-17-6942a39b51552.jpg,"Bhagat Tarachand"
1426,"Alu Jeera",2025-12-17-6942a355b7232.jpg,"Bhagat Tarachand"
1427,"Green Peace Masala",2025-12-17-6942a2f08ee01.jpg,"Bhagat Tarachand"
1460,"Spl.Butter Chapati",2025-12-17-6942a534d3335.jpg,"Bhagat Tarachand"
1461,"Spl.Desi Ghee Chapati",2025-12-17-6942a55c541a7.jpg,"Bhagat Tarachand"
1462,"Tandoori Roti",2025-12-17-6942a588f05f1.jpg,"Bhagat Tarachand"
1463,"Makai Roti",2025-12-17-6942a5abb28cc.jpg,"Bhagat Tarachand"
1464,"Bajra Roti",2025-12-17-6942a5d6e5fec.jpg,"Bhagat Tarachand"
1466,"Missi Roti",2025-12-17-6942a5f7d2676.jpg,"Bhagat Tarachand"
1467,"Veg Fried Rice",2025-12-17-6942a61ba9186.jpg,"Bhagat Tarachand"
1469,"Kaju Malai Cake",2024-12-30-67722e704155f.png,"Cake Factory"
1470,"Rasmalai Cake",2024-12-30-67722f56243aa.png,"Cake Factory"
1471,"Red Velvet Cake",2024-12-30-67722fc010604.png,"Cake Factory"
1472,"Italian Casalta Cake",2024-12-30-6772309955e75.png,"Cake Factory"
1473,"Belgium Choclate Cake",2024-12-30-67723299ab552.png,"Cake Factory"
1474,"Nutty Chocolate Cake",2024-12-30-6772332b26b8b.png,"Cake Factory"
1477,"Paneer Makhanwala",2024-12-30-6772ac6651d46.png,"Hotel Raj Darbar"
1478,"Shahi Paneer",2024-12-31-6773786f4b017.png,"Hotel Raj Darbar"
1479,"Paneer Angara",2024-12-31-6773789664f4e.png,"Hotel Raj Darbar"
1480,"Paneer  Pasanda",2024-12-31-6773795b5d0f1.png,"Hotel Raj Darbar"
1481,"Paneer Tikka Masala",2024-12-31-677387c82ecc6.png,"Hotel Raj Darbar"
1482,"Paneer Butter Masala",2024-12-31-6773880716aa7.png,"Hotel Raj Darbar"
1484,"Mushroom Paneer Masala",2024-12-31-67738aa86092b.png,"Hotel Raj Darbar"
1512,"Veg Masala Burger",2025-12-30-69538946df659.jpg,"Star Boys - Burger  Sandwhich & Pizza"
1530,"Chicken Wings",2025-01-04-6778f0180d8f0.png,"The D Cafe"
1531,"Chicken Lollipop",2025-01-04-6778f08e7bbdd.png,"The D Cafe"
1532,"Chicken Masala Lollipop",2025-01-04-6778f1251405c.png,"The D Cafe"
1533,"Chicken Chilly",2025-01-04-6778f1c377ec0.png,"The D Cafe"
1534,"Chicken 65",2025-01-04-6778f239a72b5.png,"The D Cafe"
1535,"Chicken Crispy",2025-01-04-6778f2b3c8a58.png,"The D Cafe"
1536,"Chicken Clear Soup",2025-01-04-6778f59b3dafd.png,"The D Cafe"
1537,"Chicken Manchow Soup",2025-01-04-6778fc205105b.png,"The D Cafe"
1538,"Cream Of Chicken",2025-01-04-6778fd5a67880.png,"The D Cafe"
1539,"Chicken Fried Rice",2025-01-04-6778fdcab722b.png,"The D Cafe"
1540,"Chicken Singapore Rice",2025-01-04-6778ff75b24b9.png,"The D Cafe"
1541,"Chicken Schezwan Rice",2025-01-04-6779002cdbfef.png,"The D Cafe"
1542,"Triple Chicken Schezwan Rice",2025-01-04-677900d421a8d.png,"The D Cafe"
1543,"Egg Rice",2025-01-04-67790145c30ca.png,"The D Cafe"
1544,"Chicken Manchurian Rice",2025-01-04-6779057478456.png,"The D Cafe"
1545,"Chicken Hakka Noodles",2025-01-04-677905e2b8931.png,"The D Cafe"
1546,"Chicken Singapore Noodles",2025-01-04-677906e3c6fce.png,"The D Cafe"
1547,"Chicken Schezwan Noodles",2025-01-04-67790783733ae.png,"The D Cafe"
1548,"Triple Chicken Schezwan Noodles",2025-01-04-677909916af0b.png,"The D Cafe"
1549,"Egg Hakka Noodles",2025-01-04-67790a2679512.png,"The D Cafe"
1550,"Chicken Manchurian Noodles",2025-01-04-67790b5d593bc.png,"The D Cafe"
1551,"Chicken Cheese Burger",2025-01-04-67790dd6130e8.png,"The D Cafe"
1552,"Chicken Burger",2025-01-04-67790e5129718.png,"The D Cafe"
1553,"Chicken Coleslaw Burger",2025-01-04-67790f39a636a.png,"The D Cafe"
1554,"Veg Masala Cheese Burger",2026-01-01-69562f5260fae.jpg,"Star Boys - Burger  Sandwhich & Pizza"
1555,"Aloo Tikki Burger",2026-01-01-69562f7a7a83e.jpg,"Star Boys - Burger  Sandwhich & Pizza"
1556,"Allo Tikki Cheese Burger",2026-01-01-69563be6d01c1.jpg,"Star Boys - Burger  Sandwhich & Pizza"
1557,"Shezwan Burger",2026-01-01-69563cf905402.jpg,"Star Boys - Burger  Sandwhich & Pizza"
1559,"Mayonnise Burger",2026-01-01-695640e2eefe4.jpg,"Star Boys - Burger  Sandwhich & Pizza"
1560,"Paneer Burger",2026-01-01-695640a708a14.jpg,"Star Boys - Burger  Sandwhich & Pizza"
1561,"Paneer Tika Burger",2025-11-30-692c34494e6b7.jpg,"Star Boys - Burger  Sandwhich & Pizza"
1562,"Paneer Cheese Tikka Burger",2026-01-01-69563d333938c.jpg,"Star Boys - Burger  Sandwhich & Pizza"
1564,"Veg Sandwich",2025-11-30-692c33e06ea30.jpg,"Star Boys - Burger  Sandwhich & Pizza"
1565,"Masala Sandwich",2025-11-30-692c33b936de5.jpg,"Star Boys - Burger  Sandwhich & Pizza"
1567,"Veg Cheese Sandwich",2025-11-30-692c339d0fbfc.jpg,"Star Boys - Burger  Sandwhich & Pizza"
1568,"Sweet Corn Sandwich",2025-11-30-692c33370040f.jpg,"Star Boys - Burger  Sandwhich & Pizza"
1570,"Mayonnaise Sandwich",2025-11-30-692c330f445bb.jpg,"Star Boys - Burger  Sandwhich & Pizza"
1572,"Paneer Sandwich",2025-11-30-692c32eaae0b2.jpg,"Star Boys - Burger  Sandwhich & Pizza"
1575,"Cheese Pizza",2025-11-30-692c327b264c4.jpg,"Star Boys - Burger  Sandwhich & Pizza"
1578,"Sweet Corn Pizza Cheese",2025-11-30-692c325f049fc.jpg,"Star Boys - Burger  Sandwhich & Pizza"
1580,"French Fries",2025-11-30-692c323182762.jpg,"Star Boys - Burger  Sandwhich & Pizza"
1581,"Peri Peri French Fries",2025-11-30-692c31fb274da.jpg,"Star Boys - Burger  Sandwhich & Pizza"
1584,"Peri Peri Momos",2025-11-30-692c31a533df2.jpg,"Star Boys - Burger  Sandwhich & Pizza"
1633,"Mong Dal Tadka",2025-01-07-677cc82d45686.png,"Hari Om Dhaba"
1640,"Jeera Rice",2025-01-07-677ccc463eeac.png,"Hari Om Dhaba"
1645,"Masala Rice",2025-01-07-677cce617b59c.png,"Hari Om Dhaba"
1655,"Cheese Naan",2025-01-07-677cd61e8b34c.png,"Hari Om Dhaba"
1656,"Wheat Chapati",2025-01-07-677cd6cc44f3c.png,"Hari Om Dhaba"
1658,"Bajra Bhakri",2025-01-07-677cd9894bbc2.png,"Hari Om Dhaba"
1660,"Cold Coffee Shake",2025-01-07-677cdca71da27.png,"The D Cafe"
1661,"Vanilla Shake",2025-01-07-677cdcfa51d77.png,"The D Cafe"
1663,"Chocolate Shake",2025-01-07-677cde06a62c4.png,"The D Cafe"
1664,"Garlic Bread",2025-01-07-677cdec33bb44.png,"The D Cafe"
1665,"Garlic Cheese Toast",2025-01-07-677cdeffb43b4.png,"The D Cafe"
1668,"French Fries",2025-01-07-677ce31f1b90d.png,"The D Cafe"
1669,"Masala Fries",2025-01-07-677ce3b6f0e28.png,"The D Cafe"
1670,"Cheese Fries",2025-01-07-677ce40664551.png,"The D Cafe"
1671,"Peri Peri French Fries",2025-01-07-677ce42e9ce9d.png,"The D Cafe"
1672,"Sandwich",2025-01-07-677ce4ee8e06f.png,"The D Cafe"
1673,"Veg Grill Sandwich",2025-01-07-677ce52223305.png,"The D Cafe"
1674,"Veg Cheese Grill Sandwich",2025-01-07-677ce56383870.png,"The D Cafe"
1676,"Hot Chilly Pizza",2025-01-07-677cf5ffb8cc3.png,"The D Cafe"
1677,"Veggie Pizza",2025-01-07-677cf650d1b6c.png,"The D Cafe"
1678,"Cheesy Pizza",2025-01-07-677cf6bac853e.png,"The D Cafe"
1679,"Sweet Corn Pizza Cheese",2025-01-07-677cf6ece8f9a.png,"The D Cafe"
1680,"Margherita Pizza",2025-01-07-677cf776a1597.png,"The D Cafe"
1681,"Vegetable Cheesy Pasta",2025-01-07-677cf844ebacc.png,"The D Cafe"
1682,"The D Cafe Special Pasta",2025-01-07-677cf9bfa7c0a.png,"The D Cafe"
1683,"Soya Bean Chilly",2025-01-07-677cfa3045d36.png,"The D Cafe"
1684,"Paneer Chilly Dry",2025-01-07-677cfa6421e85.png,"The D Cafe"
1685,"Paneer Manchurian",2025-01-07-677cfa97671ea.png,"The D Cafe"
1686,"Manchurian",2025-01-07-677cfbe150f7e.png,"The D Cafe"
1687,"Potato Chilly",2025-01-07-677cfc46dadb3.png,"The D Cafe"
1688,"Tomato Soup",2025-01-07-677cfc6d58db8.png,"The D Cafe"
1689,"Manchow Soup",2025-01-07-677cfce606363.png,"The D Cafe"
1690,"Noodle Soup",2025-01-07-677cfdf01141a.png,"The D Cafe"
1691,"Fried Rice",2025-01-07-677d00565f65b.png,"The D Cafe"
1692,"Singapore Rice",2025-01-07-677d0097f3136.png,"The D Cafe"
1693,"Schezwan Rice",2025-01-07-677d0128c9f64.png,"The D Cafe"
1694,"Triple Schezwan Rice",2025-01-07-677d0168efff2.png,"The D Cafe"
1695,"Manchurian Rice",2025-01-07-677d01f48cfda.png,"The D Cafe"
1696,"Paneer Fried Rice",2025-01-07-677d0284d08fe.png,"The D Cafe"
1697,"Hakka Noodles",2025-01-07-677d050c1f868.png,"The D Cafe"
1698,"Singhapore Noodles",2025-01-07-677d058927a70.png,"The D Cafe"
1699,"Schezwan  Noodles",2025-01-07-677d074814482.png,"The D Cafe"
1700,"Triple  Schezwan Noodles",2025-01-07-677d0934f0633.png,"The D Cafe"
1701,"Paneer Noodles",2025-01-07-677d0c595efb6.png,"The D Cafe"
1702,"Veg Burger",2025-01-07-677d0cd5e7187.png,"The D Cafe"
1703,"Veg Cheese Burger",2025-01-07-677d0daac509f.png,"The D Cafe"
1730,"Mutton Gravy",2025-12-21-6947ea3eece3c.jpg,"Aditya Mutton Bhakri"
1744,"Veg Tawa",2025-01-08-677e3015b9d14.png,"Shagun Tadka"
1747,"Veg Lahori",2025-01-08-677e30e463a55.png,"Shagun Tadka"
1748,"Veg Seekh Kabab Masala",2025-01-08-677e31d4453ed.png,"Shagun Tadka"
1749,"Veg Kheema Masala",2025-01-08-677e320685406.png,"Shagun Tadka"
1750,"Methi Mutter Malai",2025-01-08-677e323dc4523.png,"Shagun Tadka"
1752,"Palak Masala",2025-01-08-677e32e5b3b3e.png,"Shagun Tadka"
1753,"Bhendi Masala",2025-01-08-677e3317a935b.png,"Shagun Tadka"
1754,"Bhendi Fry (crispy)",2025-01-08-677e333959d79.png,"Shagun Tadka"
1755,"Green Peas Masala",2025-01-08-677e336ba87cc.png,"Shagun Tadka"
1756,"Shev Bhaji",2025-01-08-677e3393b6f0e.png,"Shagun Tadka"
1757,"Milk Shev Bhaji",2025-01-08-677e33b563afb.png,"Shagun Tadka"
1758,"Lasuni Methi",2025-01-08-677e33d835e58.png,"Shagun Tadka"
1759,"Dum Aloo Kashmiri",2025-01-08-677e33fb66f5b.png,"Shagun Tadka"
1760,"Dum Aloo Punjabi",2025-01-08-677e341a989c1.png,"Shagun Tadka"
1761,"Veg Korma",2025-01-08-677e3449bed64.png,"Shagun Tadka"
1762,"Kaju Masala",2025-01-08-677e346ab9184.png,"Shagun Tadka"
1763,"Aloo Jeera",2025-01-08-677e34ab0adba.png,"Shagun Tadka"
1767,"Paneer Handi",2025-01-08-677e3525eff3f.png,"Shagun Tadka"
1768,"Paneer Do Payza",2025-01-08-677e3630c7c27.png,"Shagun Tadka"
1771,"Shahi Paneer",2025-01-08-677e373a583c6.png,"Shagun Tadka"
1773,"Mutter Paneer",2025-01-08-677e37b290a78.png,"Shagun Tadka"
1774,"Paneer Masala",2025-01-08-677e37fedc200.png,"Shagun Tadka"
1775,"Paneer Bhurji",2025-01-08-677e4d9c80b38.png,"Shagun Tadka"
1777,"Veg Kofta",2025-01-08-677e5dd496c4a.png,"Shagun Tadka"
1779,"Amritsari Kofta",2025-01-08-677e5f07566da.png,"Shagun Tadka"
1782,"Veg Korma",2025-01-09-677f6db52c9b6.png,"Hotel Rawail's Seble"
1785,"Veg Kofta",2025-01-09-677f70a1d2cf8.png,"Hotel Rawail's Seble"
1786,"Paneer kadai",2025-01-09-677f6314bc076.png,"Hotel Rawail's Seble"
1787,"Aloo Palak",2025-01-09-677f63aa98bce.png,"Hotel Rawail's Seble"
1788,"Aloo Gobi",2025-01-09-677f64d6931e9.png,"Hotel Rawail's Seble"
1795,"Plain Palak",2025-01-09-677f7308918bb.png,"Hotel Rawail's Seble"
1797,"Aloo Tomato",2025-01-09-677f73b5dd22c.png,"Hotel Rawail's Seble"
1798,"Veg Do Pyaza",2025-01-09-677f73e962a8f.png,"Hotel Rawail's Seble"
1800,"Mix Veg",2025-01-09-677f745fc5f60.png,"Hotel Rawail's Seble"
1801,"Green Peas Masala",2025-01-09-677f74880b6f6.png,"Hotel Rawail's Seble"
1803,"Pithla",2025-01-09-677f75355afd1.png,"Hotel Rawail's Seble"
1804,"Dal Fry",2025-01-09-677f75636cb8c.png,"Hotel Rawail's Seble"
1805,"Dal Fry Tadka",2025-01-09-677f75d841f5f.png,"Hotel Rawail's Seble"
1806,"Kaju Curry",2025-01-09-677f78e1f2b88.png,"Hotel Rawail's Seble"
1808,"Veg.Shahi Korma",2025-01-09-677f7d15e2bfd.png,"Hotel Rawail's Seble"
1810,"Novratan Korma",2025-01-09-677f7e74c2529.png,"Hotel Rawail's Seble"
1811,"Malai Kofta",2025-01-09-677f7ea86ec43.png,"Hotel Rawail's Seble"
1817,"Garlic Palak",2025-01-09-677f814e43132.png,"Hotel Rawail's Seble"
1819,"Aloo Mutter",2025-01-09-677f81b8850f4.png,"Hotel Rawail's Seble"
1820,"Aloo Jeera",2025-01-09-677f81e97876a.png,"Hotel Rawail's Seble"
1825,"Dum Aloo",2025-01-09-677f8a0945b43.png,"Hotel Rawail's Seble"
1827,"Veg Kolhapuri",2025-01-09-677f8af64c2c1.png,"Hotel Rawail's Seble"
1828,"Veg.Sheek Kabab Masala",2025-01-09-677f8b91aeca4.png,"Hotel Rawail's Seble"
1829,"Shev Bhaji",2025-01-09-677f8bbf24956.png,"Hotel Rawail's Seble"
1832,"Butter Chicken",2025-01-09-677f8e5f299b7.png,"Hotel Rawail's Seble"
1834,"Chicken Maratha",2025-01-09-677f8f984542a.png,"Hotel Rawail's Seble"
1836,"Chicken Tandoori Handi",2025-01-09-677f92e533ea1.png,"Hotel Rawail's Seble"
1838,"Chicken kadai",2025-01-09-677f938ec8413.png,"Hotel Rawail's Seble"
1839,"Chicken Tikka Masala",2025-01-09-677f94b59b59d.png,"Hotel Rawail's Seble"
1846,"Mutton Handi",2025-01-09-677fa41b8c55b.png,"Hotel Rawail's Seble"
1847,"Mutton Maratha",2025-01-09-677fa4d553c9c.png,"Hotel Rawail's Seble"
1849,"Mutton Masala",2025-01-09-677fa540d5019.png,"Hotel Rawail's Seble"
1850,"Mutton Curry",2025-01-09-677fa5f84e923.png,"Hotel Rawail's Seble"
1854,"Chiken Curry",2025-01-09-677fa87806362.png,"Hotel Rawail's Seble"
1863,"Plain Naan",2025-01-10-6780fc6069539.png,"Hotel Rawail's Seble"
1865,"Paratha",2025-01-09-677fadd984ffb.png,"Hotel Rawail's Seble"
1886,"Veg Schezwan Noodles",2025-12-04-69315767e4363.jpg,"Inayat Cafe"
1901,"Veg Fried Rice",2025-12-04-693157480bdc4.jpg,"Inayat Cafe"
1902,"Veg Pulao",2025-12-04-693157289dfd3.jpg,"Inayat Cafe"
1908,"Chicken Tangadi Kabab 1 Pic",2025-01-09-677fbde2b3c58.png,"Hotel Rawail's Seble"
1909,"Chicken Tikka",2025-01-09-677fbe6f310ae.png,"Hotel Rawail's Seble"
1912,"Tandoori Chicken",2025-01-09-677fc00844690.png,"Hotel Rawail's Seble"
1914,"Mutton Fry",2025-01-09-677fc0d28d47e.png,"Hotel Rawail's Seble"
1916,"Chicken Fry",2025-01-09-677fc1370773a.png,"Hotel Rawail's Seble"
1918,"Chinese Bhel",2025-01-09-677fc2c64668f.png,"Hotel Rawail's Seble"
1919,"Aloo Chilly",2025-01-09-677fc2f91ceea.png,"Hotel Rawail's Seble"
1921,"Veg Chilli Milli",2025-01-09-677fc63acff94.png,"Hotel Rawail's Seble"
1922,"Gobi Chilly",2025-01-09-677fc66935834.png,"Hotel Rawail's Seble"
1925,"Veg Krispy",2025-01-09-677fc737aaef5.png,"Hotel Rawail's Seble"
1938,"Chicken Tandoori Masala",2025-12-28-6950f41a43300.jpg,"Inayat Cafe"
1944,"Chicken Banjara Kabab",2025-12-04-693156ebd1f97.jpg,"Inayat Cafe"
1945,"Chicken Pahadi Kabab",2025-12-04-693156cb89d49.jpg,"Inayat Cafe"
1946,"Chicken Tangdi Kabab",2025-12-04-693156a7c5c07.jpg,"Inayat Cafe"
1955,"Mushroom Masala",2025-12-04-69315679cd579.jpg,"Inayat Cafe"
1963,"Chicken Chilly",2025-12-04-693129d8ddfea.jpg,"Inayat Cafe"
1965,"Chicken Crispy",2025-12-04-6931298b1b9f8.jpg,"Inayat Cafe"
1966,"Chicken Lollipop 8PCS",2025-12-01-692da27c176cf.jpg,"Inayat Cafe"
1967,"Chicken 65",2025-12-01-692da25debf72.jpg,"Inayat Cafe"
1969,"Tandoori Roti",2025-01-10-6780da69296ce.png,"Shagun Tadka"
1970,"Butter Roti",2025-01-10-6780daa49b964.png,"Shagun Tadka"
1971,"Chapati",2025-01-10-6780dcf74548a.png,"Shagun Tadka"
1972,"Butter Chapati",2025-01-10-6780dd220d68d.png,"Shagun Tadka"
1973,"Bhakri",2025-01-10-6780dd720d20c.png,"Shagun Tadka"
1974,"Butter Bhakri",2025-01-10-6780dd9b1b9f9.png,"Shagun Tadka"
1975,"Plain Naan",2025-01-10-6780ddc7527a1.png,"Shagun Tadka"
1976,"Butter Naan",2025-01-10-6780ddf25bf02.png,"Shagun Tadka"
1978,"Tawa Butter Paratha",2025-01-10-6780de9020d24.png,"Shagun Tadka"
1980,"Rumali Roti",2025-01-10-6780dfe59e080.png,"Shagun Tadka"
1981,"Steamed Rice",2025-01-10-6780e10ed31df.png,"Shagun Tadka"
1983,"Dal Khichdi",2025-01-10-6780e6472dc82.png,"Shagun Tadka"
1984,"Dal Tadka Khichdi",2025-01-10-6780e661ae255.png,"Shagun Tadka"
1986,"Veg Pulao",2025-01-10-6780e96e1ed93.png,"Shagun Tadka"
1987,"Masala Rice",2025-01-10-6780e9ccb4d6d.png,"Shagun Tadka"
1988,"Veg Biryani",2025-01-10-6780e9f8e9ef1.png,"Shagun Tadka"
1989,"Veg Dum Biryani",2025-01-10-6780ea52eb67e.png,"Shagun Tadka"
1990,"Veg Dum Biryani",2025-01-10-6780eb1d8942b.png,"Shagun Tadka"
1991,"Hydrabad Veg Dum Biryani",2025-01-10-6780eb532624b.png,"Shagun Tadka"
1992,"Paneer Tikka Biryani",2025-01-10-6780ebb3ec900.png,"Shagun Tadka"
1997,"Chicken Lolipop",2025-01-11-6782419c891a9.png,"Hotel Rawail's Seble"
2000,"Veg 65",2025-01-11-67822bd615539.png,"Shagun Tadka"
2001,"Veg Spring Roll",2025-01-11-67822c955fce1.png,"Shagun Tadka"
2012,"Green Salad",2025-01-11-678248a04b2fe.png,"Kaka Ka Dhaba"
2013,"Kaju Fry",2025-01-11-6782491bcb7b6.png,"Kaka Ka Dhaba"
2015,"Cheese Cherry Pineapple",2025-01-11-67824a90521d4.png,"Kaka Ka Dhaba"
2017,"Finger Chips",2025-01-11-67824bcbd1509.png,"Kaka Ka Dhaba"
2019,"Aloo Chilly Fry",2025-01-11-67824c6b79d30.png,"Kaka Ka Dhaba"
2020,"Gobi Manchurian",2025-01-11-67824d26a68eb.png,"Kaka Ka Dhaba"
2022,"Gobi Chilly",2025-01-11-67824dae1ed80.png,"Kaka Ka Dhaba"
2023,"Mushroom Manchurian",2025-01-11-67824e15a3fd0.png,"Kaka Ka Dhaba"
2024,"Mushroom Chilly",2025-01-11-67824ecbc6d75.png,"Kaka Ka Dhaba"
2025,"Veg Pakoda",2025-01-11-67824eeccd95a.png,"Kaka Ka Dhaba"
2026,"Palak Chilly",2025-01-11-67824f4fceae6.png,"Kaka Ka Dhaba"
2027,"Paneer Manchurian",2025-01-11-67824fa77d760.png,"Kaka Ka Dhaba"
2028,"Paneer Chilly",2025-01-11-678250344694a.png,"Kaka Ka Dhaba"
2029,"Veg Cutlet",2025-01-11-67825054e6ee0.png,"Kaka Ka Dhaba"
2030,"Paneer Sathey",2025-01-11-678250a2694f0.png,"Kaka Ka Dhaba"
2031,"Paneer Schezwan",2025-01-11-678250eb4dab4.png,"Kaka Ka Dhaba"
2032,"Soyabean Chilly",2025-01-11-6782513760497.png,"Kaka Ka Dhaba"
2033,"Soyabean Manchurian",2025-01-11-67825187947f0.png,"Kaka Ka Dhaba"
2034,"Veg. Chinese Chilly",2025-01-11-678251df61435.png,"Kaka Ka Dhaba"
2035,"Veg. 65",2025-01-11-678252276f792.png,"Kaka Ka Dhaba"
2038,"Veg Bullet",2025-01-11-678252a89b64d.png,"Kaka Ka Dhaba"
2040,"Veg. Manchurian",2025-01-11-678252fe718d9.png,"Kaka Ka Dhaba"
2041,"Veg Chilly",2025-01-11-6782535f39ed8.png,"Kaka Ka Dhaba"
2043,"Veg. Crunchy",2025-01-11-6782540064fe7.png,"Kaka Ka Dhaba"
2045,"Veg. Finger Schezwan",2025-01-11-6782546fbf458.png,"Kaka Ka Dhaba"
2046,"Veg. Gold Coin",2025-01-11-678254eecaee3.png,"Kaka Ka Dhaba"
2047,"Veg. Lollipop",2025-01-11-678255c5f18ff.png,"Kaka Ka Dhaba"
2048,"Veg. Crispy",2025-01-11-6782563fdc8b5.png,"Kaka Ka Dhaba"
2049,"Veg Ginger Schezwan",2025-01-11-678256c82cbd0.png,"Kaka Ka Dhaba"
2050,"Veg. Sanghai",2025-01-11-67825751dc4c6.png,"Kaka Ka Dhaba"
2051,"Veg. Sesame",2025-01-11-678257c26826a.png,"Kaka Ka Dhaba"
2052,"Chinese Bhel",2025-01-11-6782581f655ae.png,"Kaka Ka Dhaba"
2053,"Schezwan Sauce",2025-01-11-67825885497ce.png,"Kaka Ka Dhaba"
2054,"Baby Corn Chilly",2025-01-11-678258e900bd8.png,"Kaka Ka Dhaba"
2055,"Soyabeen Thai Pan Ki",2025-01-11-67825a08c303e.png,"Kaka Ka Dhaba"
2056,"Bundi Raita",2025-01-11-67825a3d070d8.png,"Kaka Ka Dhaba"
2057,"Mushroom Thai Pan Ki",2025-01-11-67825a6a2c1f7.png,"Kaka Ka Dhaba"
2058,"Veg Raita",2025-01-11-67825aeb73489.png,"Kaka Ka Dhaba"
2059,"Paneer Thai Pan Ki",2025-01-11-67825b75e88e8.png,"Kaka Ka Dhaba"
2060,"Mix Thai Pan Ki",2025-01-11-67825ca1ddd21.png,"Kaka Ka Dhaba"
2061,"Pineapple Raita",2025-01-11-67825df70f365.png,"Kaka Ka Dhaba"
2062,"Curd",2025-01-11-67825eedc9bdc.png,"Kaka Ka Dhaba"
2063,"Curd Kachumber",2025-01-11-67826156dcc6d.png,"Kaka Ka Dhaba"
2065,"Kachumber",2025-01-11-678262d781493.png,"Kaka Ka Dhaba"
2067,"Mutton Bhuna Dry",2025-12-19-69451599d082f.jpg,"Aditya Mutton Bhakri"
2068,"Mutton Khima",2025-12-19-694515ddd5fde.jpg,"Aditya Mutton Bhakri"
2069,"Hot & Sour Soup",2025-01-11-6782641c3e9d7.png,"Kaka Ka Dhaba"
2071,"Liver Fry",2025-12-19-694516f233772.jpg,"Aditya Mutton Bhakri"
2072,"Mutton Biryani",2025-12-19-69451715a35df.jpg,"Aditya Mutton Bhakri"
2074,"Mutton Handi",2025-12-19-6945195c237cd.jpg,"Aditya Mutton Bhakri"
2075,"Palak Soup",2025-01-11-67826868df938.png,"Kaka Ka Dhaba"
2076,"Mutton Soup",2025-12-19-69451a15a2edb.jpg,"Aditya Mutton Bhakri"
2077,"Mutton Paya Soup",2025-12-19-69451a4984e5f.jpg,"Aditya Mutton Bhakri"
2078,"Sweet Corn Piain Soup",2025-01-11-67826a05b968d.png,"Kaka Ka Dhaba"
2079,"Sweet Corn Veg Soup",2025-01-11-67826b4246fc8.png,"Kaka Ka Dhaba"
2080,"Tomato Soup",2025-01-11-67826bbb6385f.png,"Kaka Ka Dhaba"
2081,"Veg Clear Soup",2025-01-11-67826c32d8233.png,"Kaka Ka Dhaba"
2082,"Manchow Soup",2025-01-11-67826c9e96b14.png,"Kaka Ka Dhaba"
2083,"Mushroom Soup",2025-01-11-67826d28c72ff.png,"Kaka Ka Dhaba"
2084,"Veg. Noodles Soup",2025-01-11-67826daeb2c2b.png,"Kaka Ka Dhaba"
2085,"Chicken Clear Soup",2025-01-11-67826e860af07.png,"Kaka Ka Dhaba"
2086,"Chicken Clear Soup",2025-01-11-67826feb29115.png,"Kaka Ka Dhaba"
2087,"Chicken Manchow Soup",2025-01-11-6782703dd67f9.png,"Kaka Ka Dhaba"
2088,"Hot & Sour Chicken Soup",2025-01-11-678271061ab00.png,"Kaka Ka Dhaba"
2089,"Chicken Noodles Soup",2025-01-11-67827170e26a3.png,"Kaka Ka Dhaba"
2090,"Lung Fung Soup",2025-01-11-678271eee3440.png,"Kaka Ka Dhaba"
2092,"Paya Soup",2025-01-11-67827332d1655.png,"Kaka Ka Dhaba"
2093,"Sweet Corn Chicken Soup",2025-01-11-6782738f165b1.png,"Kaka Ka Dhaba"
2094,"Mutton Boil Soup",2025-01-11-678273edc46e3.png,"Kaka Ka Dhaba"
2095,"Bread Butter",2025-01-11-678274722f576.png,"Kaka Ka Dhaba"
2096,"Plain Bread Slice",2025-01-11-678274e2ecb60.png,"Kaka Ka Dhaba"
2097,"Veg. Sandwich",2025-01-11-678275945d351.png,"Kaka Ka Dhaba"
2098,"Cheese Sandwich",2025-01-11-678275f4b17c4.png,"Kaka Ka Dhaba"
2099,"Mushroom Pulav",2025-01-11-67827a8cb3ce1.png,"Kaka Ka Dhaba"
2100,"Omlet Sandwich",2025-01-11-678276a904abb.png,"Kaka Ka Dhaba"
2101,"Veg Cheese Sandwich",2025-01-11-678277c495002.png,"Kaka Ka Dhaba"
2102,"Veg. Fried Rice",2025-01-11-6782787fbb942.png,"Kaka Ka Dhaba"
2104,"Veg. Schezwan F-Rice",2025-01-11-678278d47331e.png,"Kaka Ka Dhaba"
2105,"Aloo Mutter/Gobi",2025-01-11-67827986cfed1.png,"Kaka Ka Dhaba"
2106,"Air Beingan",2025-01-11-67827c64385eb.png,"Kaka Ka Dhaba"
2107,"Brain Bhurji",2025-01-11-67827c9113ee0.png,"Kaka Ka Dhaba"
2108,"Aioo Paak",2025-01-11-67827d82357bb.png,"Kaka Ka Dhaba"
2109,"Brain Masala",2025-01-11-67827dee7e48f.png,"Kaka Ka Dhaba"
2111,"Dal Ghosh",2025-01-11-67827f9b1e477.png,"Kaka Ka Dhaba"
2112,"Kheema Fry",2025-01-11-67828051870ff.png,"Kaka Ka Dhaba"
2113,"Kheema Liver",2025-01-11-67828108eb133.png,"Kaka Ka Dhaba"
2114,"Kheema Masala",2025-01-11-678281c75f5ac.png,"Kaka Ka Dhaba"
2115,"Kheema Moghlai",2025-01-11-6782829e27cf7.png,"Kaka Ka Dhaba"
2116,"Masala Rice",2025-01-11-6782842fcb5ad.png,"Kaka Ka Dhaba"
2117,"Palak Khichda",2025-01-11-67828461d4f75.png,"Kaka Ka Dhaba"
2118,"Palak Khichda (Tadka)",2025-01-11-678284a647fc9.png,"Kaka Ka Dhaba"
2121,"Kashmiri Pulav",2025-01-11-67828551f0efb.png,"Kaka Ka Dhaba"
2122,"Green Peas Pulav",2025-01-11-678285967c67c.png,"Kaka Ka Dhaba"
2124,"Kheema Mutter",2025-01-11-6782861cb168b.png,"Kaka Ka Dhaba"
2125,"Bhendi Fry",2025-01-11-6782865be4e4a.png,"Kaka Ka Dhaba"
2126,"Mutton Curry",2025-01-11-678286c03ed7e.png,"Kaka Ka Dhaba"
2127,"Bhendi masala",2025-01-11-678286eb9f80c.png,"Kaka Ka Dhaba"
2128,"Mutton Liver Masala",2025-01-11-6782876e7a93a.png,"Kaka Ka Dhaba"
2129,"Mutton Masala & Fry",2025-01-11-678288243cae2.png,"Kaka Ka Dhaba"
2130,"Chana Masala",2025-01-11-6782882f382c0.png,"Kaka Ka Dhaba"
2131,"Chana Paneer",2025-01-11-678288ae94286.png,"Kaka Ka Dhaba"
2132,"Mutton Palakwala (P)",2025-01-11-67828973d0515.png,"Kaka Ka Dhaba"
2136,"Dal Fry Butter",2025-01-11-67828a93aabf9.png,"Kaka Ka Dhaba"
2137,"Mutton Rogan Josh",2025-01-11-67828b2c983aa.png,"Kaka Ka Dhaba"
2139,"Mutton Maratha",2025-01-11-67828bbfc66ff.png,"Kaka Ka Dhaba"
2141,"Mutton Do Pyaza",2025-01-11-67828ca656367.png,"Kaka Ka Dhaba"
2142,"Mutton Moghlai",2025-01-11-67828da390210.png,"Kaka Ka Dhaba"
2143,"Mutton Dahi wala",2025-01-11-67828e3ff140a.png,"Kaka Ka Dhaba"
2144,"Dal Makhani (B)",2025-01-11-67828e6ca5620.png,"Kaka Ka Dhaba"
2145,"Dal Paneer",2025-01-11-67828ee21eb96.png,"Kaka Ka Dhaba"
2146,"Mutton Seek Kabab",2025-01-11-67828f0579871.png,"Kaka Ka Dhaba"
2147,"Dum Aloo Punjabi",2025-01-11-67828f8f82fb2.png,"Kaka Ka Dhaba"
2148,"Gobi Mutter",2025-01-11-67829000c4581.png,"Kaka Ka Dhaba"
2149,"Gobi Masala",2025-01-11-6782907a713ba.png,"Kaka Ka Dhaba"
2150,"Mutton Masala Spl.& Fry (p)",2025-01-11-67829097903b6.png,"Kaka Ka Dhaba"
2151,"Mutton Palakwala Spl (p)",2025-01-11-67829119ed421.png,"Kaka Ka Dhaba"
2152,"Gravy",2025-01-11-67829155cd9d6.png,"Kaka Ka Dhaba"
2153,"Mutton Moghlai Spl. (p)",2025-01-11-678291afe43dc.png,"Kaka Ka Dhaba"
2154,"Mutton Dalgosh spl.(p)",2025-01-11-6782927710ea3.png,"Kaka Ka Dhaba"
2155,"Mutton Nagpuri Masala (P)",2025-01-11-6782931cade96.png,"Kaka Ka Dhaba"
2156,"Mutton Nagpuri Masala Spl.(P)",2025-01-11-678294cd50cf0.png,"Kaka Ka Dhaba"
2157,"Mutton Maratha Spl. (P)",2025-01-11-678295613b051.png,"Kaka Ka Dhaba"
2158,"Kheema Mutton",2025-01-11-678295cec98c9.png,"Kaka Ka Dhaba"
2159,"Green Peas Masala",2025-01-11-67829629d8109.png,"Kaka Ka Dhaba"
2160,"Chicken Adraki",2025-01-11-6782965e20dbd.png,"Kaka Ka Dhaba"
2161,"Chicken Dahiwala",2025-01-11-678296c71a4f8.png,"Kaka Ka Dhaba"
2162,"Kaju Curry (Red/White)",2025-01-11-6782970216b5d.png,"Kaka Ka Dhaba"
2163,"Chicken Irani",2025-01-11-678297829a910.png,"Kaka Ka Dhaba"
2164,"Malai Kofta (Red/White)",2025-01-11-6782979a57e02.png,"Kaka Ka Dhaba"
2165,"Chicken Masala",2025-01-11-678297eeeb35f.png,"Kaka Ka Dhaba"
2166,"Nargis Kofta",2025-01-11-678297fb9db32.png,"Kaka Ka Dhaba"
2167,"Chicken Moghlai",2025-01-11-6782985d417ea.png,"Kaka Ka Dhaba"
2168,"Paneer Kofta",2025-01-11-678298ba3af8b.png,"Kaka Ka Dhaba"
2169,"Chicken Palakwala",2025-01-11-6782992572192.png,"Kaka Ka Dhaba"
2170,"Special Kofta",2025-01-11-67829954649d7.png,"Kaka Ka Dhaba"
2171,"Chicken Tikka Masala (6) Pcs",2025-01-11-678299ab832f2.png,"Kaka Ka Dhaba"
2172,"Veg. Kofta",2025-01-11-678299e3ccace.png,"Kaka Ka Dhaba"
2173,"Butter Chicken",2025-01-11-67829a308dec9.png,"Kaka Ka Dhaba"
2174,"Methi Lassoni",2025-01-11-67829c5e8580d.png,"Kaka Ka Dhaba"
2175,"Butter Chicken With Bone",2025-01-11-6782a1d2d1205.png,"Kaka Ka Dhaba"
2176,"Tawa Chicken",2025-01-11-6782a24cd02aa.png,"Kaka Ka Dhaba"
2177,"Chicken Lapa Lap (p)",2025-01-11-6782a4283ca1d.png,"Kaka Ka Dhaba"
2178,"Chicken Masala Nagpuri",2025-01-11-6782a4ea1b49f.png,"Kaka Ka Dhaba"
2179,"Chicken Maratha",2025-01-11-6782a57ba7156.png,"Kaka Ka Dhaba"
2180,"Chicken Lajawab Masala",2025-01-11-6782a607e7c17.png,"Kaka Ka Dhaba"
2181,"Chicken Seek Kabab M/s",2025-01-11-6782a68abdc84.png,"Kaka Ka Dhaba"
2182,"Chicken Tanduri Masala",2025-01-11-6782a70f966a4.png,"Kaka Ka Dhaba"
2183,"Chicken Cutlet",2025-01-11-6782a8ee5c22c.png,"Kaka Ka Dhaba"
2184,"Chicken Bullet Dry",2025-01-11-6782a9f0a6ea9.png,"Kaka Ka Dhaba"
2185,"Chicken Chilly B/L (12) Pcs.",2025-01-11-6782aa6c510c4.png,"Kaka Ka Dhaba"
2186,"Chicken Chilly",2025-01-11-6782aaf7c32e2.png,"Kaka Ka Dhaba"
2187,"Chicken Manchurian (12) Pcs.",2025-01-11-6782ab7753c36.png,"Kaka Ka Dhaba"
2188,"Chicken Manchurian Liq. (12) Pcs.",2025-01-11-6782abf207ebe.png,"Kaka Ka Dhaba"
2189,"Chicken Chaina Twon",2025-01-11-6782aceee085e.png,"Kaka Ka Dhaba"
2190,"Chicken Contaki-Dry",2025-01-11-6782ad916d7ae.png,"Kaka Ka Dhaba"
2191,"Chicken Lollipop (6) Pes.",2025-01-11-6782ae4b271da.png,"Kaka Ka Dhaba"
2192,"Chicken Crispy (8) Pcs.",2025-01-11-6782af0d3d973.png,"Kaka Ka Dhaba"
2193,"Chicken Ginger (12) Pcs.",2025-01-11-6782af72876ed.png,"Kaka Ka Dhaba"
2194,"Chicken Garlic",2025-01-11-6782aff61a414.png,"Kaka Ka Dhaba"
2195,"Chicken Schezwan (12) Pcs.",2025-01-11-6782b0597b021.png,"Kaka Ka Dhaba"
2196,"Chicken-65 B/L (12) Pcs.",2025-01-11-6782b0bf8bab1.png,"Kaka Ka Dhaba"
2197,"Chicken 65",2025-01-11-6782b1552e04d.png,"Kaka Ka Dhaba"
2198,"Chinese Chicken",2025-01-11-6782b1ed38d16.png,"Kaka Ka Dhaba"
2199,"Chilly B/L Fish Finger",2025-01-11-6782b3a6db3b4.png,"Kaka Ka Dhaba"
2200,"Methi Malai Mutter",2025-01-12-6783100c5a204.png,"Kaka Ka Dhaba"
2202,"Baby corn Tikka Masala",2025-01-12-6783110bc9f84.png,"Kaka Ka Dhaba"
2203,"Mushroom Masala",2025-01-12-678311a88f577.png,"Kaka Ka Dhaba"
2204,"Mushroom Tikka Masala",2025-01-12-67831210e9f3c.png,"Kaka Ka Dhaba"
2207,"Kaju Korma",2025-01-12-678313416cb02.png,"Kaka Ka Dhaba"
2208,"Navratan Korma",2025-01-12-67831393bcc1f.png,"Kaka Ka Dhaba"
2209,"Veg.Korma",2025-01-12-678313f4a4c50.png,"Kaka Ka Dhaba"
2210,"Paneer Korma",2025-01-12-678314474dab1.png,"Kaka Ka Dhaba"
2211,"Palak Lasooni",2025-01-12-67831494e92eb.png,"Kaka Ka Dhaba"
2214,"Paneer Masala",2025-01-12-6783162b9e4df.png,"Kaka Ka Dhaba"
2215,"Paneer Musion",2025-01-12-6783167c024c5.png,"Kaka Ka Dhaba"
2218,"Plain Palak",2025-01-12-678317734d7ef.png,"Kaka Ka Dhaba"
2220,"Palak Mutter",2025-01-12-67831825712d8.png,"Kaka Ka Dhaba"
2221,"Thecha",2025-01-12-6783186d879ce.png,"Kaka Ka Dhaba"
2222,"Veg. Kheema",2025-01-12-678318c10ae0d.png,"Kaka Ka Dhaba"
2223,"Shev Bhaji",2025-01-12-6783190fe5fbf.png,"Kaka Ka Dhaba"
2224,"Milk Shev Bhaji",2025-01-12-6783195e8f52f.png,"Kaka Ka Dhaba"
2225,"Simla Mirch Curry / Fry",2025-01-12-678319b7911f7.png,"Kaka Ka Dhaba"
2226,"Soyabean Masala",2025-01-12-67831a2bf235c.png,"Kaka Ka Dhaba"
2227,"Stuff Simla Mirch",2025-01-12-67831a822888b.png,"Kaka Ka Dhaba"
2228,"Stuff Tomoto",2025-01-12-67831aed8a4c6.png,"Kaka Ka Dhaba"
2229,"Tomato Chutney",2025-01-12-67831b4a04bf5.png,"Kaka Ka Dhaba"
2230,"Veg. Jaipuri",2025-01-12-67831b971d35b.png,"Kaka Ka Dhaba"
2231,"Veg.Kolhapuri",2025-01-12-67831bf29a2d5.png,"Kaka Ka Dhaba"
2232,"Veg. Makhanwala",2025-01-12-67831c4e3ba45.png,"Kaka Ka Dhaba"
2233,"Veg. Patiyala",2025-01-12-67831ccade0d0.png,"Kaka Ka Dhaba"
2234,"Fish Manchurian",2025-01-12-67831cec82b2a.png,"Kaka Ka Dhaba"
2235,"Veg.Tiranga",2025-01-12-67831d1519a69.png,"Kaka Ka Dhaba"
2236,"Veg.Seek Kabab Masala",2025-01-12-67831d7bf3070.png,"Kaka Ka Dhaba"
2237,"Fish Surmai Chilly Fry",2025-01-12-67831d8b6506c.png,"Kaka Ka Dhaba"
2238,"Hara Bhara Kabab M/S",2025-01-12-67831dc34da01.png,"Kaka Ka Dhaba"
2239,"Prawns Chilly Fry",2025-01-12-67831e09ca2b1.png,"Kaka Ka Dhaba"
2240,"Chole Bhature",2025-01-12-67831e2240628.png,"Kaka Ka Dhaba"
2241,"Baby corn Masala",2025-01-12-67831e6691203.png,"Kaka Ka Dhaba"
2242,"Chicken Dry",2025-01-12-67831e821a7ce.png,"Kaka Ka Dhaba"
2243,"Baby corn Mushroom",2025-01-12-67831eb462982.png,"Kaka Ka Dhaba"
2244,"Baby corn Tawa",2025-01-12-67831ef9cecbc.png,"Kaka Ka Dhaba"
2245,"Chicken Barbicqueb",2025-01-12-67831f5a041b8.png,"Kaka Ka Dhaba"
2249,"Chicken Thai-Pen-Ki",2025-01-12-6783200a4abce.png,"Kaka Ka Dhaba"
2250,"Baby Corn Mushroom Kadhai",2025-01-12-6783203edc0db.png,"Kaka Ka Dhaba"
2251,"Fish Thai Pan Ki",2025-01-12-67832105d50c6.png,"Kaka Ka Dhaba"
2253,"Fish Bombil Fry",2025-01-12-678321de490f3.png,"Kaka Ka Dhaba"
2254,"Egg Fried Rice",2025-01-12-67832258b7595.png,"Kaka Ka Dhaba"
2255,"Egg Schezwan Fried Rice",2025-01-12-6783238b886b1.png,"Kaka Ka Dhaba"
2256,"Chicken Fried Rice",2025-01-12-67832468e9d33.png,"Kaka Ka Dhaba"
2257,"Chicken Schezwan",2025-01-12-678324eaeb507.png,"Kaka Ka Dhaba"
2258,"Schezwan Rice Tripple (Ch)",2025-01-12-67832587a501a.png,"Kaka Ka Dhaba"
2259,"Mix Fried Rice",2025-01-12-6783260e204b1.png,"Kaka Ka Dhaba"
2260,"Prawns Fried Rice",2025-01-12-67832697a5f08.png,"Kaka Ka Dhaba"
2261,"Schezwan Fried Rice (Prawns)",2025-01-12-6783270e3fe1c.png,"Kaka Ka Dhaba"
2263,"Chicken Schezwan Noodles",2025-01-12-6783281ddcb5b.png,"Kaka Ka Dhaba"
2264,"Mutton Roast Spl.",2025-01-12-678328a488ba3.png,"Kaka Ka Dhaba"
2265,"Brain Masala Fry",2025-01-12-678329ba57d44.png,"Kaka Ka Dhaba"
2266,"Brain Oil Fry",2025-01-12-67832a57b1707.png,"Kaka Ka Dhaba"
2268,"Chicken Garlic Noodle",2025-01-12-67832af3b371c.png,"Kaka Ka Dhaba"
2271,"Mix Hakka Noodles",2025-01-12-67832b9846f50.png,"Kaka Ka Dhaba"
2272,"Chicken Tikka (8 Pieces)",2025-01-12-67832bea5adfc.png,"Kaka Ka Dhaba"
2273,"Prawns Hakka Noodles",2025-01-12-67832c1a88d8b.png,"Kaka Ka Dhaba"
2274,"Chicken Seekh Kabab",2025-01-12-67832c67237d2.png,"Kaka Ka Dhaba"
2275,"Chicken Spring Roll",2025-01-12-67832c937c0c2.png,"Kaka Ka Dhaba"
2276,"Chicken Malai Kabab",2025-01-12-67832ce5b8f37.png,"Kaka Ka Dhaba"
2277,"Mix Spring Roll",2025-01-12-67832d170ae4c.png,"Kaka Ka Dhaba"
2278,"Chicken Lasuni Kabab",2025-01-12-67832d62a1c00.png,"Kaka Ka Dhaba"
2279,"Prawns Spring Roll",2025-01-12-67832d9675fb2.png,"Kaka Ka Dhaba"
2280,"Chicken Pudina Kabab",2025-01-12-67832db7d3db8.png,"Kaka Ka Dhaba"
2281,"Chicken Achari Kabab",2025-01-12-67832e15867e2.png,"Kaka Ka Dhaba"
2282,"Chicken Cheese Roll",2025-01-12-67832e5241ff8.png,"Kaka Ka Dhaba"
2283,"Chicken Banjara Kabab",2025-01-12-67832e7b732b5.png,"Kaka Ka Dhaba"
2284,"Chicken Pahadi Kabab",2025-01-12-67832ee820349.png,"Kaka Ka Dhaba"
2285,"Chicken Ducket",2025-01-12-67832f574e4ce.png,"Kaka Ka Dhaba"
2286,"Chicken Pankhi Kabab",2025-01-12-67832fa7b898b.png,"Kaka Ka Dhaba"
2287,"Schezwan Rice Tripple",2025-01-12-67832fc93bafa.png,"Kaka Ka Dhaba"
2288,"Chicken Reshmi Kabab",2025-01-12-67832fe771e25.png,"Kaka Ka Dhaba"
2289,"Chicken Tangadi Kabab",2025-01-12-6783303434ca3.png,"Kaka Ka Dhaba"
2290,"Mushroom Fried Rice",2025-01-12-6783305159903.png,"Kaka Ka Dhaba"
2291,"Chicken Afgani Kabab",2025-01-12-678330a17e9ec.png,"Kaka Ka Dhaba"
2292,"Veg. Hakka Noodles",2025-01-12-678331494718c.png,"Kaka Ka Dhaba"
2293,"Veg. Schezwan Noodle",2025-01-12-678331d2a7837.png,"Kaka Ka Dhaba"
2294,"Chilly Hakka Noodles",2025-01-12-678332553f901.png,"Kaka Ka Dhaba"
2295,"Veg Mushroom Noodles",2025-01-12-678332d7e782d.png,"Kaka Ka Dhaba"
2296,"Veg Spring Roll",2025-01-12-678333689e42a.png,"Kaka Ka Dhaba"
2297,"Veg. Cheese Roll",2025-01-12-678334113a033.png,"Kaka Ka Dhaba"
2298,"Mushroom Schezwan Fried Rice",2025-01-12-678334ab1a0a8.png,"Kaka Ka Dhaba"
2299,"Cheese Corn Ball (6 pic.)",2025-01-12-6783353024b85.png,"Kaka Ka Dhaba"
2300,"Palak Cheese Roll (8 pic.)",2025-01-12-678335cdbbef6.png,"Kaka Ka Dhaba"
2301,"Egg Bhurji",2025-01-12-6783369af3c58.png,"Kaka Ka Dhaba"
2302,"Egg Boil",2025-01-12-6783370baebfb.png,"Kaka Ka Dhaba"
2303,"Egg Curry",2025-01-12-678337797ad06.png,"Kaka Ka Dhaba"
2304,"Egg Half Fry",2025-01-12-67833815a66c4.png,"Kaka Ka Dhaba"
2305,"Egg Masala",2025-01-12-678338d43e915.png,"Kaka Ka Dhaba"
2306,"Egg Omlet",2025-01-12-678339e6665eb.png,"Kaka Ka Dhaba"
2307,"Egg Pakoda",2025-01-12-67833a6619d57.png,"Kaka Ka Dhaba"
2308,"Egg Fry",2025-01-12-67833b9e6ddcb.png,"Kaka Ka Dhaba"
2309,"Egg Boil Fry",2025-01-12-67833dd08283c.png,"Kaka Ka Dhaba"
2310,"Egg Boil Bhurji",2025-01-12-67833e6868c9c.png,"Kaka Ka Dhaba"
2311,"Egg Boil Masala Fry",2025-01-12-67833ed5d81d2.png,"Kaka Ka Dhaba"
2312,"Dal Moglai",2025-01-12-67833f3df02ea.png,"Kaka Ka Dhaba"
2313,"Gurda Tawa",2025-01-12-67833fdce0faf.png,"Kaka Ka Dhaba"
2314,"Mutton Liver Tawa",2025-01-12-6783408ada76b.png,"Kaka Ka Dhaba"
2315,"Mutton Tawa B/L",2025-01-12-678340f60acd5.png,"Kaka Ka Dhaba"
2316,"Mutton Brain Tawa",2025-01-12-67834182e7c4f.png,"Kaka Ka Dhaba"
2317,"Brain Kheema Tawa",2025-01-12-678341fff0404.png,"Kaka Ka Dhaba"
2318,"Brain Liver Tawa",2025-01-12-67834271b8c1d.png,"Kaka Ka Dhaba"
2319,"Chicken Tawa",2025-01-12-678342df45a6d.png,"Kaka Ka Dhaba"
2320,"Mix Tawa",2025-01-12-67834371ad830.png,"Kaka Ka Dhaba"
2321,"Seek Kabab",2025-01-12-67834430910f4.png,"Kaka Ka Dhaba"
2322,"Aloo Tikka",2025-01-12-678371732a6df.png,"Kaka Ka Dhaba"
2323,"Gobi Tikka",2025-01-12-678371f9c1932.png,"Kaka Ka Dhaba"
2325,"Mushroom Tikka",2025-01-12-678372b2a1034.png,"Kaka Ka Dhaba"
2326,"Paneer Tikka",2025-01-12-6783732a6efa2.png,"Kaka Ka Dhaba"
2327,"Hara Bhara Kabab",2025-01-12-6783739748636.png,"Kaka Ka Dhaba"
2330,"Veg. Seek Kabab",2025-01-12-67837445931bd.png,"Kaka Ka Dhaba"
2331,"Baby corn Tikka",2025-01-12-678374abc10f4.png,"Kaka Ka Dhaba"
2332,"Pesto",2025-01-12-6783795a56781.png,"Italian Ecstasy"
2333,"Creamy Pesto",2025-01-12-678379d0491ca.png,"Italian Ecstasy"
2335,"Chicken Bolognese",2025-01-12-67837acf5f7de.png,"Italian Ecstasy"
2336,"Spaghetti & Meat Balls",2025-01-12-67837b61de599.png,"Italian Ecstasy"
2337,"Classic Mac N Cheese",2025-01-12-67837ecfe51dc.png,"Italian Ecstasy"
2342,"Paneer Makhmali Kabab",2025-01-12-67838196b5b54.png,"Kaka Ka Dhaba"
2343,"Moog Dal Seera",2025-12-17-6942a66655ec8.jpg,"Bhagat Tarachand"
2344,"Mushroom Makhmali Kabab",2025-01-12-678382195455c.png,"Kaka Ka Dhaba"
2345,"Chicken Liver Masala",2025-01-12-678382bf6a2f6.png,"Kaka Ka Dhaba"
2346,"Chicken Liver Masala Fry",2025-01-12-6783834d45f8e.png,"Kaka Ka Dhaba"
2347,"Chicken Liver Oil Fry",2025-01-12-678383db2ca3f.png,"Kaka Ka Dhaba"
2348,"PANEER TIKKA LASAGNA",2025-01-12-678384a17a9c2.png,"Italian Ecstasy"
2349,"Chicken Liver Tawa",2025-01-12-678384adc5e71.png,"Kaka Ka Dhaba"
2350,"CHICKEN LASAGNA",2025-01-12-678384ee77f64.png,"Italian Ecstasy"
2351,"CHICKEN TIKKA LASAGNA",2025-01-12-678385a17ba82.png,"Italian Ecstasy"
2352,"OVERLOAD CHICKEN LASAGNA",2025-01-12-6783860d0dc8e.png,"Italian Ecstasy"
2353,"Roti",2025-01-12-678385f6611bb.png,"Kaka Ka Dhaba"
2354,"Butter Roti",2025-01-12-67838664ac307.png,"Kaka Ka Dhaba"
2355,"COTTAGE CHEESE RAVIOLI",2025-01-12-678386d365a72.png,"Italian Ecstasy"
2356,"Paratha",2025-01-12-678386d6e6665.png,"Kaka Ka Dhaba"
2357,"Chicken Ravioli",2025-01-12-6783872f8f7e9.png,"Italian Ecstasy"
2358,"Butter Paratha",2025-01-12-6783874f2a57d.png,"Kaka Ka Dhaba"
2361,"Lachedar Paratha",2025-01-12-678387fb16c6b.png,"Kaka Ka Dhaba"
2363,"MEAT BALL SUB",2025-01-12-6783887d54db4.png,"Italian Ecstasy"
2364,"Butter/Lachedar Paratha",2025-01-12-678388850eccc.png,"Kaka Ka Dhaba"
2365,"MEAT BALLS (PAN SEARED) (5 PIECES)",2025-01-12-678388da1babe.png,"Italian Ecstasy"
2368,"Arrabbiata",2025-01-12-678389b496b79.png,"Italian Ecstasy"
2369,"Butter Naan",2025-01-12-678389ef5d54b.png,"Kaka Ka Dhaba"
2370,"Alfredo Pasta",2025-01-27-679752d55dc8e.png,"Italian Ecstasy"
2371,"Mix Sauce",2025-01-12-67838a8982685.png,"Italian Ecstasy"
2374,"Kulcha",2025-01-12-67838abcda6eb.png,"Kaka Ka Dhaba"
2375,"Agilio E Olio",2025-01-12-67838ad7a35ba.png,"Italian Ecstasy"
2376,"Classic Mac N Cheese",2025-01-12-67838afd07154.png,"Italian Ecstasy"
2377,"Chilli Mac N Cheese",2025-01-12-67838b22ee6f6.png,"Italian Ecstasy"
2378,"Tandoori Mac N Cheese",2025-01-12-67838b4688aef.png,"Italian Ecstasy"
2379,"4 Cheese Baked Mac N Cheese",2025-01-12-67838b61b03ad.png,"Italian Ecstasy"
2380,"Tandoori Pasta",2025-01-12-67838d1caa1fc.png,"Italian Ecstasy"
2381,"Schezwan Pasta",2025-01-12-67838d61520ff.png,"Italian Ecstasy"
2382,"Peri Peri Pasta",2025-01-12-67838d7f35476.png,"Italian Ecstasy"
2383,"Jalapeno Poppers (8 Pieces)",2025-01-12-67838ff54e76d.png,"Italian Ecstasy"
2384,"Pizza Sticks (6 Pieces)",2025-01-12-67839054be8cc.png,"Italian Ecstasy"
2385,"Mozzarella Fingers (5 Pieces)",2025-01-12-678390c11ee2c.png,"Italian Ecstasy"
2387,"Fried Ravioli (4 Pieces)",2025-01-12-6783912506db4.png,"Italian Ecstasy"
2388,"Garlic Naan",2025-01-12-67839170030e7.png,"Kaka Ka Dhaba"
2389,"Butter Garlic Naan",2025-01-12-678391d59ac9e.png,"Kaka Ka Dhaba"
2390,"Veg Fried Platter",2025-01-12-678391ff2e1c2.png,"Italian Ecstasy"
2391,"Missi Roti",2025-01-12-678392751740b.png,"Kaka Ka Dhaba"
2392,"Non-Veg Fried Platter",2025-01-12-67839380eefa0.png,"Italian Ecstasy"
2393,"Butter Missi Roti",2025-01-12-678393e9e0610.png,"Kaka Ka Dhaba"
2394,"Chicken Nuggets",2025-01-12-678393fda9df3.png,"Italian Ecstasy"
2395,"Cheese Garlic Naan",2025-01-12-6783944087d78.png,"Kaka Ka Dhaba"
2396,"Peri Peri Chicken Sticks (6 Pieces)",2025-01-12-6783944cdcbc5.png,"Italian Ecstasy"
2397,"Maida Roti",2025-01-12-678394c816f1a.png,"Kaka Ka Dhaba"
2398,"Fiery Nuggets",2025-01-12-6783953169236.png,"Italian Ecstasy"
2399,"Maida Roti (Butter)",2025-01-12-6783955e5d1a9.png,"Kaka Ka Dhaba"
2400,"Chicken Popcorn",2025-01-12-678395be25acc.png,"Italian Ecstasy"
2401,"Bhakri-Bajri",2025-01-12-678395daa59f0.png,"Kaka Ka Dhaba"
2403,"Bhakri- Jwari",2025-01-12-6783968e0fd62.png,"Kaka Ka Dhaba"
2404,"Butter Jwari",2025-01-12-678397108fd0a.png,"Kaka Ka Dhaba"
2405,"Cold Coffee",2025-01-12-678397743b25a.png,"Italian Ecstasy"
2406,"Chapati",2025-01-12-67839784cbf85.png,"Kaka Ka Dhaba"
2407,"Butter Chapati",2025-01-12-678397e49c80c.png,"Kaka Ka Dhaba"
2408,"Hazelnut Cold Coffee",2025-01-12-6783980394ae7.png,"Italian Ecstasy"
2409,"Masala Bhakari",2025-01-12-678398474fbf8.png,"Kaka Ka Dhaba"
2410,"Kit Kat Coffee",2025-01-12-678398d6d0506.png,"Italian Ecstasy"
2411,"Bhatora (1) Pcs",2025-01-12-678398ee632ae.png,"Kaka Ka Dhaba"
2412,"Aloo Paratha",2025-01-12-6783996865dec.png,"Kaka Ka Dhaba"
2413,"Lemon Ice Tea",2025-01-12-678399c3239fb.png,"Italian Ecstasy"
2414,"Gobi Paratha",2025-01-12-678399c5ab616.png,"Kaka Ka Dhaba"
2415,"Peach Ice Tea",2025-01-12-67839a148c4c7.png,"Italian Ecstasy"
2416,"Muli Paratha",2025-01-12-67839a3d5b7e3.png,"Kaka Ka Dhaba"
2417,"Mint Mojito",2025-01-12-67839a96ce60c.png,"Italian Ecstasy"
2418,"Stuff Paratha",2025-01-12-67839aebe3648.png,"Kaka Ka Dhaba"
2419,"Spicy Mango Mojito",2025-01-12-67839b07521e1.png,"Italian Ecstasy"
2420,"Garlic Bread",2025-01-12-67839b407d279.png,"Italian Ecstasy"
2421,"Cheese Garlic Bread",2025-01-12-67839b9456ef0.png,"Italian Ecstasy"
2422,"Paneer Paratha",2025-01-12-67839b98f1e59.png,"Kaka Ka Dhaba"
2423,"Pizza Garlic Bread",2025-01-12-67839becedf3f.png,"Italian Ecstasy"
2424,"Methi Paratha",2025-01-12-67839c18d89fc.png,"Kaka Ka Dhaba"
2425,"Pull Apart Cheese Garlic Bread",2025-01-12-67839c59c7d43.png,"Italian Ecstasy"
2426,"Onion Paratha",2025-01-12-67839c9345c6a.png,"Kaka Ka Dhaba"
2427,"Choco Lava Cake",2025-01-12-67839c9cec67d.png,"Italian Ecstasy"
2428,"Kheema Paratha",2025-01-12-67839d2346e84.png,"Kaka Ka Dhaba"
2429,"Stuff Naan",2025-01-12-67839dc67e227.png,"Kaka Ka Dhaba"
2430,"Kheema Naan",2025-01-12-67839e305b2e6.png,"Kaka Ka Dhaba"
2431,"Chocolate Mousse Cake",2025-01-12-67839e4787a3d.png,"Italian Ecstasy"
2432,"Salted Fries",2025-01-12-67839e9cc4b35.png,"Italian Ecstasy"
2433,"Prawns Biryani",2025-01-12-67839ee58c372.png,"Kaka Ka Dhaba"
2434,"Peri Peri Fries",2025-01-12-67839f2472c8d.png,"Italian Ecstasy"
2435,"Butter Chicken Biryani",2025-01-12-67839f66f3053.png,"Kaka Ka Dhaba"
2436,"Cheesy Fries",2025-01-12-67839f7284b6a.png,"Italian Ecstasy"
2437,"Tandoori Fries",2025-01-12-67839ff324ec1.png,"Italian Ecstasy"
2438,"Egg Rice",2025-01-12-6783a00137d54.png,"Kaka Ka Dhaba"
2439,"Chicken Fries",2025-01-12-6783a040b9678.png,"Italian Ecstasy"
2440,"Chicken Peri Peri Fries",2025-01-12-6783a09f37a11.png,"Italian Ecstasy"
2441,"Chicken Afghani Kabab",2025-01-12-6783a0e5416c1.png,"Kaka Ka Dhaba"
2443,"Mix Chicken Tikka",2025-01-12-6783a20132afb.png,"Kaka Ka Dhaba"
2444,"Extra Garlic Bun",2025-01-12-6783a21632b89.png,"Italian Ecstasy"
2446,"Extra Dip",2025-01-12-6783a2a85cb0b.png,"Italian Ecstasy"
2447,"Chicken Tandoori",2025-01-12-6783a600677e4.png,"Kaka Ka Dhaba"
2450,"Paneer Punjabi",2025-01-12-6783b45ea4d4e.png,"Kaka Ka Dhaba"
2515,"Veg. Pulav",2025-01-12-6783db54154c3.png,"Kaka Ka Dhaba"
2516,"Paneer Biryani",2025-01-12-6783dc03406e5.png,"Kaka Ka Dhaba"
2518,"Biryani Rice",2025-01-12-6783df4350444.png,"Kaka Ka Dhaba"
2526,"Mutton Pulav",2025-01-12-6783e4d225fc3.png,"Kaka Ka Dhaba"
2528,"Chicken Pulav",2025-01-12-6783e62e5e42c.png,"Kaka Ka Dhaba"
2529,"Egg Biryani",2025-01-12-6783e6cf51161.png,"Kaka Ka Dhaba"
2530,"Paneer Masala",2025-01-13-6784b349e4bf4.png,"Nashik Shidori Bhakri"
2532,"Paneer Tikka",2025-01-13-6784b4a7433ad.png,"Nashik Shidori Bhakri"
2535,"Shevga Masala",2025-01-13-6784b65da7db3.png,"Nashik Shidori Bhakri"
2537,"Baingan Masala",2025-01-13-6784b70a36ae1.png,"Nashik Shidori Bhakri"
2538,"Bhindi Masala",2025-01-13-6784b798a9685.png,"Nashik Shidori Bhakri"
2540,"Shev Bhaji ( JAIN )",2025-01-13-6784b876529f2.png,"Nashik Shidori Bhakri"
2541,"Methi (JAIN)",2025-01-13-6784ba266b260.png,"Nashik Shidori Bhakri"
2543,"Bhindi Masala ( JAIN )",2025-01-13-6784bb241ac6d.png,"Nashik Shidori Bhakri"
2544,"Lasuni Methi",2025-01-13-6784bcd9bf7ad.png,"Nashik Shidori Bhakri"
2548,"Kadhi Khichdi",2025-01-13-6784bef0b0992.png,"Nashik Shidori Bhakri"
2552,"Kuldache Shengule",2025-01-13-6784c25737236.png,"Nashik Shidori Bhakri"
2553,"Dal Makhani",2025-01-13-6784c2bdb34d1.png,"Nashik Shidori Bhakri"
2556,"Dal Khichdi",2025-01-13-6784c3835c312.png,"Nashik Shidori Bhakri"
2557,"Jeera Rice",2025-01-13-6784c3b2645a7.png,"Nashik Shidori Bhakri"
2559,"Paneer Chilly",2025-01-15-67873ceeabb66.png,"Shagun Tadka"
2560,"Paneer Manchurian",2025-01-15-67873d4a48790.png,"Shagun Tadka"
2561,"Mushroom Chilly",2025-01-15-67873d7702ad6.png,"Shagun Tadka"
2562,"Veg Crispy",2025-01-15-67873de19cb34.png,"Shagun Tadka"
2563,"Baby Corn Chilly",2025-01-15-67873e22dc2d0.png,"Shagun Tadka"
2564,"Veg Hakka Noodles",2025-01-15-67873e662de82.png,"Shagun Tadka"
2565,"Veg Schezwan Noodles",2025-01-15-67873e9782123.png,"Shagun Tadka"
2567,"Veg Hong Kong Noodles",2025-01-15-67873f5d70106.png,"Shagun Tadka"
2568,"Veg Fried Rice",2025-01-15-67873fe39aa27.png,"Shagun Tadka"
2572,"Hara Bhara Kabab",2025-01-15-678740cba062e.png,"Shagun Tadka"
2573,"Paneer Tikka Dry",2025-01-15-6787410c6e54a.png,"Shagun Tadka"
2574,"Malai Paneer Tikka",2025-01-15-6787416cb6730.png,"Shagun Tadka"
2575,"Paneer Banjara Tika",2025-01-15-678741b68486e.png,"Shagun Tadka"
2576,"Veg Seekh Kabab Dry",2025-01-15-678741ea24a7d.png,"Shagun Tadka"
2581,"Plain Paya Soup",2025-12-19-69451a777a190.jpg,"Aditya Mutton Bhakri"
2582,"Mutton Thali Special",2025-12-19-6945223bb4999.jpg,"Aditya Mutton Bhakri"
2585,"Egg Biryani",2025-12-19-69453ddf75ec3.jpg,"Aditya Mutton Bhakri"
2586,"Egg Masala",2025-12-19-6945538f0370c.jpg,"Aditya Mutton Bhakri"
2587,"Chicken Plate",2025-01-15-6787472a5909f.png,"Aditya Mutton Bhakri"
2588,"Chicken Masala",2025-12-21-6947e9d1db9c3.jpg,"Aditya Mutton Bhakri"
2590,"Chicken Biryani",2025-12-21-6947e966282e3.jpg,"Aditya Mutton Bhakri"
2593,"Chicken Thali",2025-01-15-67874bfa8ca38.png,"Aditya Mutton Bhakri"
2594,"Tandalachi Bhakri",2025-12-19-694552a96eb82.jpg,"Aditya Mutton Bhakri"
2596,"Jwarichi Bhakari",2025-12-19-6945525c5551f.jpg,"Aditya Mutton Bhakri"
2597,"Chapati",2025-12-19-6945513475c6a.jpg,"Aditya Mutton Bhakri"
2599,"Jeera Rice",2025-12-19-694550f31fdc8.jpg,"Aditya Mutton Bhakri"
2600,"Shev Bhaji",2025-12-19-694550a309c82.jpg,"Aditya Mutton Bhakri"
2601,"Milk Shev Bhaji",2025-12-19-6945506313bb4.jpg,"Aditya Mutton Bhakri"
2602,"Brinjal Masala",2025-12-19-69455029c5b2d.jpg,"Aditya Mutton Bhakri"
2603,"Vangyacha Bharit",2025-12-19-69454fcfaf236.jpg,"Aditya Mutton Bhakri"
2604,"Zunka",2025-12-19-69453ca73e626.jpg,"Aditya Mutton Bhakri"
2606,"Dal khichada",2025-12-19-69453c6e8f157.jpg,"Aditya Mutton Bhakri"
2610,"Veg Kolhapuri",2025-12-19-69453c2c9966c.jpg,"Aditya Mutton Bhakri"
2612,"Veg Biryani",2025-12-19-69453bf9c3945.jpg,"Aditya Mutton Bhakri"
2613,"Veg Pulao",2025-12-19-69453a842299b.jpg,"Aditya Mutton Bhakri"
2614,"Kaju Masala",2025-12-19-69453a4887192.jpg,"Aditya Mutton Bhakri"
2615,"Kaju Curry",2025-12-19-69453a0829aa1.jpg,"Aditya Mutton Bhakri"
2616,"Mirchi Thecha",2025-12-19-694539cbcfeaa.jpg,"Aditya Mutton Bhakri"
2617,"Bye Bye Fat",2025-01-15-678759cf3fb0f.png,"The healthy eatery"
2619,"Gulachi Jalebi",2025-01-15-67875c5628ae0.png,"Khairnar Jilebiwale"
2620,"Sugar Jalebi",2025-01-15-67875e7e2e3b8.png,"Khairnar Jilebiwale"
2621,"Gulab jamun",2025-01-15-67875f320a36e.png,"Khairnar Jilebiwale"
2622,"Pakka Peda",2025-01-15-67875fc29f583.png,"Khairnar Jilebiwale"
2623,"Mohanthal",2025-01-15-67876072b39a2.png,"Khairnar Jilebiwale"
2624,"Soanpapdi",2025-01-15-6787612928a1c.png,"Khairnar Jilebiwale"
2625,"Mysore Pak",2025-01-15-678761d1a68c4.png,"Khairnar Jilebiwale"
2626,"Sweet Boondi",2025-01-15-6787626c1a927.png,"Khairnar Jilebiwale"
2627,"Dry Samosa",2025-01-15-678762f687b18.png,"Khairnar Jilebiwale"
2628,"Dry Kachori",2025-01-15-6787635b7daed.png,"Khairnar Jilebiwale"
2629,"Paneer Masala",2025-01-15-6787662243f6d.png,"Shree Vakratund Parcel Point"
2630,"Paneer Butter Masala",2025-01-15-6787664eab0d6.png,"Shree Vakratund Parcel Point"
2631,"Paneer Palak",2025-01-15-678766812f22c.png,"Shree Vakratund Parcel Point"
2632,"Paneer Tikka Masala",2025-01-15-678767e67360f.png,"Shree Vakratund Parcel Point"
2633,"Paneer Bhurji",2025-01-15-6787683ee3839.png,"Shree Vakratund Parcel Point"
2634,"Paneer Kofta",2025-01-15-67876878c74d2.png,"Shree Vakratund Parcel Point"
2635,"Shahi Paneer",2025-01-15-6787689ebec14.png,"Shree Vakratund Parcel Point"
2636,"Paneer Kadai",2025-01-15-678768ce8400d.png,"Shree Vakratund Parcel Point"
2638,"Paneer Do Payza",2025-01-15-67876944ddbcc.png,"Shree Vakratund Parcel Point"
2639,"Paneer Lababdar",2025-01-15-67876980deee3.png,"Shree Vakratund Parcel Point"
2640,"Fenugreek Pea",2025-01-15-67876a269f61d.png,"Shree Vakratund Parcel Point"
2650,"Chole Bhature",2025-01-15-67876e15e1dd4.png,"Shree Vakratund Parcel Point"
2659,"Veg Kheema",2025-01-15-6787710310ea5.png,"Shree Vakratund Parcel Point"
2661,"Kaju Curry",2025-01-15-6787715217945.png,"Shree Vakratund Parcel Point"
2662,"Soya Keema",2025-01-15-678771b9f3b57.png,"Shree Vakratund Parcel Point"
2663,"Shev Bhaji",2025-01-15-678772a1d7805.png,"Shree Vakratund Parcel Point"
2664,"Sheva bhaji Kolhapuri",2025-01-15-678772db5e90e.png,"Shree Vakratund Parcel Point"
2665,"Chole Masala",2025-01-15-6787732a8d268.png,"Shree Vakratund Parcel Point"
2666,"Mushroom Masala",2025-01-15-6787734bd216a.png,"Shree Vakratund Parcel Point"
2667,"Chana Masala",2025-01-15-6787737ade2e4.png,"Shree Vakratund Parcel Point"
2668,"Maharashtrian Thali",2025-01-15-678774aef00fa.png,"Shree Vakratund Parcel Point"
2669,"Punjabi Thali",2025-01-15-678775097d134.png,"Shree Vakratund Parcel Point"
2670,"Pav Bhaji",2025-01-15-6787756d672d3.png,"Shree Vakratund Parcel Point"
2671,"Gobi Paratha",2025-01-15-67877eae157de.png,"Shree Vakratund Parcel Point"
2672,"Aloo Paratha",2025-01-15-67877ed10bbd5.png,"Shree Vakratund Parcel Point"
2673,"Dudhi Paratha",2025-01-15-678780462dfdb.png,"Shree Vakratund Parcel Point"
2674,"Plain Rice",2025-01-15-678780e114a62.png,"Shree Vakratund Parcel Point"
2675,"Jeera Rice",2025-01-15-67878113908b6.png,"Shree Vakratund Parcel Point"
2676,"Veg Pulav",2025-01-15-6787814ba25ac.png,"Shree Vakratund Parcel Point"
2677,"Veg Biryani",2025-01-15-678783048b518.png,"Shree Vakratund Parcel Point"
2678,"Hyderabadi Veg Dum Biryani",2025-01-15-6787844a4a8d6.png,"Shree Vakratund Parcel Point"
2679,"Dal khichada",2025-01-15-6787875129c35.png,"Shree Vakratund Parcel Point"
2681,"Dum  Biryani",2025-01-15-678788ee06614.png,"Shree Vakratund Parcel Point"
2682,"Green Peas Pulav",2025-01-15-6787891dc32cd.png,"Shree Vakratund Parcel Point"
2683,"Paneer Pulav",2025-01-15-67878953acc71.png,"Shree Vakratund Parcel Point"
2684,"Dal Tadka",2025-01-15-678789ace18ac.png,"Shree Vakratund Parcel Point"
2685,"Paneer Masala",2026-01-01-6956429702cf4.jpg,"Purnabramha Food Hub"
2686,"Matar Panner",2026-01-01-695644485ce6b.jpg,"Purnabramha Food Hub"
2687,"Paneer Kolhapuri",2026-01-01-6956446ee0a76.jpg,"Purnabramha Food Hub"
2688,"Khandeshi Khichdi",2025-01-15-67878c39e57a3.png,"Shree Vakratund Parcel Point"
2690,"Tandoori Roti",2025-01-15-67878c8b4a04c.png,"Shree Vakratund Parcel Point"
2691,"Butter Tandoori Roti",2025-01-15-67878ce10c5d7.png,"Shree Vakratund Parcel Point"
2692,"Shev Bhaji",2026-01-01-695644b0a493c.jpg,"Purnabramha Food Hub"
2693,"Plain Naan",2025-01-15-67878d08aadb0.png,"Shree Vakratund Parcel Point"
2694,"Butter Naan",2025-01-15-67878d24b8928.png,"Shree Vakratund Parcel Point"
2695,"Milk Shev Bhaji",2025-01-15-67878de48e646.png,"Shree Vakratund Parcel Point"
2696,"Mushroom Chilly",2025-01-15-67878e0ca4106.png,"Shree Vakratund Parcel Point"
2697,"Veg Manchow Soup",2025-01-15-67878e3447a1f.png,"Shree Vakratund Parcel Point"
2698,"Veg Clear Soup",2025-01-15-67878e7605540.png,"Shree Vakratund Parcel Point"
2700,"Schezwan Rice",2025-01-15-67878ec972ee4.png,"Shree Vakratund Parcel Point"
2701,"Triple Schezwan Rice",2025-01-15-67878eef6539f.png,"Shree Vakratund Parcel Point"
2702,"Veg. Schezwan Fried Rice",2025-01-15-67878f4e32df1.png,"Shree Vakratund Parcel Point"
2703,"Veg Hakka Noodles",2025-01-15-67878f7e3c7fc.png,"Shree Vakratund Parcel Point"
2704,"Green Peas Amti",2026-01-01-69564628acae0.jpg,"Purnabramha Food Hub"
2705,"Veg Schezwan Noodles",2025-01-15-67878fdf01e45.png,"Shree Vakratund Parcel Point"
2706,"Veg Manchurian Gravy",2025-01-15-6787903c3040a.png,"Shree Vakratund Parcel Point"
2707,"Veg Manchurian Dry",2025-01-15-6787905f3663b.png,"Shree Vakratund Parcel Point"
2708,"Paneer Chilly Dry",2025-01-15-6787909bb8e17.png,"Shree Vakratund Parcel Point"
2709,"Soyabean Chilly",2025-01-15-6787910079fac.png,"Shree Vakratund Parcel Point"
2710,"Veg Manchurian",2025-01-15-6787914bcf2a2.png,"Shree Vakratund Parcel Point"
2711,"Chapati",2025-01-15-678791bceb34c.png,"Shree Vakratund Parcel Point"
2712,"Butter Chapati",2025-01-15-678791f170917.png,"Shree Vakratund Parcel Point"
2713,"Kadhi Pakoda",2026-01-01-695646f810223.jpg,"Purnabramha Food Hub"
2715,"Kadhi",2026-01-01-695647c266473.jpg,"Purnabramha Food Hub"
2721,"Matki Rassa",2026-01-01-69564869d6773.jpg,"Purnabramha Food Hub"
2735,"Chole Masala",2025-01-15-67879d5c0a41d.png,"S.K. Food Parcel Point"
2736,"Matki Masala",2025-01-15-67879e26e94f7.png,"S.K. Food Parcel Point"
2738,"Aloo Masala",2025-01-15-67879fdddc99e.png,"S.K. Food Parcel Point"
2739,"Bhendi Masala",2025-01-15-6787a06832765.png,"S.K. Food Parcel Point"
2740,"Vaangi Masala",2025-01-15-6787a0e7ddcf4.png,"S.K. Food Parcel Point"
2741,"Bhajyachi amti",2025-01-15-6787a2625bbc3.png,"S.K. Food Parcel Point"
2742,"Dal Fry",2025-01-15-6787a2bacfb61.png,"S.K. Food Parcel Point"
2743,"Dal Tadka",2025-01-15-6787a2ff97cbe.png,"S.K. Food Parcel Point"
2744,"Dal Khichdi",2025-01-15-6787a368528e7.png,"S.K. Food Parcel Point"
2745,"chapati",2025-01-15-6787a3aa3cc99.png,"S.K. Food Parcel Point"
2746,"Butter Chapati",2025-01-15-6787a3e156ca0.png,"S.K. Food Parcel Point"
2747,"Bajarichi Bhakari",2025-01-15-6787a42bedc27.png,"S.K. Food Parcel Point"
2748,"Dal",2026-01-01-6956492f4a88e.jpg,"Purnabramha Food Hub"
2749,"Jeera Rice",2025-01-15-6787a4d7c9022.png,"S.K. Food Parcel Point"
2750,"Steamed Rice",2026-01-01-695649cf7710e.jpg,"Purnabramha Food Hub"
2751,"Plain Rice",2025-01-15-6787a50fcb3d6.png,"S.K. Food Parcel Point"
2752,"Jeera Rice",2026-01-01-69564a09a120f.jpg,"Purnabramha Food Hub"
2753,"Veg Biryani",2025-01-15-6787a55429868.png,"S.K. Food Parcel Point"
2754,"Dal Khichdi",2026-01-01-69564a80b031e.jpg,"Purnabramha Food Hub"
2755,"Paneer Biryani",2025-01-15-6787a578bf294.png,"S.K. Food Parcel Point"
2756,"Dal Tadka Khichdi",2026-01-01-69564c86dd455.jpg,"Purnabramha Food Hub"
2757,"Veg Pulav",2025-01-15-6787a5cf84663.png,"S.K. Food Parcel Point"
2758,"Paneer Pulav",2025-01-15-6787a621ca7d4.png,"S.K. Food Parcel Point"
2759,"Masala Rice",2025-01-15-6787a67315d64.png,"S.K. Food Parcel Point"
2760,"Paneer Paratha",2025-01-15-6787a6d82adb9.png,"S.K. Food Parcel Point"
2761,"Aloo Paratha",2025-01-15-6787a70d842c4.png,"S.K. Food Parcel Point"
2762,"Veg Hakka Noodles",2025-01-15-6787a7312b99f.png,"S.K. Food Parcel Point"
2763,"Veg Schezwan Noodles",2025-01-15-6787a75a473ab.png,"S.K. Food Parcel Point"
2764,"Triple Schezwan Noodles",2025-01-15-6787a7a149a5c.png,"S.K. Food Parcel Point"
2765,"Veg Fried Rice",2025-01-15-6787a7e4cb0f3.png,"S.K. Food Parcel Point"
2766,"Veg Schezwan Fried Rice",2025-01-15-6787a8149076c.png,"S.K. Food Parcel Point"
2767,"Triple Schezwan Rice",2025-01-15-6787a84b80c4e.png,"S.K. Food Parcel Point"
2769,"Paneer Chilly",2025-01-15-6787a8a465210.png,"S.K. Food Parcel Point"
2770,"Soyabean Chilly",2025-01-15-6787a90565811.png,"S.K. Food Parcel Point"
2771,"Chinese Bhel",2025-01-15-6787a94003c8c.png,"S.K. Food Parcel Point"
2772,"Veg Manchow Soup",2025-01-15-6787a9709629f.png,"S.K. Food Parcel Point"
2773,"Nagli Papad (Nachni)",2026-01-01-69564cd5a3602.jpg,"Purnabramha Food Hub"
2774,"Manchurian Soup",2025-01-15-6787a9c41b2e8.png,"S.K. Food Parcel Point"
2775,"Aloo Jeera",2026-01-01-69564d1fb46fc.jpg,"Purnabramha Food Hub"
2777,"Matki Dry",2026-01-01-695653aee089a.jpg,"Purnabramha Food Hub"
2778,"Chapati",2026-01-01-695653e7a4ffb.jpg,"Purnabramha Food Hub"
2779,"Bhakri",2026-01-01-6956542402c05.jpg,"Purnabramha Food Hub"
2780,"Paneer Paratha",2026-01-01-69564eaba114f.jpg,"Purnabramha Food Hub"
2781,"Aloo Paratha",2026-01-01-69564e21d22d8.jpg,"Purnabramha Food Hub"
2782,"Sabudana Khichadi",2026-01-01-69564dea58f93.jpg,"Purnabramha Food Hub"
2783,"Aloo bhaji (Upvas Special)",2026-01-01-69564da499a72.jpg,"Purnabramha Food Hub"
2784,"Bhagar Khichidi",2026-01-01-695649a6d13de.jpg,"Purnabramha Food Hub"
2792,"Dal Tadka",2025-01-16-6788bb9778226.png,"Sai Shraddha Parcel Point And Mess"
2793,"Sev Bhaji",2025-01-16-6788bbd021ebe.png,"Sai Shraddha Parcel Point And Mess"
2795,"Paneer Butter Masala",2025-01-16-6788bc2cee9f3.png,"Sai Shraddha Parcel Point And Mess"
2796,"Mutter Paneer",2025-01-16-6788bc7aa58c4.png,"Sai Shraddha Parcel Point And Mess"
2797,"Aloo Mutter",2025-01-16-6788bca5dae31.png,"Sai Shraddha Parcel Point And Mess"
2798,"Aloo Jeera",2025-01-16-6788bcd104ac1.png,"Sai Shraddha Parcel Point And Mess"
2799,"Soyabean Masala",2025-01-16-6788bd0050688.png,"Sai Shraddha Parcel Point And Mess"
2801,"Tomato Chutney",2025-01-16-6788bd604278e.png,"Sai Shraddha Parcel Point And Mess"
2802,"Chana Masala",2025-01-16-6788bd8984829.png,"Sai Shraddha Parcel Point And Mess"
2804,"Matki Masala",2025-01-16-6788bdcfbc335.png,"Sai Shraddha Parcel Point And Mess"
2805,"Mix veg",2025-01-16-6788be1184725.png,"Sai Shraddha Parcel Point And Mess"
2806,"kurdai kanda",2025-01-16-6788be7f0690c.png,"Sai Shraddha Parcel Point And Mess"
2807,"Aloo Gobi",2025-01-16-6788bed3491ea.png,"Sai Shraddha Parcel Point And Mess"
2808,"Shevga Masala",2025-01-16-6788bf7f3efae.png,"Sai Shraddha Parcel Point And Mess"
2810,"Amti Bhaji",2025-01-16-6788bfed03ca1.png,"Sai Shraddha Parcel Point And Mess"
2811,"Aloo Bengan",2025-01-16-6788c05263d80.png,"Sai Shraddha Parcel Point And Mess"
2813,"Chicken Masala",2025-01-16-6788c0c8a4674.png,"Sai Shraddha Parcel Point And Mess"
2814,"Chicken Curry",2025-01-16-6788c1373e046.png,"Sai Shraddha Parcel Point And Mess"
2815,"Chicken Sukka",2025-01-16-6788c165af018.png,"Sai Shraddha Parcel Point And Mess"
2816,"Chicken Dry",2025-01-16-6788c19521956.png,"Sai Shraddha Parcel Point And Mess"
2817,"Chicken Ukkad",2025-01-16-6788c20c6ff16.png,"Sai Shraddha Parcel Point And Mess"
2818,"Mutton Masala",2025-01-16-6788c2622c259.png,"Sai Shraddha Parcel Point And Mess"
2819,"Mutton Curry",2025-01-16-6788c2a23b0df.png,"Sai Shraddha Parcel Point And Mess"
2820,"Mutton Sukka",2025-01-16-6788c2fa53fcb.png,"Sai Shraddha Parcel Point And Mess"
2821,"Ukkad Mutton",2025-01-16-6788c3238d318.png,"Sai Shraddha Parcel Point And Mess"
2822,"Egg Curry",2025-01-16-6788c35369ca2.png,"Sai Shraddha Parcel Point And Mess"
2823,"Plain Rice",2025-01-16-6788c3842ace8.png,"Sai Shraddha Parcel Point And Mess"
2824,"Jeera Rice",2025-01-16-6788c406b07df.png,"Sai Shraddha Parcel Point And Mess"
2825,"Masala Rice",2025-01-16-6788c451eece5.png,"Sai Shraddha Parcel Point And Mess"
2826,"Bajarichi Bhakari",2025-01-16-6788c48b640f9.png,"Sai Shraddha Parcel Point And Mess"
2827,"Jwarichi Bhakari",2025-01-16-6788c49da30a3.png,"Sai Shraddha Parcel Point And Mess"
2828,"Chapati",2025-01-16-6788c4edf0b3f.png,"Sai Shraddha Parcel Point And Mess"
2829,"Fulke",2025-01-16-6788c5a45ce94.png,"Sai Shraddha Parcel Point And Mess"
2830,"Indrayani Rice",2025-01-16-6788c748e40a9.png,"Sai Shraddha Parcel Point And Mess"
2831,"Mungdaal Khichadi Indrayani",2025-01-16-6788c7c7f3054.png,"Sai Shraddha Parcel Point And Mess"
2832,"Turdaal Khichadi Indrayani",2025-01-16-6788c84c21697.png,"Sai Shraddha Parcel Point And Mess"
2833,"Chicken Khichdi",2025-01-16-6788c8d6672b1.png,"Sai Shraddha Parcel Point And Mess"
2834,"Mutton Khichdi",2025-01-16-6788c972618bb.png,"Sai Shraddha Parcel Point And Mess"
2835,"Puri Bhaji",2025-01-16-6788ca2fc19f5.png,"Sai Shraddha Parcel Point And Mess"
2836,"Alu Vadi",2025-01-16-6788cb159b634.png,"Sai Shraddha Parcel Point And Mess"
2837,"Kothambir Vadi",2025-01-16-6788cb7be23aa.png,"Sai Shraddha Parcel Point And Mess"
2838,"Sabudana Khichadi",2025-01-16-6788cbb4748af.png,"Sai Shraddha Parcel Point And Mess"
2839,"Sabudana Wada (2 pcs)",2025-01-16-6788cbda93d77.png,"Sai Shraddha Parcel Point And Mess"
2840,"Rava Sheera",2025-01-16-6788cc438eed6.png,"Sai Shraddha Parcel Point And Mess"
2841,"Pineapple Shira",2025-01-16-6788cc9ce3e0b.png,"Sai Shraddha Parcel Point And Mess"
2843,"Aroma Burger [Mini]",2025-01-16-6788d25b55f44.png,"Cloud Aroma"
2844,"Cheese Aroma Bites [10 Pieces]",2025-01-16-6788d2f321349.png,"Cloud Aroma"
2845,"Chicken Popcorn [8 Pieces]",2025-01-16-6788d367d9b4d.png,"Cloud Aroma"
2846,"Crispy Chicken Burger",2025-01-16-6788d3c95f31b.png,"Cloud Aroma"
2847,"Fiery Aroma Burger",2025-01-16-6788d41bdb4bf.png,"Cloud Aroma"
2848,"Crispy Veg Burger",2025-01-16-6788d4aac1c04.png,"Cloud Aroma"
2849,"Grilled Cheese Veg Burger",2025-01-16-6788d4fcb95c9.png,"Cloud Aroma"
2850,"Grilled Cheese Chicken Burger",2025-01-16-6788d5565fb51.png,"Cloud Aroma"
2851,"Fried Chicken Burger",2025-01-16-6788d6b70d78f.png,"Cloud Aroma"
2852,"Veg Nuggets [12 Pieces]",2025-01-16-6788d735b24ef.png,"Cloud Aroma"
2853,"Classic French Fries",2025-01-16-6788d791f2dfe.png,"Cloud Aroma"
2854,"Peri Peri French Fries",2025-01-16-6788d7ef03edc.png,"Cloud Aroma"
2855,"Chicken Nuggets [8 Pieces]",2025-01-16-6788d84166fa0.png,"Cloud Aroma"
2856,"Fish Fingers [6 Pieces]",2025-01-16-6788d899be131.png,"Cloud Aroma"
2859,"Crispy Chicken Burger with Chicken Popcorn and Campa Cola Soft Beverage [200 ml]",2025-01-16-6788dd4d23088.png,"Cloud Aroma"
2860,"Chicken Steam",2025-01-16-6788e024af854.png,"THE MOMOS HUB"
2861,"Chicken Steam Cheese",2025-01-16-6788e08721082.png,"THE MOMOS HUB"
2862,"Chicken Fried",2025-01-16-6788e0db67fe9.png,"THE MOMOS HUB"
2863,"Chicken Fried Cheese",2025-01-16-6788e13356913.png,"THE MOMOS HUB"
2864,"Chicken Gravy",2025-01-16-6788e1acc92ef.png,"THE MOMOS HUB"
2865,"Chicken Gravy Cheese",2025-01-16-6788e22a74e71.png,"THE MOMOS HUB"
2866,"Chicken Butter Toss",2025-01-16-6788e28af33c7.png,"THE MOMOS HUB"
2867,"Chicken Butter Toss Cheese",2025-01-16-6788e307ca91c.png,"THE MOMOS HUB"
2868,"Chicken Schzwan",2025-01-16-6788e3a73c352.png,"THE MOMOS HUB"
2869,"Chicken Schzwan Cheese",2025-01-16-6788e57b320ff.png,"THE MOMOS HUB"
2870,"Chicken Tandoor",2025-01-16-6788e5dc16790.png,"THE MOMOS HUB"
2871,"Chicken Gravy Tandoor",2025-01-16-6788e65b08bd1.png,"THE MOMOS HUB"
2872,"Veg Steamed Momos",2025-01-16-6788e6f37de66.png,"THE MOMOS HUB"
2873,"Veg Steamed and Cheese Momos",2025-01-16-6788e74c03cf3.png,"THE MOMOS HUB"
2874,"Veg Fried Momos",2025-01-16-6788e7bf1c5aa.png,"THE MOMOS HUB"
2875,"Veg Fried and Cheese Momos",2025-01-16-6788e83766ac1.png,"THE MOMOS HUB"
2876,"Veg Gravy Momos",2025-01-16-6788e8ad8872d.png,"THE MOMOS HUB"
2878,"Veg Butter Toss and Cheese Momos",2025-01-16-6788e982a2c2b.png,"THE MOMOS HUB"
2879,"Veg Schezwan Momos",2025-01-16-6788e9e85eaec.png,"THE MOMOS HUB"
2880,"Veg Schezwan and Cheese Momos",2025-01-16-6788ea438efca.png,"THE MOMOS HUB"
2881,"Veg Tandoori Momos",2025-01-16-6788eaa5ecf4c.png,"THE MOMOS HUB"
2882,"Veg Tandoori Gravy Momos",2025-01-16-6788eaeeeafa4.png,"THE MOMOS HUB"
2883,"Paneer Steamed Momos",2025-01-17-6789dffd420a1.png,"THE MOMOS HUB"
2885,"Paneer Fried and Cheese Momos",2025-01-17-6789e10015c1f.png,"THE MOMOS HUB"
2886,"Paneer Gravy Momos",2025-01-17-6789e1739bff5.png,"THE MOMOS HUB"
2887,"Paneer Gravy and Cheese Momos",2025-01-17-6789e1c2dec62.png,"THE MOMOS HUB"
2888,"Paneer Butter Toss Momos",2025-01-17-6789e23cbe3b3.png,"THE MOMOS HUB"
2889,"Paneer Schezwan Momos",2025-01-17-6789e2bb8d3c4.png,"THE MOMOS HUB"
2890,"Paneer Tandoori and Cheese Momos",2025-01-17-6789e32002c1e.png,"THE MOMOS HUB"
2891,"Paneer Tandoori Gravy Momos",2025-01-17-6789e39579bdf.png,"THE MOMOS HUB"
2892,"Soya Steamed Momos",2025-01-17-6789e3ec7c13d.png,"THE MOMOS HUB"
2893,"Soya Steamed and Cheese Momos",2025-01-17-6789e449aa5b5.png,"THE MOMOS HUB"
2894,"Soya Fried Momos",2025-01-17-6789e4f0af469.png,"THE MOMOS HUB"
2895,"Soya Gravy Momos",2025-01-17-6789e541d674c.png,"THE MOMOS HUB"
2896,"Soya Butter Toss Momos",2025-01-17-6789e5a65153a.png,"THE MOMOS HUB"
2897,"Soya Schezwan Momos",2025-01-17-6789e5f4660e1.png,"THE MOMOS HUB"
2898,"Soya Tandoori and Cheese Momos",2025-01-17-6789e66f9ca4a.png,"THE MOMOS HUB"
2899,"Soya Tandoori Gravy and Cheese Momos",2025-01-17-6789e70f20dbe.png,"THE MOMOS HUB"
2900,"Misal Thali",2025-01-17-6789e88458fcf.png,"Balasaheb Misal And Snacks"
2901,"Pav",2025-01-17-6789e9fdd3a8b.png,"Balasaheb Misal And Snacks"
2903,"Papad",2025-01-17-6789ebbc5ec80.png,"Balasaheb Misal And Snacks"
2904,"Shev Rassa",2025-01-17-6789ec2750fc7.png,"Balasaheb Misal And Snacks"
2905,"Dahi",2025-01-17-6789ecaebcd3a.png,"Balasaheb Misal And Snacks"
2906,"Veg Fried Rice",2025-01-17-6789f32d69566.png,"Lollypop Kitchens"
2907,"Veg Schezwan Fried Rice",2025-01-17-6789f39a1f78a.png,"Lollypop Kitchens"
2908,"Veg Hong Kong Fried Rice",2025-01-17-6789f4609bff4.png,"Lollypop Kitchens"
2909,"Veg Singapuri Fried Rice",2025-01-17-6789f507dbe1d.png,"Lollypop Kitchens"
2910,"Veg Garlic Fried Rice",2025-01-17-6789f59a8e000.png,"Lollypop Kitchens"
2911,"Veg Ginger Fried Rice",2025-01-17-6789f5ef5c705.png,"Lollypop Kitchens"
2912,"Veg Manchurian Fried Rice",2025-01-17-6789f65270504.png,"Lollypop Kitchens"
2913,"Veg Manchurian Schezwan Fried Rice",2025-01-17-6789f6b6a7d09.png,"Lollypop Kitchens"
2914,"Veg Combination Fried Rice",2025-01-17-6789f71ea6d79.png,"Lollypop Kitchens"
2915,"Veg Triple Schezwan Fried Rice",2025-01-17-6789f7a57fb11.png,"Lollypop Kitchens"
2916,"Egg Fried Rice",2025-01-17-6789f7ee6793a.png,"Lollypop Kitchens"
2917,"Chicken Fried Rice",2025-01-17-6789f81f3c0bb.png,"Lollypop Kitchens"
2918,"Chicken Schezwan Rice",2025-01-17-6789f869df76e.png,"Lollypop Kitchens"
2919,"Chicken Singapore Rice",2025-01-17-6789f897ae3ba.png,"Lollypop Kitchens"
2920,"Chicken Hong Kong Fried Rice",2025-01-17-6789f90565d5b.png,"Lollypop Kitchens"
2921,"Chicken Garlic Fried Rice",2025-01-17-6789f9bf180c5.png,"Lollypop Kitchens"
2922,"Chicken Ginger Fried Rice",2025-01-17-6789fa0e6280c.png,"Lollypop Kitchens"
2923,"Chicken Combination Fried Rice",2025-01-17-6789fe2b9bef7.png,"Lollypop Kitchens"
2924,"Triple Chicken Schezwan Rice",2025-01-17-6789fed55a3cb.png,"Lollypop Kitchens"
2925,"Veg Hakka Noodles",2025-01-17-6789ff263750f.png,"Lollypop Kitchens"
2926,"Veg Schezwan Noodles",2025-01-17-6789ff5ae0356.png,"Lollypop Kitchens"
2927,"Veg Hong Kong Noodles",2025-01-17-678a04e34c770.png,"Lollypop Kitchens"
2928,"Veg Singapuri Noodles",2025-01-17-678a06c524ec7.png,"Lollypop Kitchens"
2929,"Veg Garlic Noodles",2025-01-17-678a0caaa0814.png,"Lollypop Kitchens"
2930,"Veg Ginger Noodles",2025-01-17-678a0cffcfa2e.png,"Lollypop Kitchens"
2931,"Veg Manchurian Noodles",2025-01-17-678a0ddb4ce98.png,"Lollypop Kitchens"
2932,"Veg Manchurian Schezwan Noodles",2025-01-17-678a0e9f385de.png,"Lollypop Kitchens"
2933,"Veg Triple Schezwan Noodles",2025-01-17-678a0ed8be84b.png,"Lollypop Kitchens"
2934,"Veg American Chopsuey",2025-01-17-678a0f436d141.png,"Lollypop Kitchens"
2935,"Veg Chinese Chopsuey",2025-01-17-678a1031b558c.png,"Lollypop Kitchens"
2936,"Veg Chow Main Noodles",2025-01-17-678a107bea069.png,"Lollypop Kitchens"
2937,"Chicken Hakka Noodles",2025-01-17-678a10d34e168.png,"Lollypop Kitchens"
2938,"Chicken Schezwan Noodles",2025-01-17-678a10f944533.png,"Lollypop Kitchens"
2939,"Chicken Hong Kong Noodles",2025-01-17-678a118ae1550.png,"Lollypop Kitchens"
2940,"Chicken Singapuri Noodles",2025-01-17-678a11dddd3c1.png,"Lollypop Kitchens"
2941,"Chicken Garlic Noodles",2025-01-17-678a1232cf65d.png,"Lollypop Kitchens"
2942,"Chicken Ginger Noodles",2025-01-17-678a14bb97eea.png,"Lollypop Kitchens"
2943,"Triple Chicken Schezwan Noodles",2025-01-17-678a379fcbf00.png,"Lollypop Kitchens"
2944,"Chicken Special Noodles",2025-01-17-678a3815b45db.png,"Lollypop Kitchens"
2945,"Veg Chinese Bhel",2025-01-17-678a38bbd12fb.png,"Lollypop Kitchens"
2946,"Veg Clear Soup",2025-01-17-678a3a599c4eb.png,"Lollypop Kitchens"
2947,"Tomato Soup",2025-01-17-678a3a7c914dc.png,"Lollypop Kitchens"
2948,"Veg Manchow Soup",2025-01-17-678a3aa9c9070.png,"Lollypop Kitchens"
2949,"Veg Hot N Sour Soup",2025-01-17-678a3b17732de.png,"Lollypop Kitchens"
2950,"Veg Mushroom Soup",2025-01-17-678a3b5c2740a.png,"Lollypop Kitchens"
2951,"Veg Special Soup",2025-01-17-678a3b9f9e2b3.png,"Lollypop Kitchens"
2952,"Chicken Clear Soup",2025-01-17-678a3bdf92e44.png,"Lollypop Kitchens"
2953,"Chicken Manchow Soup",2025-01-17-678a3c0720c6c.png,"Lollypop Kitchens"
2954,"Chicken Hot N Sour Soup",2025-01-17-678a3d3a348d2.png,"Lollypop Kitchens"
2955,"Royal Chicken Soup",2025-01-17-678a3d85d9e11.png,"Lollypop Kitchens"
2956,"Chicken Special Soup",2025-01-17-678a3e102d563.png,"Lollypop Kitchens"
2957,"Crispy Veg Schezwan Style",2025-01-17-678a3eded8463.png,"Lollypop Kitchens"
2958,"Veg Fingers Schezwan Style",2025-01-17-678a3f4cf31bf.png,"Lollypop Kitchens"
2959,"Veg Manchurian",2025-01-17-678a3fa715b8b.png,"Lollypop Kitchens"
2960,"Soyabean Chilly",2025-01-17-678a40101a4a5.png,"Lollypop Kitchens"
2961,"Veg Chilly",2025-01-17-678a4057059cd.png,"Lollypop Kitchens"
2962,"Cauliflower Chilli",2025-01-17-678a40c9c8500.png,"Lollypop Kitchens"
2963,"Potato Chilly",2025-01-17-678a410dc5bda.png,"Lollypop Kitchens"
2964,"Veg Schezwan",2025-01-17-678a418443a0a.png,"Lollypop Kitchens"
2965,"Hot Garlic",2025-01-17-678a422048319.png,"Lollypop Kitchens"
2966,"Veg Ball Ginger",2025-01-17-678a42808eb61.png,"Lollypop Kitchens"
2967,"Veg Ball Hong Kong Style",2025-01-17-678a42d58d120.png,"Lollypop Kitchens"
2968,"Veg 65",2025-01-17-678a42fb15deb.png,"Lollypop Kitchens"
2969,"Mushroom Chilly",2025-01-17-678a432e933ab.png,"Lollypop Kitchens"
2970,"Panner Chilly",2025-01-17-678a435b341c3.png,"Lollypop Kitchens"
2971,"Panner Manchurian",2025-01-17-678a43a1e5eb6.png,"Lollypop Kitchens"
2972,"Dry Ginger Chicken",2025-01-17-678a441676429.png,"Lollypop Kitchens"
2973,"Dry Hunan Chicken",2025-01-17-678a448365759.png,"Lollypop Kitchens"
2974,"Chicken Shanghai",2025-01-17-678a44c173c3f.png,"Lollypop Kitchens"
2975,"Red Pepper Chicken",2025-01-17-678a450c0f0d6.png,"Lollypop Kitchens"
2976,"Chicken Lollipop [8 Pieces]",2025-01-17-678a457003d18.png,"Lollypop Kitchens"
2977,"Masala Lollipop",2025-01-17-678a45edd3a8c.png,"Lollypop Kitchens"
2978,"Chicken Chilli",2025-01-17-678a462c42a98.png,"Lollypop Kitchens"
2979,"Chicken Manchurian",2025-01-17-678a464dbaf33.png,"Lollypop Kitchens"
2980,"Chicken 65",2025-01-17-678a468c5f56b.png,"Lollypop Kitchens"
2981,"Chicken Lollipop With Gravy",2025-01-17-678a46f5c6787.png,"Lollypop Kitchens"
3038,"Pohe",2025-01-18-678b3a4fcf2e6.png,"Mum's Kitchen"
3039,"Rassa Pohe",2025-01-18-678b3ad25e4b1.png,"Mum's Kitchen"
3040,"Upma",2025-01-18-678b3b3002dda.png,"Mum's Kitchen"
3041,"Rassa Upma",2025-01-18-678b45cfecbf9.png,"Mum's Kitchen"
3043,"Idali",2025-01-18-678b4cf0cdaf0.png,"Mum's Kitchen"
3044,"Appam",2025-01-18-678b5262a5e05.png,"Mum's Kitchen"
3045,"Meduwada",2025-01-18-678b538a62b4a.png,"Mum's Kitchen"
3049,"Sabudana Khichadi",2025-01-20-678ddc89704d5.png,"Mum's Kitchen"
3050,"Shevai Upma",2025-01-20-678ddd4f039dd.png,"Mum's Kitchen"
3051,"Misal Pav",2025-01-20-678ddda2459df.png,"Mum's Kitchen"
3052,"Vada Rassa",2025-01-20-678ddee4e9413.png,"Mum's Kitchen"
3053,"Misal Pav",2025-01-20-678ddfb232906.png,"SHREE MAULI KADHI SAMOSA"
3054,"Kadhi Khichdi",2025-01-20-678de0578102d.png,"SHREE MAULI KADHI SAMOSA"
3055,"Kadhi Samosa",2025-01-20-678de0bd96113.png,"SHREE MAULI KADHI SAMOSA"
3056,"Moong Dal Bhaji",2025-01-20-678de13cc0a9a.png,"SHREE MAULI KADHI SAMOSA"
3057,"Alu Vadi",2025-01-20-678de18a9daeb.png,"SHREE MAULI KADHI SAMOSA"
3058,"Kadhi Bhaji",2025-01-20-678de25026fbc.png,"SHREE MAULI KADHI SAMOSA"
3059,"Imarti",2025-01-20-678de2d39a14b.png,"SHREE MAULI KADHI SAMOSA"
3060,"Kothimbir Vadi",2025-01-20-678de31f817cd.png,"SHREE MAULI KADHI SAMOSA"
3061,"Samosa",2025-01-20-678de37ea2bff.png,"SHREE MAULI KADHI SAMOSA"
3062,"Kadhi Vada",2025-01-20-678de3f204c46.png,"SHREE MAULI KADHI SAMOSA"
3063,"Khaman Dhokla",2025-12-26-694e57ed5f13e.png,"SHREE MAULI KADHI SAMOSA"
3064,"Kadhi Bhel",2025-01-20-678de4ba28b6a.png,"SHREE MAULI KADHI SAMOSA"
3065,"Shev Bhaji",2025-02-03-67a094d595ef1.png,"Aaichi Athavan Parcel Point"
3066,"Aloo Mutter",2025-02-03-67a095111d6d8.png,"Aaichi Athavan Parcel Point"
3067,"Pithal Bhakari",2025-02-03-67a09731045b1.png,"Aaichi Athavan Parcel Point"
3068,"Dubuk Vade Amti",2025-02-03-67a09ae7167d0.png,"Aaichi Athavan Parcel Point"
3069,"Patodyachi Amti",2025-02-03-67a09acc3d816.png,"Aaichi Athavan Parcel Point"
3070,"Bhaje Amti",2025-02-03-67a09a7cd930f.png,"Aaichi Athavan Parcel Point"
3071,"chapati",2025-02-03-67a09a2dc842f.png,"Aaichi Athavan Parcel Point"
3073,"Jwarichi Bhakari",2025-02-03-67a09965d6753.png,"Aaichi Athavan Parcel Point"
3074,"Rice Bhakri",2025-02-03-67a098edd678d.png,"Aaichi Athavan Parcel Point"
3075,"Aloo Paratha",2025-02-03-67a098d68f35e.png,"Aaichi Athavan Parcel Point"
3076,"Methi Paratha",2025-02-03-67a09859b4fc2.png,"Aaichi Athavan Parcel Point"
3077,"Poha",2025-02-03-67a09826ab0e3.png,"Aaichi Athavan Parcel Point"
3078,"Upma",2025-02-03-67a0980cc0408.png,"Aaichi Athavan Parcel Point"
3079,"Aappe",2025-02-03-67a097f1f2738.png,"Aaichi Athavan Parcel Point"
3080,"Desi Ghee Puranpoli",2025-02-03-67a097cd55334.png,"Aaichi Athavan Parcel Point"
3082,"Dal Batti Vangyachi Bhaji",2025-02-03-67a097857ec41.png,"Aaichi Athavan Parcel Point"
3083,"Kothambir Vadi( 7 pcs)",2025-02-03-67a0976a8e673.png,"Aaichi Athavan Parcel Point"
3084,"Aloo Wadi",2025-02-03-67a097494cceb.png,"Aaichi Athavan Parcel Point"
3093,"Spicy Paneer Pizza",2025-01-20-678e13ba604a7.png,"The Cafe Katta"
3094,"Tandoori Paneer Pizza",2025-01-20-678e2b573250a.png,"The Cafe Katta"
3095,"BBQ.Paneer Pizza",2025-01-20-678e2bc3ad756.png,"The Cafe Katta"
3096,"Schezwan Paneer Pizza",2025-01-20-678e2c6a69974.png,"The Cafe Katta"
3097,"Kadhai Paneer Pizza",2025-01-20-678e2d3ea9f17.png,"The Cafe Katta"
3098,"Peri Peri Paneer Pizza",2025-01-20-678e2daddfee8.png,"The Cafe Katta"
3099,"Paneer Tikka Masala Pizza",2025-01-20-678e2e403d3f8.png,"The Cafe Katta"
3100,"Paneer Makhani Pizza",2025-01-20-678e2ea9dd26d.png,"The Cafe Katta"
3101,"BBQ.Chicken Pizza",2025-01-20-678e2f116d531.png,"The Cafe Katta"
3102,"Chicken Tandoori Pizza",2025-01-20-678e2f6e720e5.png,"The Cafe Katta"
3103,"Chicken Seekh Kabab Pizza",2025-01-20-678e301e55dc5.png,"The Cafe Katta"
3104,"Chicken Sausage Pizza",2025-01-20-678e3084b5fb6.png,"The Cafe Katta"
3105,"Chicken Corn Pizza",2025-01-20-678e3133113fc.png,"The Cafe Katta"
3106,"Kadhai Chicken Pizza",2025-01-20-678e31bf50176.png,"The Cafe Katta"
3107,"Chicken Salami Pizza",2025-01-20-678e3246c9221.png,"The Cafe Katta"
3108,"Chicken Tikka Pizza",2025-01-20-678e32b0e137f.png,"The Cafe Katta"
3109,"Peri Peri Chicken Pizza",2025-01-20-678e331c152b5.png,"The Cafe Katta"
3110,"Makhani Chicken Pizza",2025-01-20-678e3394be058.png,"The Cafe Katta"
3111,"Chicken Supreme Pizza",2025-01-20-678e34520bad8.png,"The Cafe Katta"
3112,"Chicken Popcorn Pizza",2025-01-20-678e34dd9da58.png,"The Cafe Katta"
3113,"Alfredo Penne Pasta",2025-01-20-678e36169b796.png,"The Cafe Katta"
3114,"Red Sauce Penne Pasta",2025-01-20-678e36d87a3c9.png,"The Cafe Katta"
3115,"Katta Special Penne Pasta",2025-01-20-678e37469ebe6.png,"The Cafe Katta"
3116,"Chocolate Cheese Sandwich",2025-01-20-678e38ce8f0d0.png,"The Cafe Katta"
3117,"Veg Cheese Grilled Sandwich",2025-01-20-678e39da44296.png,"The Cafe Katta"
3118,"Jumbo Veg Cheese Grilled",2025-01-20-678e3b4609a11.png,"The Cafe Katta"
3119,"Club Grilled Sandwich",2025-01-20-678e3e3562574.png,"The Cafe Katta"
3120,"Chicken Grilled Sandwich",2025-01-20-678e3eaace768.png,"The Cafe Katta"
3121,"Tandoori Chicken Grilled",2025-01-20-678e3f39c4424.png,"The Cafe Katta"
3122,"Spicy Paneer Sandwich",2025-01-20-678e3f9a6a70c.png,"The Cafe Katta"
3123,"Bbq Paneer Sandwich",2025-01-20-678e3ff52d2cf.png,"The Cafe Katta"
3124,"Tandoori Paneer Sandwich",2025-01-20-678e4042607b1.png,"The Cafe Katta"
3125,"Mumbai Masala Grilled",2025-01-20-678e40893f09e.png,"The Cafe Katta"
3126,"Veg Burger",2025-01-20-678e40fb57d58.png,"The Cafe Katta"
3127,"Chicken Burger",2025-01-20-678e427283c88.png,"The Cafe Katta"
3128,"Spinach Corn Burger",2025-01-20-678e42ffd601a.png,"The Cafe Katta"
3129,"Spicy Paneer Burger",2025-01-20-678e439625b47.png,"The Cafe Katta"
3130,"Aloo Patty Burger",2025-01-20-678e440aab8bd.png,"The Cafe Katta"
3131,"Tandoori chicken burger",2025-01-20-678e445c03e8d.png,"The Cafe Katta"
3132,"Salty French Fries",2025-01-20-678e45efc39f2.png,"The Cafe Katta"
3133,"Peri Peri Fries",2025-01-20-678e463c5e8b2.png,"The Cafe Katta"
3134,"Potato Cheese Shots (10 Pcs)",2025-01-20-678e46a8363ad.png,"The Cafe Katta"
3135,"Jalapeno Cheese Popper (10 Pcs)",2025-01-20-678e470cba949.png,"The Cafe Katta"
3136,"Potato Wedges",2025-01-20-678e47a47b55d.png,"The Cafe Katta"
3139,"Chicken Nuggets (6 Pcs)",2025-01-20-678e48af98c69.png,"The Cafe Katta"
3140,"Chicken Popcorn (10 Pcs)",2025-01-20-678e490ed42ef.png,"The Cafe Katta"
3141,"Veggie Pizza Pockets (3 Pcs)",2025-01-20-678e49aa0541a.png,"The Cafe Katta"
3142,"Modak Aamti",2025-01-21-678f584c5403b.png,"Aaichi Athavan Parcel Point"
3143,"Cheese Chilli Bruschetta (8pcs)",2025-01-21-678f616a54eb6.png,"The Cafe Katta"
3148,"Dry Fruit Laddu",2025-01-21-678f5c88eaace.png,"SkpSampoorna"
3149,"Zunka Bhakar",2025-01-21-678f603dcbbba.png,"Hotel Mind Fresh"
3150,"Misal",2025-01-21-678f834423580.png,"GRAPE EMBASSY & ZATKA MISAL"
3152,"Lassi",2025-01-21-678f85f074e15.png,"GRAPE EMBASSY & ZATKA MISAL"
3153,"Masala Chaas",2025-01-21-678f898f6cdfe.png,"GRAPE EMBASSY & ZATKA MISAL"
3154,"Jalebi",2025-01-21-678f8a15508b0.png,"GRAPE EMBASSY & ZATKA MISAL"
3155,"Dhokla",2025-01-21-678f8a76d8315.png,"GRAPE EMBASSY & ZATKA MISAL"
3156,"Alu Vadi",2025-01-21-678f8aea95e54.png,"GRAPE EMBASSY & ZATKA MISAL"
3157,"Chicken Lollypop",2025-01-21-678f9dc4b903f.png,"Bapus Family Chinese Centre"
3158,"Chicken Tikka",2025-01-21-678f9ef87b55c.png,"Bapus Family Chinese Centre"
3159,"Chicken Chilli",2025-01-21-678f9f9e33cac.png,"Bapus Family Chinese Centre"
3160,"Chicken Manchurian Dry",2025-01-21-678f9fe22bfe5.png,"Bapus Family Chinese Centre"
3161,"Chicken Manchurian Gravy",2025-01-21-678fa0a4eff33.png,"Bapus Family Chinese Centre"
3162,"Chicken Chilli",2025-01-21-678fa12c1a24b.png,"Bapus Family Chinese Centre"
3163,"Chicken Lollipop With Gravy",2025-01-21-678fa2568ff87.png,"Bapus Family Chinese Centre"
3164,"Egg Fried Rice",2025-01-21-678fa2c3b186c.png,"Bapus Family Chinese Centre"
3166,"Paneer Crispy",2025-02-07-67a592bd75bb8.png,"THE MOMOS HUB"
3167,"Chicken Crispy",2025-02-07-67a5925448ef4.png,"THE MOMOS HUB"
3168,"Chicken Fried Rice",2025-01-22-67907dd568ee1.png,"Bapus Family Chinese Centre"
3169,"Chicken Manchurian Rice",2025-01-22-67907e8da1a5d.png,"Bapus Family Chinese Centre"
3170,"Chicken Schezwan Rice",2025-01-22-67907f3c8855a.png,"Bapus Family Chinese Centre"
3171,"Triple Chicken Schezwan Rice",2025-01-22-67907f7db6b75.png,"Bapus Family Chinese Centre"
3172,"Egg Hakka Noodles",2025-01-22-67907fba5e28a.png,"Bapus Family Chinese Centre"
3173,"Chicken Hakka Noodles",2025-01-22-67907ff9e2b11.png,"Bapus Family Chinese Centre"
3174,"Chicken Manchurian Noodles",2025-01-22-6790803a5fc4d.png,"Bapus Family Chinese Centre"
3175,"Chicken Schezwan Noodles",2025-01-22-679080a36e101.png,"Bapus Family Chinese Centre"
3176,"Triple Chicken Schezwan Noodles",2025-01-22-679080cd2f357.png,"Bapus Family Chinese Centre"
3177,"Chicken Manchow Soup",2025-01-22-67908128d4d3a.png,"Bapus Family Chinese Centre"
3178,"Hot & Sour Chicken Soup",2025-01-22-6790817373195.png,"Bapus Family Chinese Centre"
3180,"Veg Soyabean Chilly",2025-01-22-679083ee25359.png,"Bapus Family Chinese Centre"
3181,"Veg Soyabean Chilly Crispy",2025-01-22-679084ac9f939.png,"Bapus Family Chinese Centre"
3182,"Veg Fried Rice",2025-01-22-679084fad2714.png,"Bapus Family Chinese Centre"
3183,"Veg Manchurian Fried Rice",2025-01-22-6790855f75893.png,"Bapus Family Chinese Centre"
3184,"Veg Schezwan Fried Rice",2025-01-22-679086475d220.png,"Bapus Family Chinese Centre"
3185,"Veg Triple Schezwan Fried Rice",2025-01-22-67908693dd165.png,"Bapus Family Chinese Centre"
3186,"Veg Hakka Noodles",2025-01-22-67908701e9a81.png,"Bapus Family Chinese Centre"
3187,"Veg Manchurian Noodles",2025-01-22-679087588b40d.png,"Bapus Family Chinese Centre"
3188,"Veg Schezwan Noodles",2025-01-22-679087b2cc877.png,"Bapus Family Chinese Centre"
3189,"Veg Triple Schezwan Noodles",2025-01-22-679087ec388f5.png,"Bapus Family Chinese Centre"
3190,"Veg Manchow Soup",2025-01-22-67908952eb4ea.png,"Bapus Family Chinese Centre"
3191,"Veg Hot & Sour Soup",2025-01-22-679089cd43548.png,"Bapus Family Chinese Centre"
3193,"Veg.Manchurian Soup",2025-01-22-67908a936db5b.png,"Bapus Family Chinese Centre"
3194,"Chicken Smoke",2025-12-24-694bd08c3c1ac.jpg,"Kokni Darbar"
3198,"Mutton Seekh Kabab",2025-12-24-694bd0c2b173d.jpg,"Kokni Darbar"
3199,"Mutton Sultan Chilli",2025-12-24-694bd1ab4741e.jpg,"Kokni Darbar"
3206,"Chicken Haydrabadi",2025-12-24-694bd21c6bdbe.jpg,"Kokni Darbar"
3219,"Mutton Nawabi",2025-12-24-694bcf632419d.jpg,"Kokni Darbar"
3225,"Chicken Kadai",2025-12-24-694bcfb23846b.jpg,"Kokni Darbar"
3229,"Fri. Special Khichada",2025-12-24-694bd03a9b97c.jpg,"Kokni Darbar"
3233,"Paya Masala",2025-12-24-694bcf1abc0a9.jpg,"Kokni Darbar"
3240,"Mutton Masala",2025-12-24-694bb945583d1.jpg,"Kokni Darbar"
3241,"Mutton Handi",2025-12-24-694bced0da742.jpg,"Kokni Darbar"
3242,"Mutton Biryani",2025-12-24-694bc95d623a2.jpg,"Kokni Darbar"
3243,"Mutton Maratha Handi",2025-12-24-694bc9307b617.jpg,"Kokni Darbar"
3244,"Mutton Pulao",2025-12-24-694bc8e17bcd1.jpg,"Kokni Darbar"
3246,"Chicken Biryani",2025-12-24-694bc899af389.jpg,"Kokni Darbar"
3247,"Chicken Pulao",2025-12-24-694bc85d821b1.jpg,"Kokni Darbar"
3249,"Mutton Shahi Korma",2025-12-24-694bbd7710685.jpg,"Kokni Darbar"
3251,"Mutton Kashmiri",2025-12-24-694bbd1841d6b.jpg,"Kokni Darbar"
3255,"Egg Curry",2025-12-24-694bb8b38e028.jpg,"Kokni Darbar"
3256,"Egg Masala",2025-12-24-694bb7cf83286.jpg,"Kokni Darbar"
3257,"Egg Biryani",2025-12-24-694bb79a66448.jpg,"Kokni Darbar"
3259,"Tomato Uttapam",2025-01-22-679127d32c4fe.png,"Renuka Dosa Point"
3260,"Butter Cheese Mysore Dosa",2025-01-22-679128836aa6f.png,"Renuka Dosa Point"
3261,"Paneer Sponge Dosa",2025-01-22-679129e78fe67.png,"Renuka Dosa Point"
3262,"Loni Masala Doas",2025-01-22-67912ac24935e.png,"Renuka Dosa Point"
3263,"Butter Sada Dosa",2025-01-23-6791d96d7ca3f.png,"Renuka Dosa Point"
3264,"Plain Dosa",2025-01-23-6791da262bb36.png,"Renuka Dosa Point"
3265,"Butter Sponge Dosa",2025-01-23-6791db195853d.png,"Renuka Dosa Point"
3266,"Chicken Tandoori Masala",2025-12-24-694bb7770cb61.jpg,"Kokni Darbar"
3267,"Chicken Mughlai",2025-12-24-694bb7360c3d9.jpg,"Kokni Darbar"
3268,"Cut Masala Dosa",2025-01-23-6791dcf63bd02.png,"Renuka Dosa Point"
3269,"Paneer Masala Dosa",2025-01-23-6791dd6432b63.png,"Renuka Dosa Point"
3271,"2 Masala Dosa",2025-01-23-6791de01d8425.png,"Renuka Dosa Point"
3272,"Cheese Sada Uttapam",2025-01-23-6791de9be7290.png,"Renuka Dosa Point"
3274,"Chicken Kabuli",2025-12-24-694bb6cfacb95.jpg,"Kokni Darbar"
3275,"Loni Sponge Dosa",2025-01-23-6791df36d2d56.png,"Renuka Dosa Point"
3276,"Loni Cut Dosa",2025-01-23-6791dfa6290c1.png,"Renuka Dosa Point"
3277,"Kanda Uttapam",2025-01-23-6791e0beacdb1.png,"Renuka Dosa Point"
3279,"Cut Butter Dosa",2025-01-23-6791e1b4616ff.png,"Renuka Dosa Point"
3280,"Paneer Cheese Mix Dosa",2025-01-23-6791e217a9b08.png,"Renuka Dosa Point"
3281,"Loni Uttapam",2025-01-23-6791e28996b80.png,"Renuka Dosa Point"
3282,"Butter Masala Dosa",2025-01-23-6791e2f5b8bcf.png,"Renuka Dosa Point"
3285,"Paneer Cheese Mix Uttapam",2025-01-23-6791e43ebd26e.png,"Renuka Dosa Point"
3287,"Mysore Masla Uttapam",2025-01-23-6791e53e67349.png,"Renuka Dosa Point"
3288,"Masala Dosa",2025-01-23-6791e5aca9982.png,"Renuka Dosa Point"
3290,"Paneer Sada Uttapam",2025-01-23-6791e6ab27626.png,"Renuka Dosa Point"
3291,"Cheese Uttapam",2025-01-23-6791e72370955.png,"Renuka Dosa Point"
3292,"2 Cheese Masala Dosa",2025-01-23-6791e78204ab8.png,"Renuka Dosa Point"
3293,"Chicken Masala",2025-12-24-694bb664a3960.jpg,"Kokni Darbar"
3294,"Moong Dal Khichdi",2025-02-03-67a078e5db4e3.png,"Aaichi Athavan Parcel Point"
3318,"Chicken Makhni",2025-12-24-694bb63b741ee.jpg,"Kokni Darbar"
3321,"Chi. Harabhara Bonless",2025-12-24-694bb3b5bd593.jpg,"Kokni Darbar"
3324,"Butter Chicken",2025-12-24-694bb2ba33668.jpg,"Kokni Darbar"
3328,"Chicken Jahangir (6Pcs)",2025-12-22-694915fbd5951.jpg,"Kokni Darbar"
3332,"Mac & Cheese Toast",2025-01-23-679219ed4f8e8.png,"ZORKO - BRAND OF FOOD LOVERS"
3333,"Cheese Pull & Tear Garlic Bun",2025-01-23-67921addcc3d0.png,"ZORKO - BRAND OF FOOD LOVERS"
3334,"Superise Monjito",2025-01-23-67921b5d0f618.png,"ZORKO - BRAND OF FOOD LOVERS"
3335,"Spicy Devil Monjito",2025-01-23-67921bb0585c1.png,"ZORKO - BRAND OF FOOD LOVERS"
3336,"Strawberry Monjito",2025-01-23-67921c05a6325.png,"ZORKO - BRAND OF FOOD LOVERS"
3337,"Tangy Mango Mojito",2025-01-23-67921c8b37801.png,"ZORKO - BRAND OF FOOD LOVERS"
3338,"Pineapple Punch Monjito",2025-01-23-67921cf0a1a23.png,"ZORKO - BRAND OF FOOD LOVERS"
3339,"Mary Litchi Monjito",2025-01-23-67921d517a1fc.png,"ZORKO - BRAND OF FOOD LOVERS"
3340,"Mint Monjito",2025-01-23-67921d9d590ec.png,"ZORKO - BRAND OF FOOD LOVERS"
3341,"Orange Clindrella Monjito",2025-01-23-67921dfb1d236.png,"ZORKO - BRAND OF FOOD LOVERS"
3342,"Blue Heaven Monjito",2025-01-23-67921e5a90c5b.png,"ZORKO - BRAND OF FOOD LOVERS"
3343,"Rose Petal Monjito",2025-01-23-67921eb0e86da.png,"ZORKO - BRAND OF FOOD LOVERS"
3345,"Strong Cold Coffee",2025-01-23-679250e99bfac.png,"ZORKO - BRAND OF FOOD LOVERS"
3346,"Nutella Cold Coffee",2025-01-23-6792516eac4d0.png,"ZORKO - BRAND OF FOOD LOVERS"
3347,"Mocha Cold Coffee",2025-01-23-679251ccba6d3.png,"ZORKO - BRAND OF FOOD LOVERS"
3348,"Surti Cold Coco",2025-01-23-679253c0038cc.png,"ZORKO - BRAND OF FOOD LOVERS"
3349,"Rose Delight Shake",2025-01-23-679254305d908.png,"ZORKO - BRAND OF FOOD LOVERS"
3350,"Strawberry Shake",2025-01-23-679254b2051be.png,"ZORKO - BRAND OF FOOD LOVERS"
3351,"Oreo Chocolate Shake",2025-01-23-6792551cc5f41.png,"ZORKO - BRAND OF FOOD LOVERS"
3352,"KitKat Chocolate Shake",2025-01-23-679255a14cb32.png,"ZORKO - BRAND OF FOOD LOVERS"
3353,"Brownie Blast Shake",2025-01-23-679255f8226cf.png,"ZORKO - BRAND OF FOOD LOVERS"
3354,"Nutella Shake",2025-01-23-679256592b8d4.png,"ZORKO - BRAND OF FOOD LOVERS"
3356,"Chocolate Ice-Cream Scoop",2025-01-23-679257855682a.png,"ZORKO - BRAND OF FOOD LOVERS"
3358,"Special Kulhad Chocolate Mud Pie",2025-01-23-679258f4cfef9.png,"ZORKO - BRAND OF FOOD LOVERS"
3359,"Alfredo (White Sauce)",2025-01-23-67925bae4a062.png,"ZORKO - BRAND OF FOOD LOVERS"
3360,"Arrabbiata (Red Sauce)",2025-01-23-6792753fc32ca.png,"ZORKO - BRAND OF FOOD LOVERS"
3361,"Ala Rosey (Pink Sauce) Best",2025-01-23-679275b3227fa.png,"ZORKO - BRAND OF FOOD LOVERS"
3362,"Peri Peri Pasta",2025-01-23-6792760d63562.png,"ZORKO - BRAND OF FOOD LOVERS"
3363,"Dumbell Dore",2025-01-23-6792768223086.png,"ZORKO - BRAND OF FOOD LOVERS"
3364,"Bread & Butter",2025-01-23-679276f1eeb83.png,"ZORKO - BRAND OF FOOD LOVERS"
3365,"Classic Vegetable Sandwich",2025-01-23-67927752835fc.png,"ZORKO - BRAND OF FOOD LOVERS"
3366,"Nutella Sandwich",2025-01-23-679277bab1dfa.png,"ZORKO - BRAND OF FOOD LOVERS"
3367,"Veg. Grilled Sandwich",2025-01-23-67927818c8f18.png,"ZORKO - BRAND OF FOOD LOVERS"
3368,"Spicy Salsa Grill (Hot & Cold)",2025-01-23-679278a51181b.png,"ZORKO - BRAND OF FOOD LOVERS"
3369,"Cheese Chilly Grill",2025-01-23-679278ff56499.png,"ZORKO - BRAND OF FOOD LOVERS"
3370,"Veg Mexican Sandwich",2025-01-23-67927961dab87.png,"ZORKO - BRAND OF FOOD LOVERS"
3372,"Mumbai Special Sandwich",2025-01-23-67927a0edddd9.png,"ZORKO - BRAND OF FOOD LOVERS"
3374,"Chicken Nargis (6Pcs)",2025-12-22-6949154c23bb8.jpg,"Kokni Darbar"
3384,"Tandoori Chill",2025-12-19-694512edc724e.jpg,"Kokni Darbar"
3385,"Chicken Tandoori",2025-12-19-694512c4b11f8.jpg,"Kokni Darbar"
3388,"Chicken Bhuna Kabab",2025-12-19-69451283834af.jpg,"Kokni Darbar"
3389,"Chicken Dry Fry",2025-12-19-6945125a6493d.jpg,"Kokni Darbar"
3390,"Mutton Plain Fry",2025-12-19-6945121fb65b3.jpg,"Kokni Darbar"
3392,"Mutton Chilli",2025-12-19-694511d9c8029.jpg,"Kokni Darbar"
3393,"Mutton Manchurian",2025-12-19-694511707df8f.jpg,"Kokni Darbar"
3394,"Mutton Lemon Chilli Chapp Manchurian",2025-12-19-694511457a6be.jpg,"Kokni Darbar"
3396,"Chicken Thali",2025-01-24-67935f27837b5.png,"Hotel New Waghya Murali"
3397,"Special Chicken Thali",2025-01-24-67935fad9bf0e.png,"Hotel New Waghya Murali"
3398,"Mutton Thali",2025-01-24-6793607b4c92a.png,"Hotel New Waghya Murali"
3399,"Special Mutton Thali",2025-01-24-679360eb8b184.png,"Hotel New Waghya Murali"
3400,"Chicken Curry",2025-01-24-67936984880c3.png,"Hotel New Waghya Murali"
3401,"Mutton Curry",2025-01-24-679369dc10227.png,"Hotel New Waghya Murali"
3402,"chicken soup",2025-01-24-67936a4e23df2.png,"Hotel New Waghya Murali"
3403,"Chicken biryani",2025-01-24-67936ae6ce054.png,"Hotel New Waghya Murali"
3404,"Chicken Soup",2025-01-24-67936b51d545e.png,"Hotel New Waghya Murali"
3405,"Mutton Soup",2025-01-24-67936ba729c3d.png,"Hotel New Waghya Murali"
3406,"egg curry",2025-01-24-67936c0e79289.png,"Hotel New Waghya Murali"
3407,"Chicken Chilli",2025-01-24-67936d2fad877.png,"Hotel New Waghya Murali"
3408,"Chicken Manchao Soup",2025-01-24-67936d9cb1b7c.png,"Hotel New Waghya Murali"
3409,"Chicken Clear Soup",2025-01-24-67936df2531a3.png,"Hotel New Waghya Murali"
3413,"Veg. Manchurian",2025-12-19-69451114640ba.jpg,"Kokni Darbar"
3414,"Chicken Handi",2025-01-24-67937b9076802.png,"Hotel New Waghya Murali"
3415,"Chicken Sukka",2025-01-24-67937bdaa080b.png,"Hotel New Waghya Murali"
3417,"Mutton Sukka",2025-01-24-67937c9bb097f.png,"Hotel New Waghya Murali"
3421,"Chicken 65",2025-01-24-67937dce55bab.png,"Hotel New Waghya Murali"
3422,"Chicken Crispy",2025-01-24-67937dfc1e6d1.png,"Hotel New Waghya Murali"
3423,"Chicken Lollypop",2025-01-24-67937e313757b.png,"Hotel New Waghya Murali"
3424,"Chicken Fried Rice",2025-01-24-67937e7418d57.png,"Hotel New Waghya Murali"
3425,"Chicken Schezwan Rice",2025-01-24-67937ea94f53a.png,"Hotel New Waghya Murali"
3426,"Triple Chicken Schezwan Rice",2025-01-24-67937ec319998.png,"Hotel New Waghya Murali"
3427,"Chicken Hakka Noodles",2025-01-24-67937ee0066cd.png,"Hotel New Waghya Murali"
3428,"Chicken Schezwan Noodles",2025-01-24-67937ef7c798b.png,"Hotel New Waghya Murali"
3429,"Shev Bhaji",2025-01-24-67937f1c745c3.png,"Hotel New Waghya Murali"
3430,"Patodyachi Amti",2025-01-24-67937f38dc5a6.png,"Hotel New Waghya Murali"
3432,"Steamed Rice",2025-01-24-67937f9d73a8b.png,"Hotel New Waghya Murali"
3433,"Jeera rice",2025-01-24-67937fd989cda.png,"Hotel New Waghya Murali"
3434,"Indrayani Rice",2025-01-24-67938041e25c0.png,"Hotel New Waghya Murali"
3441,"Veg. Paneer Manchurian",2025-12-19-6945108ba4bd7.jpg,"Kokni Darbar"
3447,"Veg Jaipuri",2025-12-19-69451056228e6.jpg,"Kokni Darbar"
3449,"Veg Makhani",2025-12-19-69450ffb5f709.jpg,"Kokni Darbar"
3453,"Alu Mutter",2025-12-19-69450f6fbe36e.jpg,"Kokni Darbar"
3454,"Veg. Jhili Mili",2025-12-19-69450f3a90474.jpg,"Kokni Darbar"
3455,"Veg. Navratan Korma",2025-12-19-69450e63d8f39.jpg,"Kokni Darbar"
3456,"Panner Chilly",2025-01-25-6794657669bb5.png,"Pravi By Grape Embassy"
3457,"Panner Chilly Gravy",2025-01-25-67946597ca01d.png,"Pravi By Grape Embassy"
3458,"Mushroom Chilly",2025-01-25-679465be27893.png,"Pravi By Grape Embassy"
3459,"Veg Manchurian",2025-01-25-679465f558853.png,"Pravi By Grape Embassy"
3460,"Veg Crispy",2025-01-25-6794663fb3c5a.png,"Pravi By Grape Embassy"
3461,"Soyabean Chilly",2025-01-25-67946671edec4.png,"Pravi By Grape Embassy"
3462,"Panner Tikka Dry",2025-01-25-679466ab40c0a.png,"Pravi By Grape Embassy"
3463,"Malai Panner Tikka",2025-01-25-67946705b0915.png,"Pravi By Grape Embassy"
3464,"Veg Fried Rice",2025-01-25-679467e758174.png,"Pravi By Grape Embassy"
3465,"Schezwan Rice",2025-01-25-6794680ae9c24.png,"Pravi By Grape Embassy"
3466,"Triple Schezwan Rice",2025-01-25-679468332e7ec.png,"Pravi By Grape Embassy"
3467,"Steamed Rice",2025-01-25-679469dca0f48.png,"Pravi By Grape Embassy"
3468,"Jeera Rice",2025-01-25-679469f816731.png,"Pravi By Grape Embassy"
3469,"Veg Biryani",2025-01-25-67946a26cc505.png,"Pravi By Grape Embassy"
3470,"Veg Hakka Noodles",2025-01-25-67946a58a683e.png,"Pravi By Grape Embassy"
3471,"Veg Schezwan Noodles",2025-01-25-67946a8b53410.png,"Pravi By Grape Embassy"
3472,"Veg Kolhapuri",2025-01-25-67946ac1222ec.png,"Pravi By Grape Embassy"
3475,"Veg Patiyala",2025-01-25-67946b38287a5.png,"Pravi By Grape Embassy"
3477,"Veg Kheema Masala",2025-01-25-67946b7ebe200.png,"Pravi By Grape Embassy"
3478,"Veg Hyderabadi",2025-01-25-67946bac2d70d.png,"Pravi By Grape Embassy"
3479,"Veg Tawa",2025-01-25-67946bd0554f2.png,"Pravi By Grape Embassy"
3480,"Mushroom Masala",2025-01-25-67946c0677116.png,"Pravi By Grape Embassy"
3481,"Veg Maratha",2025-01-25-67946c2fdcfc5.png,"Pravi By Grape Embassy"
3482,"Panner Butter Masala",2025-01-25-67946c57419cd.png,"Pravi By Grape Embassy"
3483,"Panner Angara",2025-01-25-67946c77c332b.png,"Pravi By Grape Embassy"
3485,"Shahi Panner",2025-01-25-67946cd799137.png,"Pravi By Grape Embassy"
3486,"Panner Tikka Masala",2025-01-25-67946d0d100df.png,"Pravi By Grape Embassy"
3487,"Kaju Masala",2025-01-25-67946d37444e6.png,"Pravi By Grape Embassy"
3488,"Malai Kofta",2025-01-25-67946d75f1fa8.png,"Pravi By Grape Embassy"
3489,"Sev Bhaji",2025-01-25-67946d8e62939.png,"Pravi By Grape Embassy"
3490,"Dal Fry",2025-01-25-67946db192be0.png,"Pravi By Grape Embassy"
3491,"Dal Tadka",2025-01-25-67946dd127caa.png,"Pravi By Grape Embassy"
3492,"Dal Makhani",2025-01-25-67946deac1c1d.png,"Pravi By Grape Embassy"
3493,"Aloo Paratha",2025-01-25-67946e14e689c.png,"Pravi By Grape Embassy"
3494,"Paneer Paratha",2025-01-25-67946e40d5944.png,"Pravi By Grape Embassy"
3495,"Chapati",2025-01-25-67946e6feea34.png,"Pravi By Grape Embassy"
3496,"Tandoori Roti",2025-01-25-67946ea7d8035.png,"Pravi By Grape Embassy"
3497,"Butter Roti",2025-01-25-67946ebf82072.png,"Pravi By Grape Embassy"
3498,"Plain Naan",2025-01-25-67946ede9ff1d.png,"Pravi By Grape Embassy"
3499,"Butter Naan",2025-01-25-67946efa6280d.png,"Pravi By Grape Embassy"
3500,"Garlic Naan",2025-01-25-67946f1b01e28.png,"Pravi By Grape Embassy"
3501,"Lassi",2025-01-25-67946f3969771.png,"Pravi By Grape Embassy"
3502,"Masala Chaas",2025-01-25-67946f8c3ca19.png,"Pravi By Grape Embassy"
3503,"Kolkata Masala Paan",2025-12-26-694e589a1b677.jpg,"Chan Sonali Paan Darbar"
3504,"Special Masala Paan",2025-12-26-694e5a73cdc22.jpg,"Chan Sonali Paan Darbar"
3505,"Nashik Special Paan",2025-12-26-694e5ae57841f.jpg,"Chan Sonali Paan Darbar"
3506,"Chhan Special Masala Paan",2025-12-26-694e5b0711c9d.jpg,"Chan Sonali Paan Darbar"
3507,"Maharashtra Pattern Paan",2025-12-26-694e5b4763654.jpg,"Chan Sonali Paan Darbar"
3511,"Immune Booster",2025-02-08-67a6ef1da8236.png,"The healthy eatery"
3512,"Detoxy",2025-02-08-67a6f01949f36.png,"The healthy eatery"
3513,"Root Recovery",2025-02-08-67a6f1c43c173.png,"The healthy eatery"
3514,"Supa Dupa Green",2025-02-08-67a6f2e24c16a.png,"The healthy eatery"
3515,"Deep Cleanse",2025-02-08-67a6f5295c837.png,"The healthy eatery"
3516,"Immunity Shot",2025-02-08-67a6f49d6d5e9.png,"The healthy eatery"
3517,"Iron Man",2025-02-08-67a6f17303de5.png,"The healthy eatery"
3518,"Cucumber Cooler",2025-02-08-67a6f1463c1b1.png,"The healthy eatery"
3519,"Amazonian Whey",2025-02-08-67a6f7708349c.png,"The healthy eatery"
3520,"Cookie Monster",2025-02-08-67a6f7ae8c49d.png,"The healthy eatery"
3521,"Nut Pro",2025-02-08-67a6f7f5a4f5e.png,"The healthy eatery"
3522,"Fab & Fruity",2025-02-08-67a6f84ad6072.png,"The healthy eatery"
3523,"Choco Hazelnut",2025-02-08-67a6f8ccd1e77.png,"The healthy eatery"
3524,"Wave Jump",2025-02-08-67a6f9462f5fc.png,"The healthy eatery"
3525,"Choco Almond Delight",2025-02-08-67a6f97c6dc95.png,"The healthy eatery"
3526,"Go Green",2025-02-08-67a6f9d482d33.png,"The healthy eatery"
3527,"Creamy Avocado",2025-02-08-67a6fa292662d.png,"The healthy eatery"
3528,"Strawberry Banana",2025-02-08-67a6fa662ecb7.png,"The healthy eatery"
3529,"Mango Basil Colada",2025-02-08-67a6fab142ebc.png,"The healthy eatery"
3530,"Peanuty Banana",2025-02-08-67a6faf4329f7.png,"The healthy eatery"
3531,"Tropical Papaya Detox Smoothie",2025-02-08-67a6fb3208d39.png,"The healthy eatery"
3532,"Protein Choco Banana",2025-02-08-67a6fb8e28179.png,"The healthy eatery"
3533,"Go Green Smoothie Bowl",2025-02-08-67a6fc88caf9e.png,"The healthy eatery"
3540,"Makhana Chat",2024-08-14-66bc6a0a16e72.png,"The healthy eatery"
3541,"Chana Chaat On Boat",2024-08-14-66bc6a0a16e72.png,"The healthy eatery"
3542,"Lentil Soup",2024-08-14-66bc6a0a16e72.png,"The healthy eatery"
3543,"Chard Broccoli N Honey Wallnut",2024-08-14-66bc6a0a16e72.png,"The healthy eatery"
3546,"Lemon Garlic Veggie Soup",2021-08-21-6120c504a9cab.png,"The healthy eatery"
3547,"Soy Basil Soup",2024-08-14-66bc6a0a16e72.png,"The healthy eatery"
3548,"Sprouty Me",2024-08-14-66bc6a0a16e72.png,"The healthy eatery"
3549,"The Keto Salad",2024-08-14-66bc6a0a16e72.png,"The healthy eatery"
3553,"Waldorf Salad",2025-02-08-67a6fd0ab8cbe.png,"The healthy eatery"
3558,"Rajbhog Masala Paan",2025-12-26-694e5b755c080.jpg,"Chan Sonali Paan Darbar"
3559,"Amdar Special Paan",2025-12-26-694e5ba4b5424.jpg,"Chan Sonali Paan Darbar"
3560,"Sonali Special Paan",2025-12-26-694e5c121eba5.jpg,"Chan Sonali Paan Darbar"
3561,"Mango Mastani Paan",2025-12-26-694e5c48d7dec.jpg,"Chan Sonali Paan Darbar"
3562,"Strawberry Mastani Paan",2025-12-26-694e5cc16b22c.jpg,"Chan Sonali Paan Darbar"
3563,"Blueberry Mastani Paan",2025-12-26-694e65babe79f.jpg,"Chan Sonali Paan Darbar"
3564,"Gulab Masala Paan",2025-12-26-694e662cb8881.jpg,"Chan Sonali Paan Darbar"
3565,"Pineapple Masala Paan",2025-12-26-694e6688029a4.jpg,"Chan Sonali Paan Darbar"
3566,"Rajwadi Masala Paan",2025-12-26-694e66c0c0273.jpg,"Chan Sonali Paan Darbar"
3567,"Mathura Pattern Paan",2025-12-26-694e66f5c257c.jpg,"Chan Sonali Paan Darbar"
3568,"Chocolate Paan",2025-12-26-694e671b75fcc.jpg,"Chan Sonali Paan Darbar"
3569,"Butterscotch Chocolate Paan",2025-12-26-694e6741c3940.jpg,"Chan Sonali Paan Darbar"
3570,"Peru Chocolate Paan",2025-12-26-694e6781a3f6f.jpg,"Chan Sonali Paan Darbar"
3571,"Mango Chocolate Paan",2025-12-26-694e67ef13fa2.jpg,"Chan Sonali Paan Darbar"
3572,"Pineapple Chocolate Paan",2025-12-26-694e6892b7d8b.jpg,"Chan Sonali Paan Darbar"
3573,"Orange Chocolate Paan",2025-12-26-694e68e045ba2.jpg,"Chan Sonali Paan Darbar"
3574,"Rabdi Chocolate Paan",2025-12-26-694e6924e0244.jpg,"Chan Sonali Paan Darbar"
3575,"Pista Chocolate Paan",2025-12-26-694e6ac798686.jpg,"Chan Sonali Paan Darbar"
3576,"Black Forest Paan",2025-12-26-694e6b0878f30.jpg,"Chan Sonali Paan Darbar"
3577,"Mango Forest Paan",2025-12-26-694e6b7c5533a.jpg,"Chan Sonali Paan Darbar"
3578,"Strawberry Forest Paan",2025-12-26-694e6bb9c37bc.jpg,"Chan Sonali Paan Darbar"
3579,"Maghai Masala Paan",2025-12-26-694e6bee72962.jpg,"Chan Sonali Paan Darbar"
3580,"Maghai Masala Special Paan",2025-12-26-694e6c7129547.jpg,"Chan Sonali Paan Darbar"
3581,"Maghai Kaju Paan",2025-12-26-694e6cdf051e7.jpg,"Chan Sonali Paan Darbar"
3582,"Maghai Imli Paan",2025-12-26-694e6f86e152b.jpg,"Chan Sonali Paan Darbar"
3583,"Kolkata Sadha Paan",2025-12-26-694e6fad629e6.jpg,"Chan Sonali Paan Darbar"
3585,"Kolkata Chaman Chutney Paan",2025-12-26-694e6fea14786.jpg,"Chan Sonali Paan Darbar"
3586,"Kolkata Sangeeta Paan",2025-12-26-694e6f5d6d2ab.jpg,"Chan Sonali Paan Darbar"
3587,"Veg Biryani",2025-12-19-69450e37b3c25.jpg,"Kokni Darbar"
3588,"Veg Pulao",2025-12-19-69450e0602114.jpg,"Kokni Darbar"
3590,"Paneer Masala",2025-12-19-69450dbca7d86.jpg,"Kokni Darbar"
3591,"Green Peas Masala",2025-12-19-69450d9103b62.jpg,"Kokni Darbar"
3597,"Chana Masala",2025-12-19-69450d5b864a5.jpg,"Kokni Darbar"
3598,"Fish Fry",2025-12-19-69450d2997b48.jpg,"Kokni Darbar"
3599,"Fish Tandoor",2025-12-19-69450cf7cc0a9.jpg,"Kokni Darbar"
3600,"Fish Masala Handi",2025-12-19-69450c8079463.jpg,"Kokni Darbar"
3601,"Fish Curry Handi",2025-12-19-69450c4620eba.jpg,"Kokni Darbar"
3602,"Fish Chilli Gravy",2025-12-19-694505699dbfb.jpg,"Kokni Darbar"
3603,"Fish Biryani",2025-12-19-694504eb5167b.jpg,"Kokni Darbar"
3604,"Fish Pulao",2025-12-19-694504be90b51.jpg,"Kokni Darbar"
3605,"Prawns Chilli",2025-12-19-6945049a5cb7a.jpg,"Kokni Darbar"
3606,"Prawns Garlic Chilli",2025-12-19-69450421ad5ca.jpg,"Kokni Darbar"
3607,"Prawns Masala Handi",2025-12-19-6945036611716.jpg,"Kokni Darbar"
3608,"Prawns Fry",2025-12-18-6943e71ef3d22.jpg,"Kokni Darbar"
3609,"Prawns Pulao",2025-12-18-6943e5249636a.jpg,"Kokni Darbar"
3611,"Prawns Fry Rice",2025-12-18-6943e74e27bd5.jpg,"Kokni Darbar"
3612,"Prawns White Chilli",2025-12-18-6943d65f7867b.jpg,"Kokni Darbar"
3613,"Chicken Clear Soup",2025-12-18-6943d6249701d.jpg,"Kokni Darbar"
3614,"Sweet Corn Chicken Soup",2025-12-18-6943d4dfdf7d8.jpg,"Kokni Darbar"
3615,"Hot & Sour Chicken Soup",2025-12-18-6943d3c5755c2.jpg,"Kokni Darbar"
3616,"Chi.Manchaw Soup",2025-12-18-6943d39e03e01.jpg,"Kokni Darbar"
3617,"Veg Clear Soup",2025-12-18-6943d1d1dda85.jpg,"Kokni Darbar"
3618,"Veg.Sweet Corn Soup",2025-12-18-6943d092a2466.jpg,"Kokni Darbar"
3619,"Veg Hot & Sour Soup",2025-12-18-6943d06436449.jpg,"Kokni Darbar"
3620,"Veg Manchow Soup",2025-12-18-6943cfdaa4918.jpg,"Kokni Darbar"
3622,"Chicken Gujarati Chilli (Bone)",2025-12-18-6943cf523927d.jpg,"Kokni Darbar"
3625,"Chicken Butter Chilli",2025-12-18-6943cf073b7e4.jpg,"Kokni Darbar"
3649,"Tandoori Roti",2025-12-18-6943ceb302969.jpg,"Kokni Darbar"
3650,"Rumali Roti",2025-12-18-6943ce2bc5c39.jpg,"Kokni Darbar"
3653,"Butter Roti",2025-12-18-6943cd493c9df.jpg,"Kokni Darbar"
3654,"Butter Chapati",2025-12-18-6943ccde8d213.jpg,"Kokni Darbar"
3655,"Reshmi Paratha",2025-12-18-6943cc4f46b8d.jpg,"Kokni Darbar"
3666,"Firni",2025-12-18-6943b589dae46.jpg,"Kokni Darbar"
3672,"Veg Hakka Noodles",2025-12-18-6943b53dab30a.jpg,"Kokni Darbar"
3679,"Chicken Manchurian Rice",2025-12-18-6943b4f3a0791.jpg,"Kokni Darbar"
3680,"Chicken Singapore Rice",2025-12-18-6943b475c1bbf.jpg,"Kokni Darbar"
3683,"Mutton Fry Rice",2025-12-18-6943b43f4b086.jpg,"Kokni Darbar"
3690,"Chicken Taj Chilli",2025-12-18-6943b40a7647a.jpg,"Kokni Darbar"
3706,"Chicken Sepu Chilli",2025-12-18-6943b1f49f555.jpg,"Kokni Darbar"
3707,"Chicken Malwani Chilli",2025-12-18-6943b1c192eee.jpg,"Kokni Darbar"
3708,"Chicken Reshmi Chilli",2025-12-18-6943b11825082.jpg,"Kokni Darbar"
3714,"Bone Chilli Dry",2025-12-18-6943b0a1e86f9.jpg,"Kokni Darbar"
3715,"Chicken Shezwan Dry",2025-12-18-6943b065c4f8a.jpg,"Kokni Darbar"
3716,"Chicken Dostana Chilli",2025-12-18-6943a1f48cbf0.jpg,"Kokni Darbar"
3720,"Chicken Dum Biryani",2025-01-27-679758d99dd7b.png,"Kaka Ka Dhaba"
3730,"Veg Lahori",2025-01-28-67988a7ad35de.png,"Kaka Ka Dhaba"
3738,"Chana Masala",2025-01-28-67988e4fac8a8.png,"Kaka Ka Dhaba"
3740,"Dum Aloo Punjabi",2025-01-28-67988f48440ef.png,"Kaka Ka Dhaba"
3743,"Mushroom Tikka Masala",2025-01-28-6798908aba653.png,"Kaka Ka Dhaba"
3747,"Paneer Mushroom",2025-01-28-679891d2d21e8.png,"Kaka Ka Dhaba"
3751,"Veg Biryani",2025-01-28-6798b526de894.png,"Kaka Ka Dhaba"
3752,"Biryani Rice",2025-01-28-6798b56888142.png,"Kaka Ka Dhaba"
3754,"Plain Rice",2025-01-28-6798b6193855b.png,"Kaka Ka Dhaba"
3755,"Khichada Tadka",2025-01-28-6798b78b5ea8c.png,"Kaka Ka Dhaba"
3756,"Chicken Pulav",2025-01-28-6798b7f10118d.png,"Kaka Ka Dhaba"
3757,"Mutton Pulav",2025-01-28-6798b8f84ecc2.png,"Kaka Ka Dhaba"
3758,"Mutton Dum Biryani",2025-01-28-6798b95b357fb.png,"Kaka Ka Dhaba"
3759,"Chicken Lajawab Biryani",2025-01-28-6798ba6ac2f9d.png,"Kaka Ka Dhaba"
3761,"Paneer Musroom Handi",2025-01-28-6798bbd00e54d.png,"Kaka Ka Dhaba"
3762,"Veg Handi",2025-01-28-6798bc221d21d.png,"Kaka Ka Dhaba"
3764,"Baby Corn Paneer Handi",2025-01-28-6798bd6d9041a.png,"Kaka Ka Dhaba"
3766,"Chicken Dahiwala",2025-01-28-6798be8fd3838.png,"Kaka Ka Dhaba"
3767,"Chicken Irani",2025-01-28-6798beec2ce2b.png,"Kaka Ka Dhaba"
3768,"Chicken Seek Kabab",2025-01-28-6798bfcaa1c67.png,"Kaka Ka Dhaba"
3770,"Mutton Dal Ghosh",2025-01-28-6798c0bdb5d50.png,"Kaka Ka Dhaba"
3771,"Mutton Palakwala",2025-01-28-6798c13b772bd.png,"Kaka Ka Dhaba"
3772,"Mutton Handi Special",2025-01-28-6798c18d2c249.png,"Kaka Ka Dhaba"
3773,"Dal Ghosh",2025-01-28-6798c270c0bb2.png,"Kaka Ka Dhaba"
3774,"Mutton Handi",2025-01-28-6798c30607c1e.png,"Kaka Ka Dhaba"
3775,"Mutton Palakwala Special",2025-01-28-6798c3570b2c0.png,"Kaka Ka Dhaba"
3777,"Mutton Maratha Handi Special",2025-01-28-6798c4178550d.png,"Kaka Ka Dhaba"
3778,"Mutton Moghlai",2025-01-28-6798c4ac195bf.png,"Kaka Ka Dhaba"
3779,"Mutton Moghlai Special",2025-01-28-6798c5679fd47.png,"Kaka Ka Dhaba"
3780,"Mutton Nagpuri Handi",2025-01-28-6798c63607a99.png,"Kaka Ka Dhaba"
3781,"Mutton Nagpuri Handi Special",2025-01-28-6798c70485ca3.png,"Kaka Ka Dhaba"
3782,"Kheema Mutton Handi",2025-01-28-6798c7d9cba1c.png,"Kaka Ka Dhaba"
3783,"Chicken Dum Biryani",2025-01-29-6799d65b18871.png,"Cloud Aroma"
3784,"Veg.Masala Burger",2025-01-29-6799e4b878d77.png,"Raja Burger"
3785,"Veg.Masala Cheese Burger",2025-01-29-6799e5b7bc346.png,"Raja Burger"
3786,"Aalloo Tikki Burger",2025-01-29-6799e6f8c3ba7.png,"Raja Burger"
3787,"Aloo Tikki Cheese Burger",2025-01-29-6799e791a6e80.png,"Raja Burger"
3788,"Schezwan Tikki Burger",2025-01-29-6799e86305881.png,"Raja Burger"
3789,"Schezwan Cheese Tikki Burger",2025-01-29-6799e94eedd73.png,"Raja Burger"
3790,"Schezwan Cheese Paneer Tikki Burger",2025-01-29-6799ea14ccc9b.png,"Raja Burger"
3791,"Tandoori Tikki Burger",2025-01-29-6799eb958af94.png,"Raja Burger"
3792,"Tandoori Cheese Tikki Burger",2025-01-29-6799ebf1cde21.png,"Raja Burger"
3793,"Tandoori Cheese Paneer Tikki Burger",2025-01-29-6799ec9b609bc.png,"Raja Burger"
3794,"PUBG Burger",2025-01-29-6799ed1b1fdde.png,"Raja Burger"
3795,"Cheese Cheese Burger",2025-01-29-6799effc65a74.png,"Raja Burger"
3797,"Methi Tikki Burger",2025-01-29-6799f1c61694a.png,"Raja Burger"
3798,"Methi Cheese Tikki Burger",2025-01-29-6799f247d8239.png,"Raja Burger"
3799,"Tikki Masala Burger",2025-01-29-6799f2c27f69c.png,"Raja Burger"
3800,"Tikki Masala Cheese Burger",2025-01-29-6799f32fc5ac9.png,"Raja Burger"
3801,"Makhani Cheese Tikki Burger",2025-01-29-6799f3e0395f8.png,"Raja Burger"
3807,"Thousand Cheese Tikki Burger",2025-01-29-6799f8d0c8298.png,"Raja Burger"
3809,"Salsa Tikki Burger",2025-01-29-6799fb018d813.png,"Raja Burger"
3810,"Salsa Cheese Tikki Burger",2025-01-29-6799fb8b248d1.png,"Raja Burger"
3811,"Veg Jumbo Cheese Sandwich",2025-01-29-6799feefe8927.png,"Raja Burger"
3812,"Veg Jumbo Grill Sandwich",2025-01-29-679a007016e10.png,"Raja Burger"
3813,"Veg Cheese Grill Sandwich",2025-01-29-679a0111b2d16.png,"Raja Burger"
3814,"Veg Club Sandwich",2025-01-29-679a021ee90f6.png,"Raja Burger"
3815,"Veg Club Cheese Sandwich",2025-01-29-679a02b15aa06.png,"Raja Burger"
3816,"Tandoori Cheese Sandwich",2025-01-29-679a0368d25cb.png,"Raja Burger"
3817,"Tandoori Cheese Paneer Sandwich",2025-01-29-679a04ce293a1.png,"Raja Burger"
3818,"Tandoori Cheese Pakoda Sandwich",2025-01-29-679a05938660c.png,"Raja Burger"
3819,"Mayonnaise Cheese Sandwich",2025-01-29-679a06b71f18c.png,"Raja Burger"
3820,"Junglee Cheese Sandwich",2025-01-29-679a075675902.png,"Raja Burger"
3946,"Belgium Chocolate In Basket Gift",2025-11-30-692c14e012959.jpg,"Eversweet Chocolate"
3951,"Sabudana Khichadi(450ml)",2025-11-30-692c1d523b78b.jpg,"Eversweet Chocolate"
3953,"Veg Thali",2025-02-02-679f1765cb0fc.png,"Mai Food Station"
3954,"Special Veg Thali",2025-02-02-679f17ea1ac26.png,"Mai Food Station"
3956,"Aloo Garlic Paratha",2025-02-02-679f1cd3e6ff5.png,"PARANTHA JUNCTION"
3961,"Gobhi Pyaz Garlic Paratha",2025-02-06-67a4fe8b232d5.png,"PARANTHA JUNCTION"
3962,"Gobhi Pyaz Paratha",2025-02-03-67a07baca45e4.png,"PARANTHA JUNCTION"
3965,"Sada Paratha",2025-02-05-67a3161ae1f6d.png,"PARANTHA JUNCTION"
3967,"Namak Ajwain Paratha",2025-02-02-679f20b293c49.png,"PARANTHA JUNCTION"
3969,"Masala Paratha",2025-02-02-679f2374c4f4d.png,"PARANTHA JUNCTION"
3971,"Tadka Buttermilk",2025-02-02-679f2495acccd.png,"PARANTHA JUNCTION"
3972,"SweetLassi",2025-02-02-679f258d6d806.png,"PARANTHA JUNCTION"
3975,"Cold Coffee",2025-02-02-679f26e5af644.png,"PARANTHA JUNCTION"
3977,"Plain Curd",2025-02-02-679f37fe3ae44.png,"PARANTHA JUNCTION"
3978,"Boondi Raita",2025-02-02-679f3847755bd.png,"PARANTHA JUNCTION"
3979,"Mix Veg Raita",2025-02-02-679f3884b0cf6.png,"PARANTHA JUNCTION"
3980,"Akka Masoor Tej",2025-02-03-67a0560104eac.png,"ANVIT'S KITCHEN"
3981,"Butter Masoor",2025-02-03-67a0566354c35.png,"ANVIT'S KITCHEN"
3982,"Akka Masoor Garlic",2025-02-03-67a056b34c331.png,"ANVIT'S KITCHEN"
3983,"Rice",2025-02-03-67a05722ee5b1.png,"ANVIT'S KITCHEN"
3984,"Chapati",2025-02-03-67a0576f93daf.png,"ANVIT'S KITCHEN"
3985,"Butter Chapati",2025-02-03-67a057b4c8a96.png,"ANVIT'S KITCHEN"
3986,"Laccha Paratha",2025-02-03-67a058013616d.png,"ANVIT'S KITCHEN"
3987,"Butter Laccha Paratha",2025-02-03-67a0584eec166.png,"ANVIT'S KITCHEN"
3988,"Bhakri (Jwari)",2025-02-03-67a058982c7d4.png,"ANVIT'S KITCHEN"
3989,"Akka Masoor Meddium",2025-02-03-67a05a0887d31.png,"ANVIT'S KITCHEN"
4011,"Shev Bhaji",2025-02-03-67a088a403aaf.png,"Aai Chi Athvan Parcel Point Branch 2"
4012,"Aloo Mutter",2025-02-03-67a0947ed3529.png,"Aai Chi Athvan Parcel Point Branch 2"
4013,"Pithal Bhakari",2025-02-03-67a088264af83.png,"Aai Chi Athvan Parcel Point Branch 2"
4014,"Dubuk Vade Amti",2025-02-03-67a087023b1ee.png,"Aai Chi Athvan Parcel Point Branch 2"
4015,"Patodyachi Amti",2025-02-03-67a08716dcb00.png,"Aai Chi Athvan Parcel Point Branch 2"
4016,"Bhaje Amti",2025-02-03-67a08726863b7.png,"Aai Chi Athvan Parcel Point Branch 2"
4017,"Chapati",2025-02-03-67a087440c0a2.png,"Aai Chi Athvan Parcel Point Branch 2"
4018,"Bajarichi Bhakari",2025-02-03-67a0875edc210.png,"Aai Chi Athvan Parcel Point Branch 2"
4020,"Rice Bhakri",2025-02-03-67a087fbf0856.png,"Aai Chi Athvan Parcel Point Branch 2"
4021,"Aloo Paratha",2025-02-03-67a08625a9b82.png,"Aai Chi Athvan Parcel Point Branch 2"
4022,"Methi Paratha",2025-02-03-67a086e8cf383.png,"Aai Chi Athvan Parcel Point Branch 2"
4024,"Upma",2025-02-03-67a089284eb3e.png,"Aai Chi Athvan Parcel Point Branch 2"
4026,"Desi Ghee Puranpoli",2025-02-03-67a089bd50a01.png,"Aai Chi Athvan Parcel Point Branch 2"
4027,"Desi Ghee Puranpoli With Amti",2025-02-03-67a0944d84987.png,"Aai Chi Athvan Parcel Point Branch 2"
4029,"Kothambir Vadi( 7 pcs)",2025-02-03-67a0864896962.png,"Aai Chi Athvan Parcel Point Branch 2"
4030,"Aloo Wadi",2025-02-03-67a088e6911aa.png,"Aai Chi Athvan Parcel Point Branch 2"
4031,"Sabudana Wada (2 pcs)",2025-02-03-67a088d4ec149.png,"Aai Chi Athvan Parcel Point Branch 2"
4080,"Black Forest Veg Small",2025-02-05-67a35e5a46ae0.png,"Monginis Cake Shop"
4081,"Butterscotch Veg Small",2025-02-05-67a35e29a0bce.png,"Monginis Cake Shop"
4082,"Hazelnut Veg Small",2025-02-05-67a35e16200b3.png,"Monginis Cake Shop"
4083,"Royal Beauty Veg Small",2025-02-05-67a35dd62b799.png,"Monginis Cake Shop"
4084,"Rainbow Veg Small",2025-02-05-67a35dbb64ad9.png,"Monginis Cake Shop"
4090,"Choco Divine Cake Veg Small",2025-02-05-67a38ddb04f07.png,"Monginis Cake Shop"
4096,"Choco Overload Veg Large",2025-02-07-67a5910b0014f.png,"Monginis Cake Shop"
4099,"Classic Truffle Choco Veg Large",2025-02-07-67a5919015929.png,"Monginis Cake Shop"
4100,"Devil Delite Choco Veg Large",2025-02-07-67a591b901a53.png,"Monginis Cake Shop"
4102,"Alpine Choco Veg Large",2025-02-17-67b31089d83ce.png,"Monginis Cake Shop"
4103,"Dutch Choco Heart Veg Large",2025-02-07-67a591e60a429.png,"Monginis Cake Shop"
4105,"Almond Dutch Veg Pastries",2025-02-07-67a59210bb8a8.png,"Monginis Cake Shop"
4107,"Black Forest Veg Past",2025-02-17-67b310f414041.png,"Monginis Cake Shop"
4110,"Choco Lava Cup",2025-02-05-67a35d7cc00cb.png,"Monginis Cake Shop"
4111,"Tiramisu Veg Past",2025-02-17-67b3113da76e3.png,"Monginis Cake Shop"
4112,"Veg Patties",2025-02-17-67b3115065006.png,"Monginis Cake Shop"
4113,"Paneer Patties",2025-02-17-67b31169aa0eb.png,"Monginis Cake Shop"
4119,"Sakhrecha chaha",2025-02-04-67a1c0f95951e.png,"Yogi Gajanan Shegaon Kachori Center"
4120,"Gulacha Chaha",2025-02-04-67a1c25e8104c.png,"Yogi Gajanan Shegaon Kachori Center"
4121,"Coffee",2025-02-04-67a1c3eb15ce8.png,"Yogi Gajanan Shegaon Kachori Center"
4122,"Lemon tea",2025-02-04-67a1c49034df1.png,"Yogi Gajanan Shegaon Kachori Center"
4124,"Sugar Free Tea",2025-02-04-67a1c5898a1c9.png,"Yogi Gajanan Shegaon Kachori Center"
4130,"Chole Bhaji",2025-02-07-67a59f313a65d.png,"Kantara Food"
4131,"Chole Bhature",2025-02-07-67a5a340740d9.png,"Kantara Food"
4132,"Kolhapuri Chole Bhature",2025-02-07-67a5a30377afe.png,"Kantara Food"
4133,"Paneer Chole Bhature",2025-02-07-67a5a2d071517.png,"Kantara Food"
4136,"Chole Rice",2025-02-09-67a8941dd1da1.png,"Kantara Food"
4138,"Salted Fries",2025-02-07-67a5a16267055.png,"Kantara Food"
4139,"Peri Peri Fries",2025-02-07-67a5a02291643.png,"Kantara Food"
4140,"Cheese French Fries",2025-02-07-67a59ff61d472.png,"Kantara Food"
4141,"Peri Peri Cheese Fries",2025-02-07-67a59fc606d67.png,"Kantara Food"
4142,"Chinese Fries",2025-02-07-67a59f9c4e17b.png,"Kantara Food"
4143,"Extra Cheese",2025-02-07-67a59f6d15138.png,"Kantara Food"
4145,"Aloo Chilli",2025-02-07-67a59ef3938e0.png,"Kantara Food"
4149,"Manchurian Gravy",2025-02-07-67a59d4c689b6.png,"Kantara Food"
4150,"Paneer Chilli",2025-02-07-67a59d18c5176.png,"Kantara Food"
4155,"Paneer 65",2025-02-07-67a59bad779ec.png,"Kantara Food"
4156,"Veg Shanghai",2025-02-07-67a5a24f77dfc.png,"Kantara Food"
4158,"Fry Noodles",2025-02-07-67a5f1a2cfba8.png,"Kantara Food"
4159,"Veg. Hakka Noodles",2025-02-07-67a5f1286f0b9.png,"Kantara Food"
4160,"Veg. Schezwan Noodles",2025-02-07-67a5a8882f2e9.png,"Kantara Food"
4161,"Veg Manchurian Hakka Noodles",2025-02-07-67a5ef4317bf2.png,"Kantara Food"
4163,"Paneer Schezwan Noodles",2025-02-07-67a5edef04be8.png,"Kantara Food"
4165,"Mashroom Schezwan Noodles",2025-02-07-67a5abf443ea5.png,"Kantara Food"
4167,"Corn Schezwan Noodes",2025-02-07-67a5a92216130.png,"Kantara Food"
4168,"Chilly Gralic Noodles",2025-02-07-67a5a8fae7f2e.png,"Kantara Food"
4175,"Butter Garlic Rice",2025-02-09-67a8966fc1f8b.png,"Kantara Food"
4176,"Veg Tripple Schezwan Rice",2025-02-09-67a89706dd689.png,"Kantara Food"
4177,"Paneer Schezwan Rice",2025-02-09-67a8976c4f093.png,"Kantara Food"
4178,"Paneer Fried Rice",2025-02-09-67a897b7ae048.png,"Kantara Food"
4180,"Veg Corn Sehezwan Rice",2025-02-09-67a8982fc1990.png,"Kantara Food"
4181,"Mashroom Rice",2025-02-09-67a8988f13453.png,"Kantara Food"
4182,"Mashroom Schezwan Rice",2025-02-09-67a8992ac1133.png,"Kantara Food"
4183,"Chilly Garlic Rice",2025-02-09-67a89994d4ff5.png,"Kantara Food"
4184,"Amul Pav Bhaji (2 Butter Pav)",2025-02-09-67a88aca6cec6.png,"Kantara Food"
4185,"Kolhapuri Pav Bhaji (2 Butter Pav)",2025-02-09-67a88fdb915ef.png,"Kantara Food"
4186,"Paneer Pav Bhaji (2 Butter Pav)",2025-02-09-67a8901e281f8.png,"Kantara Food"
4187,"Cheese Pav Bhaji (2 Butter Pav)",2025-02-09-67a890815468e.png,"Kantara Food"
4189,"Pav Bhaji (1kg)",2025-02-09-67a890eb25f9f.png,"Kantara Food"
4190,"Tawa Pulav",2025-02-09-67a894081f3b4.png,"Kantara Food"
4191,"KolhapurI Tawa Pulao",2025-02-09-67a8945906105.png,"Kantara Food"
4192,"Cheese Tawa Pulao",2025-02-09-67a894a232006.png,"Kantara Food"
4193,"Paneer Tawa Pulao",2025-02-09-67a894ef670da.png,"Kantara Food"
4194,"Hydrabadi Pulao",2025-02-09-67a895246bec4.png,"Kantara Food"
4195,"Tomato Soup",2025-02-09-67a891d869c81.png,"Kantara Food"
4196,"Veg. Manchaw Soup",2025-02-09-67a891f583e1e.png,"Kantara Food"
4197,"Veg. Manchurian Soup",2025-02-09-67a8921d7a5a0.png,"Kantara Food"
4198,"Veg. Lemon Coriander Soup",2025-02-09-67a8937371329.png,"Kantara Food"
4199,"Veg. Palak Soup",2025-02-09-67a89395efbb2.png,"Kantara Food"
4200,"Veg. Sandwich",2025-02-09-67a888e995d5d.png,"Kantara Food"
4201,"Veg. Grilled Sandwich",2025-02-09-67a889096a289.png,"Kantara Food"
4202,"Veg. Cheese Grilled Sandwich",2025-02-09-67a88935a59d2.png,"Kantara Food"
4203,"Mayoness Sandwich",2025-02-09-67a88975a41bb.png,"Kantara Food"
4204,"Plain Cheese Sandwich",2025-02-09-67a8899ca2b98.png,"Kantara Food"
4205,"Cheese Grilled",2025-02-09-67a889be4fc0b.png,"Kantara Food"
4206,"Grilled Aloo Cheese Sandwich",2025-02-09-67a88a3b94792.png,"Kantara Food"
4207,"Cheese Chilly Toast",2025-02-07-67a5f2aedf8d1.png,"Kantara Food"
4208,"Paneer Tikka Grilled Sandwich",2025-02-07-67a5f34ec999f.png,"Kantara Food"
4209,"Paneer Cheese Chilly Grilled Sandwich",2025-02-07-67a5f3b52a1c9.png,"Kantara Food"
4210,"Veg. Tandoori Paneer Grilled Sandwich",2025-02-07-67a5f793a0b71.png,"Kantara Food"
4212,"Dip Mayonese",2025-02-07-67a5f7d29c4a3.png,"Kantara Food"
4213,"Veg Pizza",2025-02-07-67a5fa60f2fe1.png,"Kantara Food"
4214,"Cheese Pizza",2025-02-07-67a5fa9708e50.png,"Kantara Food"
4215,"Pahadi Paneer Pizza",2025-02-07-67a5faf23bfbc.png,"Kantara Food"
4216,"Kantara Special Pizza",2025-02-07-67a5fb55932c7.png,"Kantara Food"
4217,"Paneer Tikka Pizza",2025-02-07-67a5fb7e437a0.png,"Kantara Food"
4218,"Veg Corn Cheese Pizza",2025-02-07-67a5fbb63d938.png,"Kantara Food"
4219,"Shere Punjab Pizza",2025-02-07-67a5fc17f0d1d.png,"Kantara Food"
4220,"Paneer Pizza",2025-02-07-67a5fc5dbd232.png,"Kantara Food"
4221,"Paneer Bhurji Pizza",2025-02-07-67a5fc91cb52b.png,"Kantara Food"
4222,"Mashroom Pizza",2025-02-07-67a5fcdce58d6.png,"Kantara Food"
4223,"Chinatown Pizza",2025-02-07-67a5fd1ff0c75.png,"Kantara Food"
4225,"Pista Shake",2025-02-07-67a5fd99a85fa.png,"Kantara Food"
4226,"Mango Shake",2025-02-07-67a5fea35fe73.png,"Kantara Food"
4227,"Oreo Milk Shake",2025-02-08-67a708fbee077.png,"Kantara Food"
4228,"Kitkat Milk Shake",2025-02-08-67a7093517a50.png,"Kantara Food"
4229,"Butter Schotch Milk Shake",2025-02-08-67a709797d553.png,"Kantara Food"
4230,"Fresh Lime Water",2025-02-08-67a709b4879fe.png,"Kantara Food"
4231,"Water Bottle 50 Ml",2025-02-08-67a709f7bdebc.png,"Kantara Food"
4233,"Matki Fry",2025-02-08-67a70d6986cd4.png,"Kantara Food"
4234,"Shev Bhaji",2025-02-08-67a70f06d04d7.png,"Kantara Food"
4235,"Aloo Masala",2025-02-08-67a70f36c2647.png,"Kantara Food"
4236,"Gobi Masala",2025-02-08-67a70f6eba0a6.png,"Kantara Food"
4237,"Aloo Gobi",2025-02-08-67a70ff05388a.png,"Kantara Food"
4238,"Bhendi Masala",2025-02-08-67a71013da0e0.png,"Kantara Food"
4239,"Bhendi Fry",2025-02-08-67a710311bc57.png,"Kantara Food"
4240,"Bhendi Murmuri",2025-02-08-67a7106b85db7.png,"Kantara Food"
4241,"Baigan Masala",2025-02-08-67a710a1548a4.png,"Kantara Food"
4242,"Aloo Bhendi",2025-02-08-67a7115634c4f.png,"Kantara Food"
4243,"Aloo Jeera",2025-02-08-67a7117d9ee6f.png,"Kantara Food"
4244,"Matki Masala",2025-02-08-67a71197bf634.png,"Kantara Food"
4245,"Mix Veg",2025-02-08-67a711bd8ac44.png,"Kantara Food"
4246,"Aloo Mutter Masala",2025-02-08-67a711f4c9c2d.png,"Kantara Food"
4247,"Gobi Mutter Masala",2025-02-08-67a71246b304f.png,"Kantara Food"
4248,"Lasooni Methi",2025-02-08-67a712f17aece.png,"Kantara Food"
4250,"Green Peas Masala",2025-02-08-67a7207b765eb.png,"Kantara Food"
4251,"Veg kheema",2025-02-08-67a720a527f6d.png,"Kantara Food"
4252,"Chana Masala",2025-02-08-67a7211c854b5.png,"Kantara Food"
4253,"Methi Mutter",2025-02-08-67a721419a2c3.png,"Kantara Food"
4254,"Aloo Methi",2025-02-08-67a7215c07795.png,"Kantara Food"
4255,"Aloo Palak",2025-02-08-67a7217621daf.png,"Kantara Food"
4256,"Aloo Gobi Mutter Masala",2025-02-08-67a722491ddf8.png,"Kantara Food"
4257,"Veg Hydrabadi",2025-02-08-67a7227e3f3a2.png,"Kantara Food"
4258,"Veg Kolhapuri",2025-02-08-67a722a2cab1d.png,"Kantara Food"
4259,"Veg Bhuna",2025-02-08-67a722b98c94f.png,"Kantara Food"
4260,"Kadi Pakoda",2025-02-08-67a722d676e78.png,"Kantara Food"
4261,"Soya Kheema Masala",2025-02-08-67a723151c58b.png,"Kantara Food"
4262,"Veg Tufani",2025-02-08-67a7235963176.png,"Kantara Food"
4263,"Mutter Mashroom Masala",2025-02-08-67a7238442b88.png,"Kantara Food"
4264,"Dum Aloo Punjabi",2025-02-08-67a723a73b9a1.png,"Kantara Food"
4279,"Masala Papad",2025-02-08-67a726d9068d0.png,"Kantara Food"
4280,"Nagali Papad",2025-02-08-67a7271406790.png,"Kantara Food"
4281,"Nagali Masala",2025-02-08-67a7275e797c7.png,"Kantara Food"
4282,"Papad Churi",2025-02-08-67a727c69bc18.png,"Kantara Food"
4294,"Steam Rice",2025-02-08-67a72a9ccd802.png,"Kantara Food"
4295,"Jeera Rice",2025-02-08-67a72b9a474ba.png,"Kantara Food"
4296,"Masala Rice",2025-02-08-67a72becdb53f.png,"Kantara Food"
4297,"Green Peas Pulao",2025-02-08-67a72c274861a.png,"Kantara Food"
4298,"Butter Dal Khichada",2025-02-08-67a72c6e1ddf8.png,"Kantara Food"
4299,"Dal Khichada Tadka",2025-02-08-67a72ca41c3a8.png,"Kantara Food"
4300,"Palak Dal Khichada",2025-02-08-67a72ccc5ee25.png,"Kantara Food"
4301,"Palak Dal Khichada Tadka",2025-02-08-67a72cf3e5927.png,"Kantara Food"
4305,"Butter Chapati",2025-02-08-67a72dfe6cd36.png,"Kantara Food"
4306,"Laccha Paratha",2025-02-08-67a72e50309fa.png,"Kantara Food"
4307,"Butter Laccha Paratha",2025-02-08-67a72e7844616.png,"Kantara Food"
4308,"Bhakari",2025-02-08-67a72e9d51325.png,"Kantara Food"
4309,"Bhatura",2025-02-08-67a72efbd3b24.png,"Kantara Food"
4310,"Alloo Paratha",2025-02-08-67a72f3471b2f.png,"Kantara Food"
4311,"Mix Veg Paratha",2025-02-08-67a72f53a06dc.png,"Kantara Food"
4312,"Paneer Paratha",2025-02-08-67a72f7ea90ba.png,"Kantara Food"
4313,"Cheese / Butter",2025-02-08-67a72fd821f24.png,"Kantara Food"
4314,"Veg Thali",2025-02-06-67a495d1bf7e0.png,"Kantara Food"
4316,"Kantara Paneer Thali. ( Punjabi Indian)",2025-02-09-67a8744a8196a.png,"Kantara Food"
4318,"Egg Schezwan Fried Rice",2025-12-01-692da10172c6d.jpg,"Inayat Cafe"
4336,"Puran Poli",2025-02-13-67adc5276e042.png,"Aai Chi Athvan Parcel Point Branch 2"
4342,"Mix Farsan",2025-02-06-67a453e279631.png,"SURTI WAFERS"
4343,"Tikha Medium Sev",2025-02-06-67a455c547980.png,"SURTI WAFERS"
4344,"Tikha Jada Sev",2025-02-06-67a4580a1c7b7.png,"SURTI WAFERS"
4345,"Lasun Sev",2025-02-06-67a4598859bb4.png,"SURTI WAFERS"
4346,"Misal Sev",2025-02-06-67a45b0c5633c.png,"SURTI WAFERS"
4347,"Misal Jadi Sev",2025-02-06-67a45c709f04b.png,"SURTI WAFERS"
4348,"Ratlami Sev",2025-02-06-67a45d77ea7c1.png,"SURTI WAFERS"
4349,"Khari Bundi",2025-02-06-67a45e681b33b.png,"SURTI WAFERS"
4350,"Tikha Bundi",2025-02-06-67a45f5b3bbf6.png,"SURTI WAFERS"
4351,"Nashik Chivda",2025-02-06-67a4605f33ea3.png,"SURTI WAFERS"
4353,"Bhavnagri",2025-02-06-67a4616c96cd8.png,"SURTI WAFERS"
4357,"Tikha Nagri",2025-02-06-67a46378ca07b.png,"SURTI WAFERS"
4361,"Bhaji Shev",2025-02-06-67a46494a4db7.png,"SURTI WAFERS"
4363,"Makai Chivda",2025-02-06-67a4a9fdc7319.png,"SURTI WAFERS"
4366,"Gathi",2025-02-06-67a4666554195.png,"SURTI WAFERS"
4370,"Tikha Farsan",2025-02-06-67a4681ad3347.png,"SURTI WAFERS"
4372,"Veg Manchurian Fried Rice",2025-02-06-67a46895bd59e.png,"Mauli Point Cafe"
4374,"Madras Mix",2025-02-06-67a468e7cc308.png,"SURTI WAFERS"
4376,"Lasun Farsan",2025-02-06-67a469ae52b85.png,"SURTI WAFERS"
4377,"Veg Tripple Manchurain Rice",2025-02-06-67a469d1be9e6.png,"Mauli Point Cafe"
4379,"Khattamitha",2025-02-06-67a46a59af2ee.png,"SURTI WAFERS"
4380,"Veg Paneer Rice",2025-02-06-67a46ab062bdf.png,"Mauli Point Cafe"
4381,"Barik Sev",2025-02-06-67a46b11e6e19.png,"SURTI WAFERS"
4383,"Poha Chivda",2025-02-06-67a46bdeab5f3.png,"SURTI WAFERS"
4385,"Golden Mix",2025-02-06-67a46cb836f45.png,"SURTI WAFERS"
4386,"Manglori Mix",2025-02-06-67a46db2a3111.png,"SURTI WAFERS"
4387,"Indori Mix",2025-02-06-67a46ea9e3b49.png,"SURTI WAFERS"
4388,"Nadiyadi Bhusa",2025-02-06-67a46f6fa358a.png,"SURTI WAFERS"
4390,"Dallmoth",2025-02-06-67a47069bec55.png,"SURTI WAFERS"
4392,"Naylone Sev",2025-02-06-67a4717007572.png,"SURTI WAFERS"
4394,"Shakkar Pare",2025-02-06-67a47293831a9.png,"SURTI WAFERS"
4395,"Bhakarwadi",2025-02-06-67a4738915414.png,"SURTI WAFERS"
4396,"Mini Bhakarwadi",2025-02-06-67a474525db8b.png,"SURTI WAFERS"
4397,"Sabudana Chivda",2025-02-06-67a47c4b7aecb.png,"SURTI WAFERS"
4398,"Blue Berry Mocktail",2025-02-06-67a482855020d.png,"Mauli Point Cafe"
4402,"Oreo Cold Coffee",2025-02-06-67a485308b87d.png,"Mauli Point Cafe"
4403,"Tikha Sabudana Chivda",2025-02-06-67a485938569c.png,"SURTI WAFERS"
4407,"Masala Masura",2025-02-06-67a486eb65258.png,"SURTI WAFERS"
4410,"Chana Dal",2025-02-06-67a487d942738.png,"SURTI WAFERS"
4412,"Papdi",2025-02-06-67a488b0351e3.png,"SURTI WAFERS"
4414,"Paneer Tikka Momos",2025-02-06-67a489576240b.png,"Mauli Point Cafe"
4416,"Surti Bhel",2025-02-06-67a489aa947e7.png,"SURTI WAFERS"
4418,"Masala Dana",2025-02-06-67a48ac07dc28.png,"SURTI WAFERS"
4419,"Salted Moong Dal",2025-02-06-67a48beed47d0.png,"SURTI WAFERS"
4420,"Sweet Farali Chivda",2025-02-06-67a48cda1266f.png,"SURTI WAFERS"
4421,"Tikha Farali Chivda",2025-02-06-67a48e4e3e9a6.png,"SURTI WAFERS"
4422,"Gangotri Khakhra",2025-02-06-67a48f3bb2f9a.png,"SURTI WAFERS"
4424,"Surti Dry Kachori",2025-02-06-67a49023a8c51.png,"SURTI WAFERS"
4425,"Sev Puri",2025-02-06-67a4916fb46f7.png,"SURTI WAFERS"
4427,"Surti Potato Wafers",2025-02-06-67a492d57626e.png,"SURTI WAFERS"
4429,"Shev Bhaji",2025-02-06-67a496a668205.png,"Aadhi Potoba"
4431,"Peri Peri Paneer Sandwich",2025-02-06-67a497e865392.png,"Mauli Point Cafe"
4432,"Bharit",2025-02-06-67a4987617085.png,"Aadhi Potoba"
4433,"Chocolote Grill Sandwich",2025-02-06-67a498dd3fd57.png,"Mauli Point Cafe"
4434,"Bharli Vangi",2025-02-06-67a49a0fd8f63.png,"Aadhi Potoba"
4435,"Patodi Amti",2025-02-06-67a49bd85b9dd.png,"Aadhi Potoba"
4436,"Pithala",2025-02-06-67a49d3bbc852.png,"Aadhi Potoba"
4437,"Lasun Methi",2025-02-06-67a49f2d43bc9.png,"Aadhi Potoba"
4438,"Schezwan Paneer Sandwich",2025-02-06-67a4a053c05a4.png,"Mauli Point Cafe"
4444,"Cheese Pizza",2025-02-06-67a4a62aa3877.png,"Mauli Point Cafe"
4446,"Mix Veg",2025-02-06-67a4a6a8be074.png,"Aadhi Potoba"
4448,"Sweet Corn Pizza Cheese",2025-02-06-67a4a6f31f0a0.png,"Mauli Point Cafe"
4449,"Capsicum N Cheese Pizza",2025-02-06-67a4a796be17b.png,"Mauli Point Cafe"
4450,"Bhendi Fry",2025-02-06-67a4a7a181dc5.png,"Aadhi Potoba"
4451,"Onion Capsicum Pizza",2025-02-06-67a4a82bd31c8.png,"Mauli Point Cafe"
4452,"Tandoor Onion Pizza",2025-02-06-67a4a88ed49d7.png,"Mauli Point Cafe"
4453,"Aloo Matar",2025-02-06-67a4a8c7a59bf.png,"Aadhi Potoba"
4454,"Paneer Capsium Pizza",2025-02-06-67a4afc538480.png,"Mauli Point Cafe"
4455,"Spicy Paneer Pizza",2025-02-06-67a4b0851744b.png,"Mauli Point Cafe"
4456,"All Mix Cheese Pizza",2025-02-06-67a4b160959e0.png,"Mauli Point Cafe"
4457,"Chicken Lollypop",2025-02-07-67a591dfc330b.png,"Aadhi Potoba"
4458,"Masala Lollypop",2025-02-07-67a5922ece102.png,"Aadhi Potoba"
4459,"Schezwan Lollypop",2025-02-07-67a5943a40c6a.png,"Aadhi Potoba"
4460,"Chilly Chicken Dry",2025-02-07-67a5958f95086.png,"Aadhi Potoba"
4461,"Chili Chicken Gravy",2025-02-07-67a596b9ce4c9.png,"Aadhi Potoba"
4462,"Chicken Machurian Dry",2025-02-07-67a597da1367b.png,"Aadhi Potoba"
4463,"Chicken Machurian Gravy",2025-02-07-67a5991ae6f7f.png,"Aadhi Potoba"
4464,"Chicken 65",2025-02-07-67a599e73f011.png,"Aadhi Potoba"
4465,"Chicken Schezwan",2025-02-07-67a59ad6a09d5.png,"Aadhi Potoba"
4466,"Chicken Crispy",2025-02-07-67a59c02b81d5.png,"Aadhi Potoba"
4467,"Veg Manchurian Dry",2025-02-07-67a59dfbd9a93.png,"Aadhi Potoba"
4468,"Veg Machurian Gravy",2025-02-07-67a59ed162b05.png,"Aadhi Potoba"
4470,"Soya Chilly",2025-02-07-67a5a1260e329.png,"Aadhi Potoba"
4471,"Paneer Chilli",2025-02-07-67a5a26ac3d81.png,"Aadhi Potoba"
4472,"Paneer 65",2025-02-07-67a5a34c29c03.png,"Aadhi Potoba"
4473,"Veg 65",2025-02-07-67a5a498a0a60.png,"Aadhi Potoba"
4474,"Chinese Bhel",2025-02-07-67a5a5b56a817.png,"Aadhi Potoba"
4475,"Veg Fried Rice",2025-02-07-67a5a7e020158.png,"Aadhi Potoba"
4476,"Veg Shejwan Fried Rice",2025-02-07-67a5a989be3a3.png,"Aadhi Potoba"
4477,"White Sauce Pasta",2025-02-07-67a5ab11a98df.png,"PARANTHA JUNCTION"
4478,"Veg Hakka Noodles",2025-02-07-67a5ab65f0238.png,"Aadhi Potoba"
4480,"Veg Shejwan Noodles",2025-02-07-67a5afe7a6ce9.png,"Aadhi Potoba"
4481,"Veg Triple Schezwan Rice",2025-02-07-67a5b263d779f.png,"Aadhi Potoba"
4482,"Manchurian Rice",2025-02-07-67a5b37d892ad.png,"Aadhi Potoba"
4483,"Manchurian Noodles",2025-02-07-67a5b49440694.png,"Aadhi Potoba"
4484,"Chicken Fried Rice",2025-02-07-67a5b60320518.png,"Aadhi Potoba"
4485,"Chicken Schezwan Rice",2025-02-07-67a5bc2c938ba.png,"Aadhi Potoba"
4486,"Chicken Shezwan Triple Rice",2025-02-07-67a5be67f1bd0.png,"Aadhi Potoba"
4487,"Chicken Hakka Noodles",2025-02-07-67a5c2649bcaf.png,"Aadhi Potoba"
4488,"Chicken Schezwan Noodles",2025-02-07-67a5c37a0695a.png,"Aadhi Potoba"
4489,"Chicken Schezwan Triple Noodles",2025-02-07-67a5c4c1a026f.png,"Aadhi Potoba"
4490,"Chicken Hakka Noodles",2025-02-07-67a5c5afbdf2a.png,"Aadhi Potoba"
4491,"Chicken Schezwan Noodles",2025-02-07-67a5c6fcc4df2.png,"Aadhi Potoba"
4494,"Egg Fried Rice",2025-02-07-67a5d5f985c66.png,"Aadhi Potoba"
4495,"Chicken Clear Soup",2025-02-07-67a5d7259ea88.png,"Aadhi Potoba"
4496,"Mutton Clear Soup",2025-02-07-67a5d8099bc87.png,"Aadhi Potoba"
4497,"Veg Manchow Soup",2025-02-07-67a5d8d45f8d1.png,"Aadhi Potoba"
4498,"Chicken Manchow Soup",2025-02-07-67a5d9b28b964.png,"Aadhi Potoba"
4499,"Anda Curry",2025-02-07-67a5da932a6e7.png,"Aadhi Potoba"
4500,"Anda Masala",2025-02-07-67a5db5105ccb.png,"Aadhi Potoba"
4501,"Anda Biryani",2025-02-07-67a5dc032f232.png,"Aadhi Potoba"
4502,"Mutton Thali",2025-02-07-67a5df5819457.png,"Hotel Swad NX Family Restaurant"
4503,"Special Mutton Thali",2025-02-07-67a5e2d5c0475.png,"Hotel Swad NX Family Restaurant"
4504,"Mutton Fry (4 Piece)",2025-02-07-67a5e754e79bf.png,"Hotel Swad NX Family Restaurant"
4505,"Mutton Masala",2025-02-07-67a5e9c39cf57.png,"Hotel Swad NX Family Restaurant"
4506,"Mutton Latpat ( 4 Pieces )",2025-02-07-67a5ed1fe1e9b.png,"Hotel Swad NX Family Restaurant"
4507,"Chicken Tikka Masala",2025-02-07-67a5f2be64b0a.png,"Garwa Family Restaurant"
4508,"Chicken Lahori",2025-02-07-67a5f3d7b20ab.png,"Garwa Family Restaurant"
4509,"Chicken Khima",2025-02-07-67a5f9b378332.png,"Garwa Family Restaurant"
4510,"Chicken Angara Masala",2025-02-07-67a5fab2e3587.png,"Garwa Family Restaurant"
4511,"Chicken Masala",2025-02-07-67a5fbf9e2ab1.png,"Garwa Family Restaurant"
4512,"Chicken Kolhapuri",2025-02-07-67a5fc97533ce.png,"Garwa Family Restaurant"
4513,"Chicken Do-Pyaza",2025-02-08-67a6db5b41eaa.png,"Garwa Family Restaurant"
4514,"Chicken Patiyala",2025-02-08-67a6dc536e866.png,"Garwa Family Restaurant"
4515,"Chicken Maratha",2025-02-08-67a6dd588ae10.png,"Garwa Family Restaurant"
4516,"Chicken Adarki",2025-02-08-67a6dee55b121.png,"Garwa Family Restaurant"
4517,"Chicken Lasuni",2025-02-08-67a6e04a7bffa.png,"Garwa Family Restaurant"
4518,"Chicken Methi",2025-02-08-67a6e1102e741.png,"Garwa Family Restaurant"
4519,"Chicken Hydrabadi",2025-02-08-67a6e1f080456.png,"Garwa Family Restaurant"
4520,"Chicken Rara",2025-02-08-67a6e2a19abf2.png,"Garwa Family Restaurant"
4521,"Chicken Malvani",2025-02-08-67a6e368969d4.png,"Garwa Family Restaurant"
4522,"Chicken Tawa",2025-02-08-67a6e44a3cf13.png,"Garwa Family Restaurant"
4523,"Chicken Kabab M/S",2025-02-08-67a6e6029224d.png,"Garwa Family Restaurant"
4524,"Chicken Maratha Handi",2025-02-08-67a6e8dcf30cf.png,"Garwa Family Restaurant"
4525,"Chicken Tandoor Handi",2025-02-08-67a6ea0c4a4a7.png,"Garwa Family Restaurant"
4526,"Chicken Handi",2025-02-08-67a6eb1c59f74.png,"Garwa Family Restaurant"
4527,"Murg Musslam",2025-02-08-67a6ec703d0d3.png,"Garwa Family Restaurant"
4528,"Chicken Tikka Handi",2025-02-08-67a6ed2b90c2c.png,"Garwa Family Restaurant"
4529,"Butter Chicken",2025-02-08-67a6edeb55a55.png,"Garwa Family Restaurant"
4530,"Gawathi Maratha Chicken Handi",2025-02-08-67a6eed5af2ad.png,"Garwa Family Restaurant"
4531,"Gawathi Chicken Bhuna",2025-02-08-67a6efb1a7932.png,"Garwa Family Restaurant"
4532,"Gawathi Chicken Kadai",2025-02-08-67a6f102694cb.png,"Garwa Family Restaurant"
4533,"Gawathi Chicken Chilly",2025-02-08-67a6f24224a10.png,"Garwa Family Restaurant"
4534,"Gawathi Chicken Masala",2025-02-08-67a6f36f314a2.png,"Garwa Family Restaurant"
4535,"Mutton Handi",2025-02-08-67a6f4becc541.png,"Garwa Family Restaurant"
4536,"Mutton Handi Maratha",2025-02-08-67a6f5cfa5bb6.png,"Garwa Family Restaurant"
4537,"Mutton Kadai",2025-02-08-67a6f6fc12d18.png,"Garwa Family Restaurant"
4538,"Mutton Masala",2025-02-08-67a6f81265184.png,"Garwa Family Restaurant"
4539,"Mutton Rogan Josh",2025-02-08-67a6f9092418d.png,"Garwa Family Restaurant"
4540,"Mutton Sagwala",2025-02-08-67a6fa4a92693.png,"Garwa Family Restaurant"
4541,"Mutton Moghlai",2025-02-08-67a6fb2c27439.png,"Garwa Family Restaurant"
4542,"Mutton Chilly with Bone",2025-02-08-67a6fc2c5024f.png,"Garwa Family Restaurant"
4543,"Mutton Bhuna",2025-02-08-67a6fcdb21b60.png,"Garwa Family Restaurant"
4544,"Mutton Sukha",2025-02-08-67a6fdaf86a24.png,"Garwa Family Restaurant"
4545,"Mutton Khima",2025-02-08-67a6fe644d1c8.png,"Garwa Family Restaurant"
4546,"Tawa Mutton",2025-02-08-67a6ffb837173.png,"Garwa Family Restaurant"
4547,"Chicken Kalimiri Tikka",2025-02-08-67a700efd2398.png,"Garwa Family Restaurant"
4548,"Chicken Dilkhush Kabab",2025-02-08-67a701d4318a7.png,"Garwa Family Restaurant"
4549,"Chicken Dulhaniya Kabab",2025-02-08-67a702d285064.png,"Garwa Family Restaurant"
4550,"Mutton Sheek Kabab",2025-02-08-67a703d6b85aa.png,"Garwa Family Restaurant"
4551,"Non-Veg Plater (Assertti chicken kabab 24 pice)",2025-02-08-67a704e606413.png,"Garwa Family Restaurant"
4552,"Chicken Tandoori",2025-02-08-67a705f54f8ef.png,"Garwa Family Restaurant"
4553,"Chicken Fried Rice",2025-02-08-67a70700668d9.png,"Garwa Family Restaurant"
4554,"Chicken Schezwan Rice",2025-02-08-67a7081d401c0.png,"Garwa Family Restaurant"
4555,"Chicken Shanghai Rice",2025-02-08-67a7096c0e3af.png,"Garwa Family Restaurant"
4556,"Chicken Triple Schezwan Rice",2025-02-08-67a70bc8e1c95.png,"Garwa Family Restaurant"
4557,"Egg Fried Rice",2025-02-08-67a70ce671ab5.png,"Garwa Family Restaurant"
4558,"Mixed Fried Rice",2025-02-08-67a70efa00504.png,"Garwa Family Restaurant"
4559,"Chicken Hakka Noodles",2025-02-08-67a7104db48d5.png,"Garwa Family Restaurant"
4560,"Chicken Schezwan Noodles",2025-02-08-67a71829e630d.png,"Garwa Family Restaurant"
4561,"Chicken Singapuri Noodles",2025-02-08-67a718e73e8a7.png,"Garwa Family Restaurant"
4562,"American Choupsey Non Veg",2025-02-08-67a71a78effa6.png,"Garwa Family Restaurant"
4563,"Thuzand Rice",2025-02-08-67a71bdf2ab88.png,"Garwa Family Restaurant"
4564,"Omlet",2025-02-08-67a71c9518140.png,"Garwa Family Restaurant"
4565,"Half Fry",2025-02-08-67a71dec96d96.png,"Garwa Family Restaurant"
4566,"Boil Egg",2025-02-08-67a71ec1d5f94.png,"Garwa Family Restaurant"
4567,"Egg Boiled Fry",2025-02-08-67a71f8137bbe.png,"Garwa Family Restaurant"
4568,"Egg Bhurjee",2025-02-08-67a720fb80842.png,"Garwa Family Restaurant"
4569,"Egg Curry",2025-02-08-67a721ce414fc.png,"Garwa Family Restaurant"
4570,"Egg Masala",2025-02-08-67a72295b67c3.png,"Garwa Family Restaurant"
4571,"Egg Chilly",2025-02-08-67a7232ceee38.png,"Garwa Family Restaurant"
4572,"Egg Pakoda",2025-02-08-67a723c90f180.png,"Garwa Family Restaurant"
4573,"Omlet Sandwich",2025-02-08-67a7244dbbee1.png,"Garwa Family Restaurant"
4574,"Chicken BIiryani",2025-02-08-67a724e854894.png,"Garwa Family Restaurant"
4575,"Chicken Dum Biryani",2025-02-08-67a725732aeb4.png,"Garwa Family Restaurant"
4576,"Chicken Hydrabadi Biryani",2025-02-08-67a725fda0003.png,"Garwa Family Restaurant"
4577,"Chicken Tikka Biryani",2025-02-08-67a726836afb0.png,"Garwa Family Restaurant"
4578,"Chicken Tikka Dum Biryani",2025-02-08-67a72773f193d.png,"Garwa Family Restaurant"
4579,"Mutton Biryani",2025-02-08-67a7285531f60.png,"Garwa Family Restaurant"
4580,"Prawns Biryani",2025-02-08-67a728d53fe9c.png,"Garwa Family Restaurant"
4581,"Eggs Biryani",2025-02-08-67a7298a761e3.png,"Garwa Family Restaurant"
4582,"Veg Fried Rice",2025-02-08-67a72bfd1ac7c.png,"Garwa Family Restaurant"
4583,"Veg Schezwan Fried Rice",2025-02-08-67a72cd8dcbd0.png,"Garwa Family Restaurant"
4584,"Veg Singapuri Rice",2025-02-08-67a72def9dcb1.png,"Garwa Family Restaurant"
4585,"Mushroom Fried Rice",2025-02-08-67a72ecc987ad.png,"Garwa Family Restaurant"
4586,"Veg Triple Schezwan Fried Rice",2025-02-08-67a72fbd0b6e1.png,"Garwa Family Restaurant"
4588,"Chicken Curry",2025-02-08-67a730a0a6018.png,"Aadhi Potoba"
4589,"Egg Hakka Noodles",2025-02-08-67a730c22368b.png,"Garwa Family Restaurant"
4590,"Chicken Sukka",2025-02-08-67a730d78797a.png,"Aadhi Potoba"
4591,"Mutton Curry",2025-02-08-67a731170a17c.png,"Aadhi Potoba"
4592,"Mutton Sukka",2025-02-08-67a731382fd0e.png,"Aadhi Potoba"
4593,"Mutton Dum Biryani",2025-02-08-67a7318940d2d.png,"Aadhi Potoba"
4594,"Veg Schezwan Noodles",2025-02-08-67a731ac02d75.png,"Garwa Family Restaurant"
4595,"Kheema Mutton",2025-02-08-67a731f389e0f.png,"Aadhi Potoba"
4597,"Veg Hong Kong Noodles",2025-02-08-67a732b2a4102.png,"Garwa Family Restaurant"
4598,"Chicken Dum Biryani",2025-02-08-67a732c09736b.png,"Aadhi Potoba"
4600,"Butter Chicken",2025-02-08-67a73336516c0.png,"Aadhi Potoba"
4602,"Chicken Leg Masala",2025-02-08-67a73398f313c.png,"Aadhi Potoba"
4603,"Bonless Chicken Masala",2025-02-08-67a733e1694b0.png,"Aadhi Potoba"
4604,"Veg Singapuri Noodlse",2025-02-08-67a7344fb1c4d.png,"Garwa Family Restaurant"
4606,"Plain Chapati",2025-02-08-67a7368ad0ea4.png,"Garwa Family Restaurant"
4607,"Butter Chapati",2025-02-08-67a7374230c68.png,"Garwa Family Restaurant"
4608,"Plain Roti",2025-02-08-67a738beb0a96.png,"Garwa Family Restaurant"
4609,"Butter Roti",2025-02-08-67a7399a82a13.png,"Garwa Family Restaurant"
4610,"Bhakari",2025-02-08-67a73a8858b54.png,"Garwa Family Restaurant"
4611,"Naan",2025-02-08-67a73be8591dc.png,"Garwa Family Restaurant"
4612,"Paratha",2025-02-08-67a73c8291cda.png,"Garwa Family Restaurant"
4613,"Kulcha",2025-02-08-67a73db85fa54.png,"Garwa Family Restaurant"
4614,"Garlic Naan",2025-02-08-67a73e973b470.png,"Garwa Family Restaurant"
4615,"Cheese Naan",2025-02-08-67a73f5b69fcb.png,"Garwa Family Restaurant"
4616,"Egg Chicken keema roll",2025-12-04-693166e6501b1.jpg,"Bholes Rock & Rolls Pathardi Phata"
4617,"Double Egg Chicken keema roll",2024-12-13-675bc25b6f73d.png,"Bholes Rock & Rolls Pathardi Phata"
4618,"Triple Egg Chicken keema roll",2025-12-04-69316f83283e3.jpg,"Bholes Rock & Rolls Pathardi Phata"
4619,"Chicken Noodles Mix Roll",2025-12-04-69316f5752aa6.jpg,"Bholes Rock & Rolls Pathardi Phata"
4620,"Egg Chicken Noodles Roll",2025-12-04-69316ca7a09fa.jpg,"Bholes Rock & Rolls Pathardi Phata"
4621,"Double Egg Chicken Noodles Roll",2025-12-04-69316c77ee83c.jpg,"Bholes Rock & Rolls Pathardi Phata"
4622,"Triple Egg Chicken Noodles Roll",2025-12-04-69316c27c25dd.jpg,"Bholes Rock & Rolls Pathardi Phata"
4623,"Egg Bhurji Roll",2025-12-04-69316beb37b0e.jpg,"Bholes Rock & Rolls Pathardi Phata"
4624,"Double Egg Bhurji Roll",2025-12-04-69316bccd9134.jpg,"Bholes Rock & Rolls Pathardi Phata"
4625,"Triple Egg Bhurji Roll",2025-12-04-6931685d9cbbd.jpg,"Bholes Rock & Rolls Pathardi Phata"
4626,"Egg Paneer Roll",2025-12-04-693168268525b.jpg,"Bholes Rock & Rolls Pathardi Phata"
4627,"Double Egg Paneer Noodles Roll",2025-12-04-6931672672d6c.jpg,"Bholes Rock & Rolls Pathardi Phata"
4628,"Double Chicken Roll",2025-12-04-693167035f6b4.jpg,"Bholes Rock & Rolls Pathardi Phata"
4630,"Aloo Roll",2025-12-04-693162fbd08b7.jpg,"Bholes Rock & Rolls Pathardi Phata"
4631,"Aloo Noodles Mix Roll",2025-12-04-6931611d0103d.jpg,"Bholes Rock & Rolls Pathardi Phata"
4632,"Soyabean Masala Roll",2025-12-04-693166c355997.jpg,"Bholes Rock & Rolls Pathardi Phata"
4633,"Soyabean Noodles Mix Roll",2025-12-04-693166a61234f.jpg,"Bholes Rock & Rolls Pathardi Phata"
4634,"Noodles Roll",2025-12-04-6931668b0dd83.jpg,"Bholes Rock & Rolls Pathardi Phata"
4635,"Cheese Roll",2025-12-04-6931666c43d62.jpg,"Bholes Rock & Rolls Pathardi Phata"
4636,"Manchurian Roll",2025-12-04-69316635448de.jpg,"Bholes Rock & Rolls Pathardi Phata"
4637,"Noodles Manchurian Mix Roll",2025-12-04-6931660a4cb59.jpg,"Bholes Rock & Rolls Pathardi Phata"
4638,"Mix Veg Roll",2025-12-04-693165d34f55d.jpg,"Bholes Rock & Rolls Pathardi Phata"
4639,"Mix Veg Noodles Roll",2025-12-04-693165adb67db.jpg,"Bholes Rock & Rolls Pathardi Phata"
4640,"Paneer Roll",2025-12-04-693165841d0d9.jpg,"Bholes Rock & Rolls Pathardi Phata"
4641,"Paneer Noodles Mix Roll",2025-12-04-6931655482532.jpg,"Bholes Rock & Rolls Pathardi Phata"
4642,"Double Paneer Roll",2024-12-13-675bd786f4149.png,"Bholes Rock & Rolls Pathardi Phata"
4643,"Egg Roll",2024-12-13-675bdb2f5fa87.png,"Bholes Rock & Rolls Pathardi Phata"
4644,"Chiken Roll",2024-12-13-675bdd3c50832.png,"Bholes Rock & Rolls Pathardi Phata"
4645,"Egg Chiken Roll",2024-12-13-675bddb108ee9.png,"Bholes Rock & Rolls Pathardi Phata"
4646,"Egg Paneer Roll",2024-12-13-675bdf164d0be.png,"Bholes Rock & Rolls Pathardi Phata"
4647,"Egg Aloo Roll",2024-12-13-675bdf95c65fd.png,"Bholes Rock & Rolls Pathardi Phata"
4648,"Egg Soyabean Roll",2024-12-13-675be046b451b.png,"Bholes Rock & Rolls Pathardi Phata"
4649,"Egg Noodles Roll",2024-12-13-675be0d21cdd4.png,"Bholes Rock & Rolls Pathardi Phata"
4650,"Egg Manchurian Roll",2024-12-13-675be1add7eb4.png,"Bholes Rock & Rolls Pathardi Phata"
4651,"Egg Mix Veg Roll",2025-12-04-693163eb58159.jpg,"Bholes Rock & Rolls Pathardi Phata"
4652,"Butter Naan",2025-02-08-67a73fecbc1f4.png,"Garwa Family Restaurant"
4653,"Plain Missi Roti",2025-02-08-67a7411281526.png,"Garwa Family Restaurant"
4654,"Butter Missi Roti",2025-02-08-67a741fbaac83.png,"Garwa Family Restaurant"
4655,"Kashmiri Naan",2025-02-08-67a742b8e7896.png,"Garwa Family Restaurant"
4656,"Masala Kulcha",2025-02-08-67a7437fa98b6.png,"Garwa Family Restaurant"
4657,"Paneer Paratha",2025-02-08-67a74495ddfdf.png,"Garwa Family Restaurant"
4658,"Gobi Paratha",2025-02-08-67a7457f4be39.png,"Garwa Family Restaurant"
4659,"Roomali Roti",2025-02-08-67a7472243338.png,"Garwa Family Restaurant"
4660,"Roomali Khakra",2025-02-08-67a7482bd4903.png,"Garwa Family Restaurant"
4661,"Cheese Roomali Khakra",2025-02-08-67a74a48b0d19.png,"Garwa Family Restaurant"
4662,"Stuffed Paratha",2025-02-08-67a74afba7a06.png,"Garwa Family Restaurant"
4663,"Steam Rice",2025-02-08-67a74bedca03c.png,"Garwa Family Restaurant"
4664,"Jeera Rice",2025-02-08-67a74cb9725ca.png,"Garwa Family Restaurant"
4665,"Curd Rice",2025-02-08-67a74d592eb47.png,"Garwa Family Restaurant"
4666,"Dal khichada",2025-02-08-67a74df43d06e.png,"Garwa Family Restaurant"
4667,"Palak Khichadi",2025-02-09-67a82d4629030.png,"Garwa Family Restaurant"
4668,"Butter Dal khichada",2025-02-09-67a8303f47ca3.png,"Garwa Family Restaurant"
4669,"Masala Rice",2025-02-09-67a8324792d58.png,"Garwa Family Restaurant"
4670,"Veg Pulao",2025-02-09-67a83321006e3.png,"Garwa Family Restaurant"
4671,"Veg Biryani",2025-02-09-67a83446d602a.png,"Garwa Family Restaurant"
4672,"Veg Dum Biryani",2025-02-09-67a835eea3384.png,"Garwa Family Restaurant"
4673,"Kashmiri Pulao",2025-02-09-67a8376f95c29.png,"Garwa Family Restaurant"
4674,"Veg Hyderabadi Biryani",2025-02-09-67a838fd75fca.png,"Garwa Family Restaurant"
4675,"Paneer Tikka Biryani",2025-02-09-67a83a0aa363b.png,"Garwa Family Restaurant"
4676,"Mushroom Biryani",2025-02-09-67a840d58824e.png,"Garwa Family Restaurant"
4677,"Diwani Handi",2025-02-09-67a83c703e11f.png,"Garwa Family Restaurant"
4678,"Mushroom Baby Corn M/S",2025-02-09-67a83d23dd740.png,"Garwa Family Restaurant"
4679,"Veg Jalfrezi",2025-02-09-67a83dccb2d8d.png,"Garwa Family Restaurant"
4680,"Dal Fry",2025-02-09-67a83f16e9dbd.png,"Garwa Family Restaurant"
4681,"Veg Dilruba",2025-02-09-67a83f94d73aa.png,"Garwa Family Restaurant"
4682,"Veg Patiyala",2025-02-09-67a8405f57654.png,"Garwa Family Restaurant"
4683,"Dal Tadka",2025-02-09-67a841fcc8454.png,"Garwa Family Restaurant"
4684,"Dal Palak",2025-02-09-67a84297bd006.png,"Garwa Family Restaurant"
4685,"Dal Methi",2025-02-09-67a8450a1c19f.png,"Garwa Family Restaurant"
4686,"Dal Makhani",2025-02-09-67a845a1d25f9.png,"Garwa Family Restaurant"
4687,"Veg Toofani",2025-02-09-67a847c65a6ec.png,"Garwa Family Restaurant"
4688,"Veg Angara M/S",2025-02-09-67a848a1d7f03.png,"Garwa Family Restaurant"
4689,"Paneer Dilruba",2025-02-09-67a84955906a1.png,"Garwa Family Restaurant"
4690,"Paneer Tikka Masala",2025-02-09-67a84aa0c5250.png,"Garwa Family Restaurant"
4691,"Paneer Bhurji",2025-02-09-67a84ca327e9d.png,"Garwa Family Restaurant"
4692,"Paneer Kofta",2025-02-09-67a84daaed0db.png,"Garwa Family Restaurant"
4693,"Paneer Pasanda",2025-02-09-67a84e85d7533.png,"Garwa Family Restaurant"
4694,"Paneer Handi",2025-02-09-67a84f7721ef3.png,"Garwa Family Restaurant"
4695,"Paneer Rajwadi",2025-11-24-69244b4d0c7d9.jpg,"Garwa Family Restaurant"
4696,"Paneer Masala",2025-11-24-69244b2a02d16.jpg,"Garwa Family Restaurant"
4697,"Paneer Toofani",2025-11-24-69244afce3e50.jpg,"Garwa Family Restaurant"
4698,"Paneer Angara",2025-11-24-69244acba6848.jpg,"Garwa Family Restaurant"
4699,"Paneer Kolhapuri",2025-11-24-69244a80e6347.jpg,"Garwa Family Restaurant"
4700,"Paneer Lachdar",2025-11-24-692449c5406bb.jpg,"Garwa Family Restaurant"
4701,"Paneer Anarkali",2025-11-24-6924499eec69e.jpg,"Garwa Family Restaurant"
4702,"Paneer Makhanwala",2025-11-24-6924494d4f3a4.jpg,"Garwa Family Restaurant"
4703,"Pitla",2025-11-24-6924492c8cb62.jpg,"Garwa Family Restaurant"
4704,"Shev Bhaji",2025-11-24-692448ec04a74.jpg,"Garwa Family Restaurant"
4705,"Beingan Masala",2025-11-24-692448c8b1d88.jpg,"Garwa Family Restaurant"
4706,"Veg Maratha",2025-11-24-692448945c415.jpg,"Garwa Family Restaurant"
4707,"Lasuni Methi",2025-11-24-6924480009e8e.jpg,"Garwa Family Restaurant"
4708,"Thecha Fry",2025-11-24-692447c95f2ff.jpg,"Garwa Family Restaurant"
4709,"Nagli Papad Roasted",2025-11-24-6924468b749a8.jpg,"Garwa Family Restaurant"
4710,"Nagli Papad Fry",2025-11-24-6924466355742.jpg,"Garwa Family Restaurant"
4711,"Masala Papad",2025-11-24-6924464289a6f.jpg,"Garwa Family Restaurant"
4712,"Sindhi Papad",2025-11-24-6924461f8ab1e.jpg,"Garwa Family Restaurant"
4713,"Jaypuri Papad",2025-11-24-692445fd59433.jpg,"Garwa Family Restaurant"
4714,"Veg Manchow Soup",2025-11-24-692445bfafdc0.jpg,"Garwa Family Restaurant"
4715,"Veg Hot & Sour",2025-11-24-6924457b4452e.jpg,"Garwa Family Restaurant"
4716,"Veg Lemon Coriander Soup",2025-11-24-69244552ea5f6.jpg,"Garwa Family Restaurant"
4717,"Veg Clear Soup",2025-11-24-692445302b389.jpg,"Garwa Family Restaurant"
4718,"Tommato Choice Of Cream Soup",2025-11-24-692444ff5f15c.jpg,"Garwa Family Restaurant"
4719,"Palak Choice Of Cream Soup",2025-11-24-692444cf49c8a.jpg,"Garwa Family Restaurant"
4720,"Mushroom Veg Choice Of Cream Soup",2025-11-24-692444adef788.jpg,"Garwa Family Restaurant"
4721,"Veg Sweet Corn Soup",2025-11-24-6924447fca124.jpg,"Garwa Family Restaurant"
4722,"Aloo Corn Tikki",2025-11-24-69243c75f179b.jpg,"Garwa Family Restaurant"
4723,"Hara Bhara Kabab",2025-11-24-69243c440cf73.jpg,"Garwa Family Restaurant"
4724,"Cheese Corn Tikki",2025-11-24-69243c18b3aff.jpg,"Garwa Family Restaurant"
4725,"Penult Chat",2025-11-24-69243bb734578.jpg,"Garwa Family Restaurant"
4729,"Chana Koliwada / Garlic",2025-11-24-69243b60e7bd5.jpg,"Garwa Family Restaurant"
4730,"Kaju Fry (20 Pcs)",2025-11-24-69243b3dae1e3.jpg,"Garwa Family Restaurant"
4731,"Cheese Corn Ball",2025-11-24-69243b1470675.jpg,"Garwa Family Restaurant"
4732,"Veg Manchurian / Chilly",2025-11-24-69243af24f4d0.jpg,"Garwa Family Restaurant"
4733,"Gobi Manchurian / Chilly",2025-11-24-69243a9091e0c.jpg,"Garwa Family Restaurant"
4734,"Mushroom Chilly / Manchurian",2025-11-24-69243a763574d.jpg,"Garwa Family Restaurant"
4735,"Soya Chilly",2025-11-24-69243a57aca16.jpg,"Garwa Family Restaurant"
4737,"Veg Spring Roll",2025-11-24-69243a3b4ded4.jpg,"Garwa Family Restaurant"
4738,"Veg Crispy",2025-11-24-69243a0fa7c51.jpg,"Garwa Family Restaurant"
4739,"Paneer Chilly Dry",2025-11-24-692439ec90257.jpg,"Garwa Family Restaurant"
4740,"Paneer Satay",2025-11-24-692426992e098.jpg,"Garwa Family Restaurant"
4742,"Baby Corn Crispy",2025-11-24-692425de8c3e6.jpg,"Garwa Family Restaurant"
4746,"Veg Sheek Kabab",2025-11-24-692425b8e1778.jpg,"Garwa Family Restaurant"
4747,"Veg Hariyali Kabab",2025-11-24-6924258623bb9.jpg,"Garwa Family Restaurant"
4748,"Tandoori Gobi",2025-11-24-692415e121876.jpg,"Garwa Family Restaurant"
4749,"Mashroom Tikka",2025-11-24-692415b1e8214.jpg,"Garwa Family Restaurant"
4750,"Paneer Tikka",2025-11-24-69241591bb0e1.jpg,"Garwa Family Restaurant"
4751,"Paneer Pudina Tikka",2025-11-24-69241566caf1a.jpg,"Garwa Family Restaurant"
4753,"Paneer Sheek Kabab",2025-11-24-69241538f3795.jpg,"Garwa Family Restaurant"
4754,"Paneer Pahadi Kabab",2025-11-24-692415043582a.jpg,"Garwa Family Restaurant"
4756,"Paneer Banjara Tikka",2025-11-24-692414e454dcf.jpg,"Garwa Family Restaurant"
4757,"Paneer Lasooni Tikka",2025-11-24-692414c93139f.jpg,"Garwa Family Restaurant"
4758,"Tandoori Mushromm Tikka",2025-11-24-6924148557504.jpg,"Garwa Family Restaurant"
4760,"Soyabean Tikka",2025-11-24-692414b050d24.jpg,"Garwa Family Restaurant"
4761,"Tandoori Aloo",2025-11-24-6924146b3e977.jpg,"Garwa Family Restaurant"
4762,"Aloo Methi",2025-11-24-6924144d0e3e5.jpg,"Garwa Family Restaurant"
4763,"Aloo Jeera",2025-11-24-692414322172b.jpg,"Garwa Family Restaurant"
4764,"Aloo Mutter",2025-11-24-69241415adbed.jpg,"Garwa Family Restaurant"
4765,"Bhendi Masala",2025-11-24-692413f83412a.jpg,"Garwa Family Restaurant"
4766,"Bhendi Fry",2025-11-24-692413da97b1d.jpg,"Garwa Family Restaurant"
4767,"Green Peas Masala",2025-11-24-692413b6f2988.jpg,"Garwa Family Restaurant"
4768,"Veg Kolhapuri",2025-11-24-6924139785958.jpg,"Garwa Family Restaurant"
4769,"Veg Kofta",2025-11-24-69241376b8cd7.jpg,"Garwa Family Restaurant"
4770,"Malai Kofta",2025-11-24-69241353dbbf3.jpg,"Garwa Family Restaurant"
4771,"Navratan Kurma",2025-11-24-69241333b64b6.jpg,"Garwa Family Restaurant"
4772,"Dum Aloo Kashmiri",2025-11-24-69241318de162.jpg,"Garwa Family Restaurant"
4773,"Dum Aloo Punjabi",2025-11-24-692412e481125.jpg,"Garwa Family Restaurant"
4774,"Veg Kheema",2025-11-24-6924122f474b8.jpg,"Garwa Family Restaurant"
4775,"Veg Makhan Wala",2025-11-24-69240a3c01312.jpg,"Garwa Family Restaurant"
4776,"Kaju Curry",2025-11-24-69240a1690a1d.jpg,"Garwa Family Restaurant"
4777,"Kaju Masala",2025-11-24-692409f803777.jpg,"Garwa Family Restaurant"
4778,"Methi Mutter Malai",2025-11-24-692409d219f72.jpg,"Garwa Family Restaurant"
4779,"Mushroom Masala",2025-11-24-692409ad35c3c.jpg,"Garwa Family Restaurant"
4780,"Veg Handi",2025-11-24-69240978ac006.jpg,"Garwa Family Restaurant"
4781,"Veg Kadai",2025-11-24-6924094e92330.jpg,"Garwa Family Restaurant"
4782,"Veg Bhuna",2025-11-24-6924092689370.jpg,"Garwa Family Restaurant"
4783,"Mix Veg",2025-11-24-6924090ad2408.jpg,"Garwa Family Restaurant"
4784,"Veg Peshwari",2025-11-24-692408e5792fc.jpg,"Garwa Family Restaurant"
4785,"Chicken Clear Soup",2025-11-24-69240850b6313.jpg,"Garwa Family Restaurant"
4786,"Mutton Soup",2025-11-24-692408253b0a9.jpg,"Garwa Family Restaurant"
4787,"Chicken Manchow Soup",2025-11-24-692406c7ec2e5.jpg,"Garwa Family Restaurant"
4788,"Chicken Hot & Sour Soup",2025-11-24-692406a4d8b4b.jpg,"Garwa Family Restaurant"
4789,"Chicken Shorba",2025-11-24-692406800b68d.jpg,"Garwa Family Restaurant"
4790,"Mutton Shorba",2025-11-24-692406626cb6a.jpg,"Garwa Family Restaurant"
4791,"Cream Of Chicken Soup",2025-11-24-69240644ded25.jpg,"Garwa Family Restaurant"
4792,"Chicken Chilly",2025-11-24-6924062840302.jpg,"Garwa Family Restaurant"
4793,"Chicken Chilly With Bone",2025-11-24-692405ef88875.jpg,"Garwa Family Restaurant"
4794,"Chicken Crispy",2025-11-24-6924053e311a0.jpg,"Garwa Family Restaurant"
4798,"Chicken Garlic",2025-11-24-692404b5df477.jpg,"Garwa Family Restaurant"
4802,"Chicken Koliwada",2025-11-24-69240426851f3.jpg,"Garwa Family Restaurant"
4804,"Chicken Tikka",2025-11-24-692403ddadf20.jpg,"Garwa Family Restaurant"
4805,"Chicken Kalimiri Tikka",2025-11-24-692403a18c2c4.jpg,"Garwa Family Restaurant"
4806,"Chicken Malai Tikka",2025-11-24-692403340cc9b.jpg,"Garwa Family Restaurant"
4807,"Chicken Banjara Kabab",2025-11-24-692403538c933.jpg,"Garwa Family Restaurant"
4808,"Chicken Seekh Kabab",2025-11-24-6924031421935.jpg,"Garwa Family Restaurant"
4809,"Tandoori Lollypop",2025-11-24-692402e042b4b.jpg,"Garwa Family Restaurant"
4810,"Chicken Pahadi Kabab",2025-11-24-692402bfc4da5.jpg,"Garwa Family Restaurant"
4811,"Chicken Reshmi Kabab",2025-11-24-692402699d499.jpg,"Garwa Family Restaurant"
4812,"Chicken Tangdi Kabab",2025-11-24-69240240de7c9.jpg,"Garwa Family Restaurant"
4813,"Chicken Achari Tikka",2025-11-24-6924021f14b01.jpg,"Garwa Family Restaurant"
4814,"Chicken Lasooni Kabab",2025-11-24-692401dea1a04.jpg,"Garwa Family Restaurant"
4815,"Chicken Pudina Kabab",2025-11-24-692401a8d0724.jpg,"Garwa Family Restaurant"
4816,"Chicken Hariyal Kabab",2025-11-24-692401737ec16.jpg,"Garwa Family Restaurant"
4817,"Chicken Angara Kabab",2025-11-24-69240123df4c8.jpg,"Garwa Family Restaurant"
4818,"Gulab Jamun (2 pcs)",2025-11-24-692400fddb18a.jpg,"Garwa Family Restaurant"
4819,"Sizzling Brownie",2025-11-24-692400d838e7e.jpg,"Garwa Family Restaurant"
4820,"Mango Mastani",2025-11-24-6924003fb2866.jpg,"Garwa Family Restaurant"
4821,"Veg Thai Curry",2025-11-24-6924000e7cb72.jpg,"Garwa Family Restaurant"
4823,"Veg Gaarwa Special",2025-11-24-6923ff33090ac.jpg,"Garwa Family Restaurant"
4825,"Chicken Afghani",2025-11-24-6923fed610143.jpg,"Garwa Family Restaurant"
4826,"Tangdi Mumtaz (3 pcs)",2025-11-24-6923fe8f1894f.jpg,"Garwa Family Restaurant"
4828,"Veg Dilruba Special",2025-11-24-6923fe4406990.jpg,"Garwa Family Restaurant"
4829,"Bheja Fry",2025-02-10-67a9b6b119055.png,"Hotel Swad NX Family Restaurant"
4830,"Kaleji Fry",2025-02-10-67a9b758670c6.png,"Hotel Swad NX Family Restaurant"
4831,"Kaleji Latpat",2025-02-10-67a9b86853424.png,"Hotel Swad NX Family Restaurant"
4832,"Wazadi Fry",2025-02-10-67a9b93f54317.png,"Hotel Swad NX Family Restaurant"
4833,"Wazadi Latpat",2025-02-10-67a9ba21c042b.png,"Hotel Swad NX Family Restaurant"
4834,"Mutton Khima",2025-02-10-67a9bafe066ce.png,"Hotel Swad NX Family Restaurant"
4835,"Mutton Handi",2025-02-10-67a9bed78fa60.png,"Hotel Swad NX Family Restaurant"
4836,"Mutton Bhuna",2025-02-10-67a9bf973cbee.png,"Hotel Swad NX Family Restaurant"
4837,"Mutton Kadhai",2025-02-10-67a9c1696b668.png,"Hotel Swad NX Family Restaurant"
4838,"Gavran Chicken Handi",2025-02-10-67a9c915751b6.png,"Hotel Swad NX Family Restaurant"
4839,"Gavran Chicken Masala",2025-02-10-67a9cb0bdd14a.png,"Hotel Swad NX Family Restaurant"
4840,"Prawns Biryani",2025-02-10-67a9ce4275971.png,"Hotel Swad NX Family Restaurant"
4841,"Prawns Thali",2025-02-10-67a9d000c180a.png,"Hotel Swad NX Family Restaurant"
4842,"Special Prawns Thali",2025-02-10-67a9d29297815.png,"Hotel Swad NX Family Restaurant"
4843,"Prawns Tawa Fry",2025-02-10-67a9d3aaf0778.png,"Hotel Swad NX Family Restaurant"
4844,"Prawns Koliwada",2025-02-10-67a9d44defef9.png,"Hotel Swad NX Family Restaurant"
4845,"Prawns Tandoori",2025-02-10-67a9d5a3e676b.png,"Hotel Swad NX Family Restaurant"
4846,"Prawns Latpat",2025-02-10-67a9d68ca6004.png,"Hotel Swad NX Family Restaurant"
4847,"Prawns Masala",2025-02-10-67a9d73cc6372.png,"Hotel Swad NX Family Restaurant"
4848,"Surmai Thali",2025-02-10-67a9d8605a455.png,"Hotel Swad NX Family Restaurant"
4849,"Special Surmai Thali",2025-02-10-67a9d91fc961d.png,"Hotel Swad NX Family Restaurant"
4850,"Surmai Tawa Fry",2025-02-10-67a9dbe528ba0.png,"Hotel Swad NX Family Restaurant"
4851,"Surmai Curry",2025-02-10-67a9dcdb40d57.png,"Hotel Swad NX Family Restaurant"
4852,"Surmai Koliwada",2025-02-10-67a9def4db8d6.png,"Hotel Swad NX Family Restaurant"
4853,"Surmai Handi",2025-02-10-67a9dfa075cb3.png,"Hotel Swad NX Family Restaurant"
4854,"Pomfret Thali",2025-02-10-67a9e147efc50.png,"Hotel Swad NX Family Restaurant"
4855,"Mutton Biryani",2025-02-10-67a9e2ab0e235.png,"Hotel Swad NX Family Restaurant"
4856,"Chicken Biryani Full",2025-02-10-67a9e35317fd8.png,"Hotel Swad NX Family Restaurant"
4857,"Egg Biryani",2025-02-10-67a9e3f308a55.png,"Hotel Swad NX Family Restaurant"
4858,"Gavran Chicken Biryani",2025-02-10-67a9e4b7ae52f.png,"Hotel Swad NX Family Restaurant"
4859,"Egg thali",2025-02-10-67a9e70832fce.png,"Hotel Swad NX Family Restaurant"
4860,"Egg Curry",2025-02-10-67a9e7aa1fcd8.png,"Hotel Swad NX Family Restaurant"
4861,"Egg Omlet",2025-02-10-67a9e864bb6fd.png,"Hotel Swad NX Family Restaurant"
4862,"Roti",2025-02-10-67a9ea1ea295d.png,"Hotel Swad NX Family Restaurant"
4863,"Butter Roti",2025-02-10-67a9eaaa9cf76.png,"Hotel Swad NX Family Restaurant"
4864,"Bajari Bhakari",2025-02-10-67a9eb5ddaf09.png,"Hotel Swad NX Family Restaurant"
4865,"Butter Bajari Bhakari",2025-02-10-67a9ebecaa582.png,"Hotel Swad NX Family Restaurant"
4866,"Jwari Bhakari",2025-02-10-67a9ec65672a3.png,"Hotel Swad NX Family Restaurant"
4867,"Jwari Butter Bhakari",2025-02-10-67a9eccac8172.png,"Hotel Swad NX Family Restaurant"
4868,"Butter Chapati",2025-02-10-67a9ed3dd7cb6.png,"Hotel Swad NX Family Restaurant"
4869,"Indrayani Rice",2025-02-10-67a9ee0f52c03.png,"Hotel Swad NX Family Restaurant"
4870,"Jeera Rice",2025-02-10-67a9eec62b15e.png,"Hotel Swad NX Family Restaurant"
4871,"Stem Rice",2025-02-10-67a9efa0d1cf1.png,"Hotel Swad NX Family Restaurant"
4872,"Murg Musslam",2025-02-10-67a9f0aa9b14c.png,"Hotel Swad NX Family Restaurant"
4873,"Lassi",2025-02-11-67aad233af535.png,"CURRY LEAVES"
4874,"Mattha",2025-02-11-67aad2fabd89d.png,"CURRY LEAVES"
4875,"Strawberry Daiquiri",2025-02-11-67aad3df21250.png,"CURRY LEAVES"
4876,"Cold Coffee",2025-02-11-67aad8036c98b.png,"CURRY LEAVES"
4877,"Cold Cofee With Ice-Cream",2025-02-11-67aad9cdd474c.png,"CURRY LEAVES"
4878,"Majito",2025-02-11-67aada82b92f5.png,"CURRY LEAVES"
4879,"Cranberry Cooler",2025-02-11-67aadb8368141.png,"CURRY LEAVES"
4880,"Special Fruit Punch",2025-02-11-67aaddb95c8a4.png,"CURRY LEAVES"
4881,"Bread Butter Jam",2025-02-11-67aadf9698db4.png,"CURRY LEAVES"
4882,"Toast Butter",2025-02-11-67aae023c5d98.png,"CURRY LEAVES"
4883,"Toast Jam",2025-02-11-67aae0efe23fd.png,"CURRY LEAVES"
4884,"Veg Bombay Sandwich",2025-02-11-67aae50602eac.png,"CURRY LEAVES"
4885,"Veg Cheese Sandwich",2025-02-11-67aae5bf19315.png,"CURRY LEAVES"
4886,"Veg Grilled Sandwich",2025-02-11-67aae683297cd.png,"CURRY LEAVES"
4887,"Veg Club Sandwich",2025-02-11-67aae7134d6d2.png,"CURRY LEAVES"
4888,"Farm House Pizza",2025-02-11-67aae7c3f039f.png,"CURRY LEAVES"
4889,"BBQ Paneer Pizza",2025-02-11-67aae83b7521c.png,"CURRY LEAVES"
4890,"Margherita Pizza",2025-02-11-67aae8a98af7a.png,"CURRY LEAVES"
4891,"Veg Pizza",2025-02-11-67aae92a510fb.png,"CURRY LEAVES"
4892,"Mushroom Pizza",2025-02-11-67aae9ed14dd0.png,"CURRY LEAVES"
4893,"Cheese Pizza",2025-02-11-67aaea68a5c2a.png,"CURRY LEAVES"
4895,"Italian Style Pizza",2025-02-11-67aaeb9da59a7.png,"CURRY LEAVES"
4896,"Red Sauce Pasta",2025-02-11-67aaecfd169a1.png,"CURRY LEAVES"
4897,"White Sauce Pasta",2025-02-11-67aaed991537e.png,"CURRY LEAVES"
4900,"Veg Pakoda",2025-02-11-67aaeecd51c82.png,"CURRY LEAVES"
4902,"Khekda Bhaji",2025-02-11-67aaef5c523bd.png,"CURRY LEAVES"
4904,"Batata Bhaji",2025-02-11-67aaefe6ba03a.png,"CURRY LEAVES"
4905,"Paneer Pakoda",2025-02-11-67aaf07984e14.png,"CURRY LEAVES"
4906,"Veg Cutlet",2025-02-11-67aaf0e49c897.png,"CURRY LEAVES"
4909,"Chole Bhature",2025-02-11-67aaf259d27a8.png,"CURRY LEAVES"
4911,"Puri Bhaji",2025-02-11-67aaf3242cfe8.png,"CURRY LEAVES"
4913,"Pav Bhaji",2025-02-11-67aaf3bd83a64.png,"CURRY LEAVES"
4915,"Amul Butter Pav Bhaji",2025-02-11-67aaf46c06fb9.png,"CURRY LEAVES"
4918,"Amul Chesse Pav Bhaji",2025-02-11-67aaf59458a69.png,"CURRY LEAVES"
4920,"Jain Pav Bhaji",2025-02-11-67aaf6210ca9a.png,"CURRY LEAVES"
4921,"Sajuk Tupachi Puranpoli",2025-02-11-67aaf6e0b6010.png,"CURRY LEAVES"
4923,"Sweet Corn Veg Soup",2025-02-11-67aaf78d4022e.png,"CURRY LEAVES"
4926,"Creame Of Tomato Soup",2025-02-11-67aaf8226c646.png,"CURRY LEAVES"
4928,"Cream Of Veg Soup",2025-02-11-67aaf8d755626.png,"CURRY LEAVES"
4929,"Cream Of Mushroom Soup",2025-02-11-67aaf97581f87.png,"CURRY LEAVES"
4931,"Lemon Coriander Soup",2025-02-11-67aafa460b06d.png,"CURRY LEAVES"
4933,"Loung Fung Soup",2025-02-11-67aafafdab31f.png,"CURRY LEAVES"
4934,"Paneer Chilly Rice Bowl",2025-08-25-68ac0bcf825f3.png,"Friendship Restaurant"
4935,"Paneer Tikka Masala Rice Bowl",2025-08-25-68ac0c88cd1af.png,"Friendship Restaurant"
4936,"Veg Manchow Soup",2025-02-11-67aafb8c9313f.png,"CURRY LEAVES"
4937,"Hot Garlic Soup",2025-02-11-67aafc6bdd199.png,"CURRY LEAVES"
4952,"Veg Kofta",2025-02-11-67ab0a9feee5f.png,"CURRY LEAVES"
4953,"Veg Handi Kofta",2025-02-11-67ab0b62898e5.png,"CURRY LEAVES"
4954,"Paneer Kofta",2025-02-11-67ab0cb2b5ab1.png,"CURRY LEAVES"
4955,"Cheese Paneer Kofta",2025-02-11-67ab0d2d96b66.png,"CURRY LEAVES"
4956,"Malai Kofta",2025-02-11-67ab0db66b54e.png,"CURRY LEAVES"
4957,"Palak Kofta",2025-02-11-67ab0e38e2554.png,"CURRY LEAVES"
4959,"Kofta Sham Savera",2025-02-11-67ab0ec454d2a.png,"CURRY LEAVES"
4961,"Dum Aloo Punjabi",2025-02-11-67ab0f360f0d3.png,"CURRY LEAVES"
4964,"Dum Aloo Kashmiri",2025-02-11-67ab0fdb3d5b7.png,"CURRY LEAVES"
4967,"Narangi Kofta",2025-02-11-67ab104b5fe38.png,"CURRY LEAVES"
4971,"Pahadi Kofta",2025-02-11-67ab117a442b0.png,"CURRY LEAVES"
4973,"Kaju Masala",2025-02-11-67ab11fa37cc7.png,"CURRY LEAVES"
4976,"Kaju Makhani",2025-02-11-67ab12a8999d2.png,"CURRY LEAVES"
4978,"Baby Corn Khada Masala",2025-02-11-67ab1347e1a30.png,"CURRY LEAVES"
4980,"Noorani Corn Palak",2025-02-11-67ab13e3321a1.png,"CURRY LEAVES"
4983,"Soya Rara Masala",2025-02-11-67ab14a841f9c.png,"CURRY LEAVES"
4985,"Cheese Masala",2025-02-11-67ab15511b0b9.png,"CURRY LEAVES"
4988,"Methi Mutter Malai",2025-02-11-67ab15e96989d.png,"CURRY LEAVES"
4990,"Cheese Angoori",2025-02-11-67ab16c50dfc5.png,"CURRY LEAVES"
4991,"Corn Capsicum Masala",2025-02-11-67ab177249807.png,"CURRY LEAVES"
4993,"Corn Methi Malai",2025-02-11-67ab180b28816.png,"CURRY LEAVES"
4994,"Chana Masala",2025-02-11-67ab186c06cde.png,"CURRY LEAVES"
4996,"Shev Bhaji",2025-02-11-67ab19041f3d6.png,"CURRY LEAVES"
5004,"Paneer Handi",2025-08-25-68ac0e756170a.png,"Friendship Restaurant"
5005,"Paneer Kadhai",2025-08-25-68ac0ece11558.png,"Friendship Restaurant"
5008,"Paneer Lacchedar",2025-08-25-68ac1f1601adc.png,"Friendship Restaurant"
5012,"Shahi Paneer Korma",2025-08-25-68ac11121d8e0.png,"Friendship Restaurant"
5029,"Palak Paneer",2025-02-11-67ab298702fc5.png,"CURRY LEAVES"
5032,"Paneer Fried Rice",2025-02-11-67ab2b72595f9.png,"Friendship Restaurant"
5037,"Corn Palak Seekh Kabab",2025-02-11-67ab2d9d3b6a7.png,"CURRY LEAVES"
5040,"Veg Seekh Kabab",2025-02-11-67ab2eb57ee85.png,"CURRY LEAVES"
5041,"Shikari Mushroom",2025-02-11-67ab30dc3340f.png,"CURRY LEAVES"
5042,"Paneer Thecha Tikka",2025-02-11-67ab3175dbc9a.png,"CURRY LEAVES"
5043,"Paneer Achari Tikka",2025-02-11-67ab326371547.png,"CURRY LEAVES"
5044,"Paneer Malai Tikka",2025-02-11-67ab32e653bc4.png,"CURRY LEAVES"
5045,"Paneer Hill Top",2025-02-11-67ab3354c17d2.png,"CURRY LEAVES"
5046,"French Fries",2025-02-11-67ab340422d9e.png,"CURRY LEAVES"
5047,"Aloo Corn Tikki",2025-02-11-67ab353a03104.png,"CURRY LEAVES"
5048,"Veg Kabuli Kabab",2025-02-11-67ab35fe95046.png,"CURRY LEAVES"
5049,"Veg Kheema Kabab",2025-02-11-67ab36c7aed0e.png,"CURRY LEAVES"
5050,"Hara Bhara Kabab",2025-02-11-67ab3740163d3.png,"CURRY LEAVES"
5051,"Cheese Corn Ball",2025-02-11-67ab3833a4dea.png,"CURRY LEAVES"
5052,"Veg Manchurian Gravy",2025-02-11-67ab39e245bcd.png,"CURRY LEAVES"
5053,"American Chop Suey",2025-02-11-67ab3aa88b058.png,"CURRY LEAVES"
5054,"Veg Hakka Noodles",2025-02-11-67ab3b5eac1b9.png,"CURRY LEAVES"
5055,"Veg Schezwan Noodles",2025-02-11-67ab3c0c472e5.png,"CURRY LEAVES"
5056,"Veg Singapuri Noodles",2025-02-11-67ab3cabe9bb9.png,"CURRY LEAVES"
5057,"Burnt Chilly Garlic Noodlse",2025-02-11-67ab3df9e35e4.png,"CURRY LEAVES"
5058,"Veg Fried Rice",2025-02-11-67ab3f8594afa.png,"CURRY LEAVES"
5059,"Manchurian Fried Rice",2025-02-11-67ab41380f866.png,"CURRY LEAVES"
5060,"Mushroom Onion Fried Rice",2025-02-11-67ab4274bcb0f.png,"CURRY LEAVES"
5061,"Veg Schezwan Fried Rice",2025-02-12-67ac23ac0226d.png,"CURRY LEAVES"
5062,"Tripple Schezwan Fried Rice",2025-02-12-67ac244ea61fe.png,"CURRY LEAVES"
5063,"Burnt Chilly Garlic Fried Rice",2025-02-12-67ac25640f5ba.png,"CURRY LEAVES"
5064,"Paneer Fried Rice",2025-02-12-67ac25e26efdb.png,"CURRY LEAVES"
5065,"Curd",2025-02-12-67ac27469cd08.png,"CURRY LEAVES"
5066,"Mix Veg Raita",2025-02-12-67ac27bb3af41.png,"CURRY LEAVES"
5067,"Boondi Raita",2025-02-12-67ac2832cf885.png,"CURRY LEAVES"
5068,"Mix Fruit Raita",2025-02-12-67ac28fca70ba.png,"CURRY LEAVES"
5069,"Pineapple Raita",2025-02-12-67ac29ac5eba9.png,"CURRY LEAVES"
5070,"Fruit Raita",2025-02-12-67ac2ac3b1ac7.png,"CURRY LEAVES"
5073,"Bajarichi Bhakari",2025-02-12-67ac2bb1f3b9e.png,"CURRY LEAVES"
5075,"Butter Bajarichi Bhakari",2025-02-12-67ac2c45394af.png,"CURRY LEAVES"
5077,"Jwari Bhakari",2025-02-12-67ac2e6f135a0.png,"CURRY LEAVES"
5078,"Butter Jwari Bhakari",2025-02-12-67ac2f437de09.png,"CURRY LEAVES"
5081,"Kurkurit Bhendi Fry",2025-02-12-67ac2ff98c785.png,"CURRY LEAVES"
5084,"Pithla",2025-02-12-67ac308922fa6.png,"CURRY LEAVES"
5087,"Tomato Soup",2025-02-12-67ac313c265f6.png,"Friendship Restaurant"
5089,"Vangyache Bharit",2025-02-12-67ac315b97cd9.png,"CURRY LEAVES"
5091,"Veg. Manchurian Soup",2025-02-12-67ac320e60db2.png,"Friendship Restaurant"
5093,"Shev Bhaji",2025-02-12-67ac323f7cc56.png,"CURRY LEAVES"
5095,"Bharleli Vangi",2025-02-12-67ac32cdb8183.png,"CURRY LEAVES"
5097,"Lasun Methi",2025-02-12-67ac33f7605a3.png,"CURRY LEAVES"
5098,"Rassi Patodi",2025-02-12-67ac3477c943f.png,"CURRY LEAVES"
5100,"Bhajyachi Amti",2025-02-12-67ac3524da0fc.png,"CURRY LEAVES"
5103,"Kadhi",2025-02-12-67ac35ec7adcd.png,"CURRY LEAVES"
5105,"Kadhi Pakoda",2025-02-12-67ac369c3b432.png,"CURRY LEAVES"
5107,"Gujrati Kadhi",2025-02-12-67ac375e40fb9.png,"CURRY LEAVES"
5111,"Papad Chutney",2025-02-12-67ac385fa01ac.png,"CURRY LEAVES"
5114,"Kanda Chutney",2025-02-12-67ac39099e397.png,"CURRY LEAVES"
5117,"Tomato Chutney",2025-02-12-67ac3bffc0d2a.png,"CURRY LEAVES"
5118,"Thecha Fry",2025-02-12-67ac3cb29de3e.png,"CURRY LEAVES"
5119,"Kadhi Khichdi",2025-02-12-67ac3ee82c1ee.png,"CURRY LEAVES"
5120,"Mugdal Khichadi",2025-02-12-67ac40e647b5c.png,"CURRY LEAVES"
5121,"Masala Khichadi",2025-02-12-67ac419d1542a.png,"CURRY LEAVES"
5122,"Fodnicha Bhat",2025-02-12-67ac4227a4e5d.png,"CURRY LEAVES"
5123,"Pineapple Juice",2025-02-12-67ac4352bc4e2.png,"CURRY LEAVES"
5124,"Masambi Juice",2025-02-12-67ac4437d1273.png,"CURRY LEAVES"
5127,"Ganga Jamuna Juice",2025-02-12-67ac45662ebd3.png,"CURRY LEAVES"
5129,"Watermelon Juice",2025-02-12-67ac45e587a8c.png,"CURRY LEAVES"
5131,"Mango Mastani",2025-02-12-67ac466fb0a92.png,"CURRY LEAVES"
5133,"Rose Mastani",2025-02-12-67ac46df71b6e.png,"CURRY LEAVES"
5134,"Strawberry Mastani",2025-02-12-67ac477d8ba1d.png,"CURRY LEAVES"
5137,"Dry Fruit Mastani",2025-02-12-67ac483041601.png,"CURRY LEAVES"
5139,"Badam Milk Shake",2025-02-12-67ac48c91156c.png,"CURRY LEAVES"
5141,"Butterscotch Milk Shake",2025-02-12-67ac49a28a50b.png,"CURRY LEAVES"
5143,"Kesar Milk Shake",2025-02-12-67ac4a3511bc7.png,"CURRY LEAVES"
5144,"Veg Tandoori Momo",2025-02-12-67ac4a5ee555a.png,"Hotel Mind Fresh"
5145,"Mango Milk Shake",2025-02-12-67ac4a951ac22.png,"CURRY LEAVES"
5147,"Strawberry Milk Shake",2025-02-12-67ac4afd39f41.png,"CURRY LEAVES"
5148,"Mava Malai Kulfi",2025-02-12-67ac4c2015b04.png,"CURRY LEAVES"
5149,"Kaju Kesar Kulfi",2025-02-12-67ac4cbb5ef69.png,"CURRY LEAVES"
5150,"Kaju Gulkand Kulfi",2025-02-12-67ac4d5186040.png,"CURRY LEAVES"
5151,"Mango Falooda",2025-02-12-67ac4db83979c.png,"CURRY LEAVES"
5152,"Paneer Steam Momos",2025-02-12-67ac4e04989e2.png,"Friendship Restaurant"
5153,"Kesar Falooda",2025-02-12-67ac4e375a4e5.png,"CURRY LEAVES"
5154,"Sitaphal Falooda",2025-02-12-67ac4eda45229.png,"CURRY LEAVES"
5157,"Mango Icecream",2025-02-12-67ac51bb95e15.png,"CURRY LEAVES"
5158,"Strawberry Ice Cream",2025-02-12-67ac524eba158.png,"CURRY LEAVES"
5159,"Choclate Ice Cream",2025-02-12-67ac52df7e4b7.png,"CURRY LEAVES"
5160,"Butterscotch Ice Cream",2025-02-12-67ac5395482d0.png,"CURRY LEAVES"
5161,"Vanila Ice Cream",2025-02-12-67ac540831cd3.png,"CURRY LEAVES"
5165,"Gulab Jamun",2025-02-12-67ac5b581fa77.png,"CURRY LEAVES"
5166,"Gulab Jamun With Icecream",2025-02-12-67ac5c9a6809b.png,"CURRY LEAVES"
5167,"Fruit Salad With Ice Cream",2025-02-12-67ac5d67631d4.png,"CURRY LEAVES"
5168,"Sizzling Brownie",2025-02-12-67ac5eb479f54.png,"CURRY LEAVES"
5169,"Kesar Jilebi",2025-02-12-67ac5fad7d795.png,"CURRY LEAVES"
5170,"Choclate Shake",2025-02-12-67ac63f2eef4a.png,"THICK MAGIC"
5171,"Kit-Kat Shake",2025-02-12-67ac64f29b54d.png,"THICK MAGIC"
5172,"Nutella Shake",2025-02-12-67ac659f799f8.png,"THICK MAGIC"
5173,"5-Star Shake",2025-02-12-67ac6683be3e0.png,"THICK MAGIC"
5174,"Brownie Nutella",2025-02-12-67ac67559ad01.png,"THICK MAGIC"
5175,"Dark Belgian Shake",2025-02-12-67ac6897ab75a.png,"THICK MAGIC"
5176,"Ferrero Rocher Shake",2025-02-12-67ac69cae94bc.png,"THICK MAGIC"
5177,"Oreo Shake",2025-02-12-67ac6a6a8c27e.png,"THICK MAGIC"
5178,"Cold Coffee",2025-02-12-67ac6bda446e3.png,"THICK MAGIC"
5179,"Cold Chocolate",2025-02-12-67ac6da9095d5.png,"THICK MAGIC"
5180,"Cold Coffee With Crush",2025-02-12-67ac6e716a80c.png,"THICK MAGIC"
5181,"Cold Cofee With Ice-Cream",2025-02-12-67ac6fee4e651.png,"THICK MAGIC"
5182,"Coffee Oreo",2025-02-12-67ac70c9ba87a.png,"THICK MAGIC"
5183,"Cofee Bownie",2025-02-12-67ac7209e36d9.png,"THICK MAGIC"
5184,"Coffee Kit-Kat",2025-02-12-67ac7321ec2c3.png,"THICK MAGIC"
5185,"Coffee Nutella",2025-02-12-67ac77fc9feec.png,"THICK MAGIC"
5186,"Cafe Mocha",2025-02-12-67ac788e6ef77.png,"THICK MAGIC"
5187,"Vanila Shake",2025-02-12-67ac79646d1ec.png,"THICK MAGIC"
5188,"Rose Shake",2025-02-12-67ac79f23b908.png,"THICK MAGIC"
5189,"Butter Scotch Shake",2025-02-12-67ac7a8dd6f01.png,"THICK MAGIC"
5190,"Black Currant Shake",2025-02-12-67ac7b40248a2.png,"THICK MAGIC"
5191,"Pineapple Shake",2025-02-12-67ac7bcab3f63.png,"THICK MAGIC"
5193,"Avacado Shake",2025-02-12-67ac7c6e0b4d0.png,"THICK MAGIC"
5196,"Mango Shake",2025-02-12-67ac7d0e24b3f.png,"THICK MAGIC"
5198,"Sitafal Shake",2025-02-12-67ac7dcf254c8.png,"THICK MAGIC"
5201,"Strawberry Shake",2025-02-12-67ac7ea0cc5d7.png,"THICK MAGIC"
5204,"Chickoo Shake",2025-02-12-67ac7f9c319d0.png,"THICK MAGIC"
5206,"Kiwi Magic Shake",2025-02-12-67ac808bd8cba.png,"THICK MAGIC"
5208,"Litchi Shake",2025-02-12-67ac816ddb7bd.png,"THICK MAGIC"
5210,"Blueberry Shake",2025-02-12-67ac81d85f8d8.png,"THICK MAGIC"
5212,"Mulberry Shake",2025-02-12-67ac8286a76a5.png,"THICK MAGIC"
5214,"Apple Shake",2025-02-12-67ac82fad4aea.png,"THICK MAGIC"
5215,"Raspberry Shake",2025-02-12-67ac84050ba6b.png,"THICK MAGIC"
5218,"Tender coconut Shake",2025-02-12-67ac84a2a3c6e.png,"THICK MAGIC"
5219,"Dragon Queen Shake",2025-02-12-67ac85795abe5.png,"THICK MAGIC"
5220,"Pinacolada Shake",2025-02-12-67ac863fe62a5.png,"THICK MAGIC"
5222,"Banana Shake",2025-02-12-67ac86ffd20ce.png,"THICK MAGIC"
5225,"Thick Magic Exotic Shake",2025-02-12-67ac88078692e.png,"THICK MAGIC"
5229,"Chic Chock Shake",2025-02-12-67ac89fd8f9bc.png,"THICK MAGIC"
5231,"Karina Shake",2025-02-12-67ac8b7a0144b.png,"THICK MAGIC"
5235,"Oreo Licious Shake",2025-02-12-67ac8cf7ba1ff.png,"THICK MAGIC"
5236,"Brownie Sunday Shake",2025-02-12-67ac8d8eec813.png,"THICK MAGIC"
5238,"Rose Falooda",2025-02-12-67ac8f200e0b1.png,"THICK MAGIC"
5239,"Keshar Pista Falooda",2025-02-12-67ac8fe3bdaa0.png,"THICK MAGIC"
5241,"Butterscotch Falooda",2025-02-12-67ac908c3e216.png,"THICK MAGIC"
5243,"Mango Falooda",2025-02-12-67ac9121c4adf.png,"THICK MAGIC"
5245,"Dry Fruit Falooda",2025-02-12-67ac91f98331c.png,"THICK MAGIC"
5247,"Strawberry Falooda",2025-02-12-67ac92ef14156.png,"THICK MAGIC"
5250,"Anjeer Falooda",2025-02-13-67ad74be454bb.png,"THICK MAGIC"
5251,"Kaju Anjeer Shakes",2025-02-13-67ad7583251ea.png,"THICK MAGIC"
5252,"Badam Shake",2025-02-13-67ad7698c27a8.png,"THICK MAGIC"
5253,"Anjeer Shake",2025-02-13-67ad7839b6759.png,"THICK MAGIC"
5254,"Anjeer Gulkand Shake",2025-02-13-67ad7ad7cbfad.png,"THICK MAGIC"
5255,"Keshar Pista Shake",2025-02-13-67ad7ba02aefc.png,"THICK MAGIC"
5256,"Badam Pista Shake",2025-02-13-67ad7c4251bb8.png,"THICK MAGIC"
5257,"Dry Fruit Shake",2025-02-13-67ad7d7137800.png,"THICK MAGIC"
5259,"Date With You Shake",2025-02-13-67ad7f730bd28.png,"THICK MAGIC"
5260,"Cadburry Shake",2025-02-13-67ad80e22a30d.png,"THICK MAGIC"
5261,"Cad-m Shake",2025-02-13-67ad82bd7c96b.png,"THICK MAGIC"
5262,"Cofee Cad Shake",2025-02-13-67ad836046324.png,"THICK MAGIC"
5263,"White Cad Shake",2025-02-13-67ad8445e9692.png,"THICK MAGIC"
5264,"Roasted Almond Cad Shake",2025-02-13-67ad8545a2aa1.png,"THICK MAGIC"
5265,"Brownie Cad Shake",2025-02-13-67ad8620673a5.png,"THICK MAGIC"
5266,"Oreo Cad Shake",2025-02-13-67ad87070067a.png,"THICK MAGIC"
5267,"Ferero Rocher Cad Shake",2025-02-13-67ad88596da98.png,"THICK MAGIC"
5268,"Kaju Cad Shake",2025-02-13-67ad8a719a411.png,"THICK MAGIC"
5269,"Cofee Choclate Fudge Cad Shake",2025-02-13-67ad8b287879d.png,"THICK MAGIC"
5272,"Belgian Cad Shake",2025-02-13-67ad8cc880567.png,"THICK MAGIC"
5273,"Mocha Cad Shake",2025-02-13-67ad8d99c6c7d.png,"THICK MAGIC"
5274,"Mint Cad Shake",2025-02-13-67ad8e1e81c60.png,"THICK MAGIC"
5275,"Kit-Kat Cad Shake",2025-02-13-67ad8ee4a2785.png,"THICK MAGIC"
5276,"50-50 Cad Shake",2025-02-13-67ad8f7f0dcdd.png,"THICK MAGIC"
5278,"Raspberry Love Cad Shake",2025-02-13-67ad907d273a7.png,"THICK MAGIC"
5279,"Beat Root Punch",2025-02-13-67ad9140cd8ec.png,"THICK MAGIC"
5280,"Instant Energy",2025-02-13-67ad9203b5f8a.png,"THICK MAGIC"
5281,"Ginger Wack",2025-02-13-67ad92b4386a2.png,"THICK MAGIC"
5282,"ABC Drink",2025-02-13-67ad936d0115f.png,"THICK MAGIC"
5283,"Cold Buster Drink",2025-02-13-67ad9412503c8.png,"THICK MAGIC"
5284,"Watermelon Juice",2025-02-13-67ad952bc26be.png,"THICK MAGIC"
5285,"Mosambi Juice",2025-02-13-67ad95bdd10c0.png,"THICK MAGIC"
5286,"Pineapple Juice",2025-02-13-67ad962016e59.png,"THICK MAGIC"
5288,"Orange Juice",2025-02-13-67ad969eaf1d8.png,"THICK MAGIC"
5290,"Apple Juice",2025-02-13-67ad973c1be73.png,"THICK MAGIC"
5292,"Anar / Pomegranate Juice",2025-02-13-67ad97d2cf0ef.png,"THICK MAGIC"
5293,"Carrots Juice",2025-02-13-67ad983099d72.png,"THICK MAGIC"
5295,"Strawberry Juice",2025-02-13-67ad989b94ccc.png,"THICK MAGIC"
5296,"Mango Juice",2025-02-13-67ad990358f8b.png,"THICK MAGIC"
5297,"Litchi Juice",2025-02-13-67ad99adc93bb.png,"THICK MAGIC"
5298,"Kiwi Juice",2025-02-13-67ad9a2e67817.png,"THICK MAGIC"
5300,"Guava Juice",2025-02-13-67ad9aab90761.png,"THICK MAGIC"
5301,"French Fries",2025-02-13-67ad9b174cac7.png,"Friendship Restaurant"
5302,"Dosti Juice",2025-02-13-67ad9b51bdb63.png,"THICK MAGIC"
5305,"Dillagi Juice",2025-02-13-67ad9c1d07dde.png,"THICK MAGIC"
5307,"Slim N Trim Juice",2025-02-13-67ad9d16e32f4.png,"THICK MAGIC"
5309,"Vitamin C Insta Energy Juice",2025-02-13-67ad9da99b435.png,"THICK MAGIC"
5311,"Sunrice Chillers Juice",2025-02-13-67ad9ead03198.png,"THICK MAGIC"
5313,"Mango Madness Juice",2025-02-13-67ad9f38cd503.png,"THICK MAGIC"
5315,"Refreshing Booster Juice",2025-02-13-67ad9fc093294.png,"THICK MAGIC"
5316,"Avacado Juice",2025-02-13-67ada04b0aec5.png,"THICK MAGIC"
5317,"Lemmon Mojito",2025-02-13-67ada108137eb.png,"THICK MAGIC"
5318,"Royal Mojito",2025-02-13-67ada2416f7e8.png,"THICK MAGIC"
5320,"Pink Strawberry Majito",2025-02-13-67ada2cf8b38d.png,"THICK MAGIC"
5321,"Tangy Kiwi Mojito",2025-02-13-67ada33ae29f3.png,"THICK MAGIC"
5323,"Watermelon Mojito",2025-02-13-67ada3bcc21d4.png,"THICK MAGIC"
5325,"Lemon Ice Tea",2025-02-13-67ada4df194e0.png,"THICK MAGIC"
5327,"Strawberry Delight Juice",2025-02-13-67ada5fda923a.png,"THICK MAGIC"
5329,"Berry Melon Juice",2025-02-13-67ada67b54887.png,"THICK MAGIC"
5331,"Sweet Dreram Juice",2025-02-13-67ada6efbb288.png,"THICK MAGIC"
5333,"Mango Magic Juice",2025-02-13-67ada79c96ef7.png,"THICK MAGIC"
5336,"Tropical Kiwi Juice",2025-02-13-67ada832a9b34.png,"THICK MAGIC"
5338,"Mango Berry",2025-02-13-67ada8a640b91.png,"THICK MAGIC"
5340,"Berry Blast Juice",2025-02-13-67ada92d8ef0c.png,"THICK MAGIC"
5341,"Pink Blast Juice",2025-02-13-67ada9bbd8d89.png,"THICK MAGIC"
5342,"Wild Berry Delight Juice",2025-02-13-67adb0155ddfb.png,"THICK MAGIC"
5343,"Raspberry Delight Juice",2025-02-13-67adb0b3ebc7b.png,"THICK MAGIC"
5344,"Blueberry Storm Juice",2025-02-13-67adb16b5ad66.png,"THICK MAGIC"
5345,"Fresh Lime Soda",2025-02-13-67adb33ce64ba.png,"Hotel Swad NX Family Restaurant"
5346,"Black Coffee",2025-02-13-67adb3cf8a5fd.png,"Hotel Swad NX Family Restaurant"
5347,"Tea",2025-02-13-67adb47a08810.png,"Hotel Swad NX Family Restaurant"
5348,"Cold Coffee",2025-02-13-67adb53d4f1af.png,"Hotel Swad NX Family Restaurant"
5349,"Cofee",2025-02-13-67adb5cf4d7fb.png,"Hotel Swad NX Family Restaurant"
5350,"Cold Coffee With Ice Cream",2025-02-13-67adb6702598f.png,"Hotel Swad NX Family Restaurant"
5351,"Strawberry Milk Shake",2025-02-13-67adb766d4f6e.png,"Hotel Swad NX Family Restaurant"
5352,"Mango Milk Shake",2025-02-13-67adb7f4ba2f0.png,"Hotel Swad NX Family Restaurant"
5353,"Vanila Milk Shake",2025-02-13-67adb8a62327a.png,"Hotel Swad NX Family Restaurant"
5354,"Choclate Milk Shake",2025-02-13-67adb9fead9d7.png,"Hotel Swad NX Family Restaurant"
5359,"Mango Mastani",2025-02-13-67adbbc5abec7.png,"Hotel Swad NX Family Restaurant"
5364,"Lassi",2025-02-13-67adbcd38cb4a.png,"Hotel Swad NX Family Restaurant"
5366,"Fry Papad",2025-02-13-67adbd56d7c36.png,"Friendship Restaurant"
5368,"Vanila Lassi",2025-02-13-67adbd8509df9.png,"Hotel Swad NX Family Restaurant"
5370,"Mango Lassi",2025-02-13-67adbe82c1553.png,"Hotel Swad NX Family Restaurant"
5375,"Chocolate Lassi",2025-02-13-67adbf61e3966.png,"Hotel Swad NX Family Restaurant"
5377,"Masala Papad",2025-02-13-67adc049f04cc.png,"Hotel Swad NX Family Restaurant"
5381,"Amul Butter Sada Dosa",2025-02-13-67adc112ce2f8.png,"Friendship Restaurant"
5383,"Rumali Khakara",2025-02-13-67adc1ea8211f.png,"Hotel Swad NX Family Restaurant"
5390,"Pineapple Raita",2025-02-13-67adc3a98f812.png,"Hotel Swad NX Family Restaurant"
5391,"Boondi Raita",2025-02-13-67adc418d2c80.png,"Hotel Swad NX Family Restaurant"
5394,"Batata Vada",2025-02-15-67b017a819452.png,"Hotel Krishna Leela Family Restaurant"
5395,"Margherita Pizza",2025-02-15-67b017ffd7b48.png,"Spicy Corner Cafe & Restaurant"
5396,"Mix Pakoda",2025-02-15-67b0182ab1dad.png,"Hotel Krishna Leela Family Restaurant"
5397,"Paneer Pakoda",2025-02-15-67b0189e37a02.png,"Hotel Krishna Leela Family Restaurant"
5398,"Veg Pizza",2025-02-15-67b018acd9970.png,"Spicy Corner Cafe & Restaurant"
5399,"Cheese Pakoda",2025-02-15-67b01977dd813.png,"Hotel Krishna Leela Family Restaurant"
5400,"Onion Bhajiya",2025-02-15-67b01a173676b.png,"Hotel Krishna Leela Family Restaurant"
5401,"French Fries",2025-02-15-67b01b7907d5c.png,"Hotel Krishna Leela Family Restaurant"
5402,"Peri Peri French Fries",2025-02-15-67b01cc0d0520.png,"Hotel Krishna Leela Family Restaurant"
5403,"Chole Bhature",2025-02-15-67b01f09e25b4.png,"Hotel Krishna Leela Family Restaurant"
5404,"Puri Bhaji",2025-02-15-67b02053882d3.png,"Hotel Krishna Leela Family Restaurant"
5405,"Veg Manchow Soup",2025-02-15-67b020ec06886.png,"Hotel Krishna Leela Family Restaurant"
5406,"Veg Hot & Sour Soup",2025-02-15-67b022074e490.png,"Hotel Krishna Leela Family Restaurant"
5407,"Lemon Coriander Soup",2025-02-15-67b022870094b.png,"Hotel Krishna Leela Family Restaurant"
5408,"Veg Clear Soup",2025-02-15-67b024568984f.png,"Hotel Krishna Leela Family Restaurant"
5409,"Veg Sweet Corn Soup",2025-02-15-67b024c79609d.png,"Hotel Krishna Leela Family Restaurant"
5410,"Cream Of Palak Soup",2025-02-15-67b0255911f81.png,"Hotel Krishna Leela Family Restaurant"
5411,"Cream Of Tomato Soup",2025-02-15-67b025d534814.png,"Hotel Krishna Leela Family Restaurant"
5412,"Cream Of Mushroom Soup",2025-02-15-67b0263b8198a.png,"Hotel Krishna Leela Family Restaurant"
5413,"Roasted Bell Paper Soup",2025-02-15-67b026d05ef01.png,"Hotel Krishna Leela Family Restaurant"
5414,"Veg Manchurian Dry",2025-02-15-67b0276dbd3b5.png,"Hotel Krishna Leela Family Restaurant"
5415,"Veg Manchurian Gravy",2025-02-15-67b028635db07.png,"Hotel Krishna Leela Family Restaurant"
5416,"Vangyache Bharit",2025-02-15-67b0291a291f6.png,"S.K. Food Parcel Point"
5417,"Veg 65",2025-02-15-67b0295ca157b.png,"Hotel Krishna Leela Family Restaurant"
5418,"Corn Pizza",2025-02-15-67b029c8c1f10.png,"Spicy Corner Cafe & Restaurant"
5419,"Soyabean Chilly",2025-02-15-67b02c936f286.png,"Hotel Krishna Leela Family Restaurant"
5420,"Paneer Pizza",2025-02-15-67b02cad8139d.png,"Spicy Corner Cafe & Restaurant"
5421,"Italian Style Pizza 7 INCH",2025-02-15-67b02cccc65f3.png,"Spicy Corner Cafe & Restaurant"
5422,"Masala Maggi",2025-02-15-67b02cf2ad24d.png,"Spicy Corner Cafe & Restaurant"
5423,"Aloo chilly Dry",2025-02-15-67b02d12f0cdd.png,"Hotel Krishna Leela Family Restaurant"
5424,"Cheese Maggi",2025-02-15-67b02d27cb040.png,"Spicy Corner Cafe & Restaurant"
5425,"Vada Pav",2025-02-15-67b02d59a4305.png,"Spicy Corner Cafe & Restaurant"
5426,"Veg Spring Roll",2025-02-15-67b02dbfafefd.png,"Hotel Krishna Leela Family Restaurant"
5427,"Cheese Garlic Bread",2025-02-15-67b02dcce28ea.png,"Spicy Corner Cafe & Restaurant"
5430,"Masala Fries",2025-02-15-67b02e79c462f.png,"Spicy Corner Cafe & Restaurant"
5431,"Peri Peri French Fries",2025-02-15-67b02e9083b10.png,"Spicy Corner Cafe & Restaurant"
5432,"Veg Crispy",2025-02-15-67b02ebb000e1.png,"Hotel Krishna Leela Family Restaurant"
5434,"Cold Coffee",2025-02-15-67b02f1c1a919.png,"Spicy Corner Cafe & Restaurant"
5435,"Oreo  Shake",2025-02-15-67b02f5006322.png,"Spicy Corner Cafe & Restaurant"
5436,"Paneer Chilly Dry",2025-02-15-67b02f8496787.png,"Hotel Krishna Leela Family Restaurant"
5437,"Paneer Chilly Gravy",2025-02-15-67b0302c83f7d.png,"Hotel Krishna Leela Family Restaurant"
5438,"Strawberry Shake",2025-02-15-67b030415dae2.png,"Spicy Corner Cafe & Restaurant"
5439,"Vanilla Shake",2025-02-15-67b0308e300d3.png,"Spicy Corner Cafe & Restaurant"
5440,"Mayo Vada Pav",2025-02-15-67b0310b7d4b2.png,"Spicy Corner Cafe & Restaurant"
5441,"Paneer Crispy",2025-02-15-67b0317a670a1.png,"Hotel Krishna Leela Family Restaurant"
5442,"Peri-Peri Vada Pav",2025-02-15-67b031cd8b093.png,"Spicy Corner Cafe & Restaurant"
5443,"Paneer Satay",2025-02-15-67b031f9f06d1.png,"Hotel Krishna Leela Family Restaurant"
5444,"Cheese Vada Pav",2025-02-15-67b03217f23b7.png,"Spicy Corner Cafe & Restaurant"
5448,"Paneer Tai Fai",2025-02-15-67b0340c89125.png,"Hotel Krishna Leela Family Restaurant"
5449,"paneer manchurian",2025-02-15-67b0392b63d75.png,"Hotel Krishna Leela Family Restaurant"
5450,"Gobi Chilly Dry",2025-02-15-67b03aaa69970.png,"Hotel Krishna Leela Family Restaurant"
5451,"Mushroom Chilly Dry",2025-02-15-67b03b768e360.png,"Hotel Krishna Leela Family Restaurant"
5452,"Baby Corn Chilly",2025-02-15-67b03d37cf178.png,"Hotel Krishna Leela Family Restaurant"
5453,"Honey Chilly Potato",2025-02-15-67b03dd75f02a.png,"Hotel Krishna Leela Family Restaurant"
5454,"Chana Masala",2025-02-15-67b0403915402.png,"Hotel Krishna Leela Family Restaurant"
5456,"Aloo Jeera",2025-02-15-67b041ea6e614.png,"Hotel Krishna Leela Family Restaurant"
5457,"Aloo Mutter",2025-02-15-67b042b37936f.png,"Hotel Krishna Leela Family Restaurant"
5458,"Aloo Gobi",2025-02-15-67b04353f0b60.png,"Hotel Krishna Leela Family Restaurant"
5459,"Aloo Palak",2025-02-15-67b043f8c0757.png,"Hotel Krishna Leela Family Restaurant"
5460,"Mix Veg",2025-02-15-67b0449a150b1.png,"Hotel Krishna Leela Family Restaurant"
5461,"Veg Kolhapuri",2025-02-15-67b0450aeba70.png,"Hotel Krishna Leela Family Restaurant"
5465,"Kit Kat Waffle Sandwich",2025-02-15-67b046665046d.png,"The Waffle Co"
5466,"Veg Handi",2025-02-15-67b046931fdff.png,"Hotel Krishna Leela Family Restaurant"
5467,"Lotus Biscoff Waffle Sandwich",2025-02-15-67b046ac07e5b.png,"The Waffle Co"
5470,"Paneer pulav",2025-02-15-67b047b533cfe.png,"Kaka Ka Dhaba Jehan Circle"
5471,"Veg Deewani Handi",2025-02-15-67b047bf92526.png,"Hotel Krishna Leela Family Restaurant"
5475,"Veg Kadai",2025-02-15-67b04870e546b.png,"Hotel Krishna Leela Family Restaurant"
5476,"Green Peas Pulav",2025-02-15-67b0488cc9e7b.png,"Kaka Ka Dhaba Jehan Circle"
5478,"veg biryani",2025-02-15-67b04908964ab.png,"Kaka Ka Dhaba Jehan Circle"
5480,"Kashmiri pulav",2025-02-15-67b049cc3ce48.png,"Kaka Ka Dhaba Jehan Circle"
5481,"Cotton Candy Waffle Sandwich",2025-02-15-67b049f254cb7.png,"The Waffle Co"
5482,"Chicken Dum Biryani",2025-02-15-67b04aed958d1.png,"Kaka Ka Dhaba Jehan Circle"
5483,"Veg Kabab Masala",2025-02-15-67b04f72ca73c.png,"Hotel Krishna Leela Family Restaurant"
5484,"Mushroom Pulav",2025-02-15-67b050f820372.png,"Kaka Ka Dhaba Jehan Circle"
5485,"Veg Angara",2025-02-15-67b05193a261b.png,"Hotel Krishna Leela Family Restaurant"
5487,"Veg Toofani",2025-02-15-67b051fdd8a22.png,"Hotel Krishna Leela Family Restaurant"
5488,"Veg Hyderabadi",2025-02-15-67b052e1881a6.png,"Hotel Krishna Leela Family Restaurant"
5490,"Veg Jalfrezi",2025-02-15-67b0534312941.png,"Hotel Krishna Leela Family Restaurant"
5491,"Veg Chily Mily",2025-02-15-67b053ab7df00.png,"Hotel Krishna Leela Family Restaurant"
5492,"Chicken Chest Biryani",2025-02-15-67b05492524e9.png,"Kaka Ka Dhaba Jehan Circle"
5493,"Veg Bhuna Masala",2025-02-15-67b054ef4848e.png,"Hotel Krishna Leela Family Restaurant"
5494,"Kaju Masala",2025-02-15-67b05c0e87f2a.png,"Hotel Krishna Leela Family Restaurant"
5495,"Kaju Curry Red Gravy",2025-02-15-67b05f276e15c.png,"Hotel Krishna Leela Family Restaurant"
5496,"Kaju Curry White Gravy",2025-02-15-67b05f9b49edb.png,"Hotel Krishna Leela Family Restaurant"
5497,"Kaju Paneer Masala",2025-02-15-67b060ca908ca.png,"Hotel Krishna Leela Family Restaurant"
5501,"Butter Naan",2025-02-23-67baafb00457a.png,"Roti Waale"
5502,"Garlic Naan",2025-02-23-67baaf72cb823.png,"Roti Waale"
5503,"Kamachi Naan",2025-02-23-67baaf1081623.png,"Roti Waale"
5504,"Plain Palak",2025-02-15-67b0690cab647.png,"Hotel Krishna Leela Family Restaurant"
5505,"Lasooni Palak",2025-02-15-67b0698ce12d5.png,"Hotel Krishna Leela Family Restaurant"
5506,"Nauratan Korma",2025-02-15-67b06a14c358c.png,"Hotel Krishna Leela Family Restaurant"
5508,"Mheti Mutter Malai",2025-02-15-67b06aa3eedc1.png,"Hotel Krishna Leela Family Restaurant"
5509,"Mashroom Masala",2025-02-15-67b06b12bb35f.png,"Hotel Krishna Leela Family Restaurant"
5512,"Paneer Mashroom Masala",2025-02-15-67b06be4216d3.png,"Hotel Krishna Leela Family Restaurant"
5515,"Paneer Masala",2025-02-15-67b06c83f298c.png,"Hotel Krishna Leela Family Restaurant"
5517,"Paneer Butter Masala",2025-02-15-67b06cef1aba7.png,"Hotel Krishna Leela Family Restaurant"
5520,"Paneer Kadhai",2025-02-15-67b06e30ceb30.png,"Hotel Krishna Leela Family Restaurant"
5521,"Paneer Kolhapuri",2025-02-15-67b06eb4aeca4.png,"Hotel Krishna Leela Family Restaurant"
5522,"Paneer Mutter Masala",2025-02-15-67b06f4ce23b7.png,"Hotel Krishna Leela Family Restaurant"
5523,"Paneer Do Pyaza",2025-02-15-67b06fd43bad1.png,"Hotel Krishna Leela Family Restaurant"
5524,"Paneer Lababdar",2025-02-15-67b0705828007.png,"Hotel Krishna Leela Family Restaurant"
5525,"Paneer Kofta",2025-02-15-67b071b2e0367.png,"Hotel Krishna Leela Family Restaurant"
5526,"Veg Kofta",2025-02-15-67b072556bbaf.png,"Hotel Krishna Leela Family Restaurant"
5527,"Truffle Chocolate Cake",2025-02-15-67b072558dcc1.png,"HELLO BAKERS"
5528,"Dutch Chocolate Cake",2025-02-15-67b072c5c1f12.png,"HELLO BAKERS"
5529,"Pineapple Cake",2025-02-15-67b073093d075.png,"HELLO BAKERS"
5530,"Butterscotch Cake",2025-02-15-67b07389ace65.png,"HELLO BAKERS"
5532,"Rasmalai Cake",2025-02-15-67b0743304db0.png,"HELLO BAKERS"
5533,"Black Forest Cake",2025-02-15-67b074774e335.png,"HELLO BAKERS"
5534,"Rabdi Kulfi Cake",2025-02-15-67b074c1427dd.png,"HELLO BAKERS"
5535,"Malai Kofta",2025-02-15-67b074d986b15.png,"Hotel Krishna Leela Family Restaurant"
5536,"Kesar Falooda Cake",2025-02-15-67b0750f6a40f.png,"HELLO BAKERS"
5537,"Veg Kheema Masala",2025-02-15-67b0754c00f00.png,"Hotel Krishna Leela Family Restaurant"
5538,"Barfi Malai Cake",2025-02-15-67b0759d965d1.png,"HELLO BAKERS"
5539,"Chocolate Cake",2025-02-15-67b0760264caf.png,"HELLO BAKERS"
5540,"Pineapple Cake",2025-02-15-67b07662cc360.png,"HELLO BAKERS"
5541,"Butterscotch Cake",2025-02-15-67b076a46545b.png,"HELLO BAKERS"
5542,"Black Forest Cake",2025-02-15-67b076da12c2b.png,"HELLO BAKERS"
5543,"Rasmalai Cake",2025-02-15-67b07711a52a0.png,"HELLO BAKERS"
5544,"Pastry Chocolate",2025-02-15-67b077a3191fd.png,"HELLO BAKERS"
5545,"Pineapple Pastry",2025-02-15-67b077f8e6f90.png,"HELLO BAKERS"
5546,"Pastry Butterscotch",2025-02-15-67b0785addf46.png,"HELLO BAKERS"
5547,"Bread Butter",2025-02-15-67b079db757a1.png,"Hotel Krishna Leela Family Restaurant"
5548,"Veg Sandwich",2025-02-15-67b07a8c8c14d.png,"Hotel Krishna Leela Family Restaurant"
5549,"Veg Cheese Sandwich",2025-02-15-67b07bcdeeacb.png,"Hotel Krishna Leela Family Restaurant"
5550,"Veg Grilled Sandwich",2025-02-15-67b07d174431a.png,"Hotel Krishna Leela Family Restaurant"
5551,"Veg Cheese Grill Sandwich",2025-02-15-67b07e1b149f2.png,"Hotel Krishna Leela Family Restaurant"
5552,"Krishna Leela S.P Sandwich",2025-02-15-67b07f5bcad8b.png,"Hotel Krishna Leela Family Restaurant"
5553,"Veg Pizza",2025-02-15-67b07ff66db5f.png,"Hotel Krishna Leela Family Restaurant"
5554,"Paneer Tikka Pizza",2025-02-15-67b080d10fba3.png,"Hotel Krishna Leela Family Restaurant"
5555,"Farm Yard Pizza",2025-02-15-67b081563ca85.png,"Hotel Krishna Leela Family Restaurant"
5556,"Barbeque Paneer Pizza",2025-02-15-67b08392b3ce6.png,"Hotel Krishna Leela Family Restaurant"
5557,"Krishna Leela Special Pizza",2025-02-15-67b084d7c2ab3.png,"Hotel Krishna Leela Family Restaurant"
5558,"Shev Bhaji",2025-02-15-67b0867e84537.png,"Hotel Krishna Leela Family Restaurant"
5559,"Bharleli Vangi",2025-02-15-67b0877765876.png,"Hotel Krishna Leela Family Restaurant"
5560,"Lasooni Methi",2025-02-15-67b0881af4059.png,"Hotel Krishna Leela Family Restaurant"
5561,"Bhaji Amti",2025-02-16-67b16fda08721.png,"Hotel Krishna Leela Family Restaurant"
5562,"Besan Pitla",2025-02-16-67b1723b336dc.png,"Hotel Krishna Leela Family Restaurant"
5563,"Soya Masala",2025-02-16-67b173424e3a3.png,"Hotel Krishna Leela Family Restaurant"
5564,"Baingan Bharta",2025-02-16-67b1745ff3ccb.png,"Hotel Krishna Leela Family Restaurant"
5565,"Veg Maratha",2025-02-16-67b174efc9a27.png,"Hotel Krishna Leela Family Restaurant"
5566,"Thecha Fry",2025-02-16-67b175957026e.png,"Hotel Krishna Leela Family Restaurant"
5567,"Penne Pasta with Arriabiata Spicy Red Sauce",2025-02-16-67b176d36f6e0.png,"Hotel Krishna Leela Family Restaurant"
5568,"Farfalle Pasta with Alfredo Cheese Sauce",2025-02-16-67b1788a473f8.png,"Hotel Krishna Leela Family Restaurant"
5569,"Red Thai Curry With Rice",2025-02-16-67b1796893df8.png,"Hotel Krishna Leela Family Restaurant"
5570,"Yellow Thai Curry With Rice",2025-02-16-67b19bb8dd721.png,"Hotel Krishna Leela Family Restaurant"
5571,"Green Thai Curry With Rice",2025-02-16-67b19c60a0f93.png,"Hotel Krishna Leela Family Restaurant"
5573,"Chinese Sizzer",2025-02-16-67b1a20ec006b.png,"Hotel Krishna Leela Family Restaurant"
5574,"Paneer Steak Sizzer",2025-02-16-67b1a3609f13a.png,"Hotel Krishna Leela Family Restaurant"
5575,"Gulab Jamun",2025-02-16-67b1a4832456f.png,"Hotel Krishna Leela Family Restaurant"
5576,"Gulab Jamun With Icecream",2025-02-16-67b1a5344f11d.png,"Hotel Krishna Leela Family Restaurant"
5577,"Sizzling Brownie With Ice Cream",2025-02-16-67b1a7aadfdf0.png,"Hotel Krishna Leela Family Restaurant"
5578,"Choice of Ice Cream",2025-02-16-67b1a892c445b.png,"Hotel Krishna Leela Family Restaurant"
5579,"Lemon Rice",2025-02-16-67b1aa7d05718.png,"Hotel Krishna Leela Family Restaurant"
5580,"Curd Rice",2025-02-16-67b1aaf20b756.png,"Hotel Krishna Leela Family Restaurant"
5581,"Palak Dal Khichadi",2025-02-16-67b1aba069b7c.png,"Hotel Krishna Leela Family Restaurant"
5582,"Dal khichada",2025-02-16-67b1ac0338396.png,"Hotel Krishna Leela Family Restaurant"
5583,"Paneer Biryani",2025-02-16-67b1ac8ab00a3.png,"Hotel Krishna Leela Family Restaurant"
5584,"Veg Hyderabadi Biryani",2025-02-16-67b1ad2768e1c.png,"Hotel Krishna Leela Family Restaurant"
5585,"Veg Biryani",2025-02-16-67b1ade11006e.png,"Hotel Krishna Leela Family Restaurant"
5586,"Kashmiri Pulao",2025-02-16-67b1ae8ba0714.png,"Hotel Krishna Leela Family Restaurant"
5587,"Masala Rice",2025-02-16-67b1af82745f5.png,"Hotel Krishna Leela Family Restaurant"
5588,"Veg Pulao",2025-02-16-67b1b04664274.png,"Hotel Krishna Leela Family Restaurant"
5589,"Steam Rice",2025-02-16-67b1b1cc83293.png,"Hotel Krishna Leela Family Restaurant"
5590,"Jeera Rice",2025-02-16-67b1b28beec26.png,"Hotel Krishna Leela Family Restaurant"
5591,"Dal Fry",2025-02-16-67b1b38a79163.png,"Hotel Krishna Leela Family Restaurant"
5592,"Dal Tadka",2025-02-16-67b1b47075b8d.png,"Hotel Krishna Leela Family Restaurant"
5593,"Dal Makhani",2025-02-16-67b1b521c215d.png,"Hotel Krishna Leela Family Restaurant"
5594,"Dal Palak",2025-02-16-67b1b5bfea3df.png,"Hotel Krishna Leela Family Restaurant"
5595,"Veg Fried Rice",2025-02-16-67b1b6421aa52.png,"Hotel Krishna Leela Family Restaurant"
5596,"Veg Schezwan Rice",2025-02-16-67b1b6eee43a0.png,"Hotel Krishna Leela Family Restaurant"
5597,"Burnt Garlic Fried Rice",2025-02-16-67b1b7fc179fb.png,"Hotel Krishna Leela Family Restaurant"
5598,"Veg Singapuri Rice",2025-02-16-67b1b8e32e426.png,"Hotel Krishna Leela Family Restaurant"
5599,"Tripple Schezwan Rice",2025-02-16-67b1b9f03c43b.png,"Hotel Krishna Leela Family Restaurant"
5600,"Veg Hakka Noodles",2025-02-16-67b1ba9daa1e2.png,"Hotel Krishna Leela Family Restaurant"
5601,"Veg Schezwan Noodles",2025-02-16-67b1bcf04ba2a.png,"Hotel Krishna Leela Family Restaurant"
5602,"Burnt Garlic Noodles",2025-02-16-67b1bdd1e9420.png,"Hotel Krishna Leela Family Restaurant"
5603,"Veg Singapuri Noodles",2025-02-16-67b1be649f3ab.png,"Hotel Krishna Leela Family Restaurant"
5604,"Veg Hong Kong Noodles",2025-02-16-67b1bf206292c.png,"Hotel Krishna Leela Family Restaurant"
5605,"Plain Roti",2025-02-16-67b1c01c7a69f.png,"Hotel Krishna Leela Family Restaurant"
5606,"Butter Roti",2025-02-16-67b1c1cccedb3.png,"Hotel Krishna Leela Family Restaurant"
5607,"Plain Chapati",2025-02-16-67b1c36d9ea75.png,"Hotel Krishna Leela Family Restaurant"
5608,"Butter Chapati",2025-02-17-67b2bd1511d29.png,"Hotel Krishna Leela Family Restaurant"
5609,"Naan",2025-02-17-67b2c07d72d5d.png,"Hotel Krishna Leela Family Restaurant"
5610,"Nutella Cheesecake",2025-02-17-67b2fa6108259.png,"Delighto The Cheesecake House By Sakshee"
5611,"Butter Naan",2025-02-17-67b2c19f1b2b4.png,"Hotel Krishna Leela Family Restaurant"
5612,"Butter Garlic Naan",2025-02-17-67b2c23525f2e.png,"Hotel Krishna Leela Family Restaurant"
5613,"Cheese Garlic Naan",2025-02-17-67b2c2fde1323.png,"Hotel Krishna Leela Family Restaurant"
5615,"Rumali Roti",2025-02-17-67b2c3bdc9d50.png,"Hotel Krishna Leela Family Restaurant"
5616,"Blueberry Cheesecake Jar",2025-12-31-695510a820a4e.jpg,"Delighto The Cheesecake House By Sakshee"
5617,"Kulcha",2025-02-17-67b2c4d8ee30d.png,"Hotel Krishna Leela Family Restaurant"
5618,"Butter Kulcha",2025-02-17-67b2c53a37dc7.png,"Hotel Krishna Leela Family Restaurant"
5620,"Laccha Paratha",2025-02-17-67b2c591e5872.png,"Hotel Krishna Leela Family Restaurant"
5621,"Coffee Cheesecake Jar",2025-12-31-69551082b6037.png,"Delighto The Cheesecake House By Sakshee"
5622,"All In One Cheesecake",2025-02-17-67b2c6a3e7acf.png,"Delighto The Cheesecake House By Sakshee"
5623,"Aloo Paratha",2025-02-17-67b2c6a5333b1.png,"Hotel Krishna Leela Family Restaurant"
5625,"Gobi Paratha",2025-02-17-67b2c73a4b0f6.png,"Hotel Krishna Leela Family Restaurant"
5626,"Paneer Paratha",2025-02-17-67b2c7c18dd1a.png,"Hotel Krishna Leela Family Restaurant"
5627,"Roti Busket",2025-02-17-67b2c81975cfa.png,"Hotel Krishna Leela Family Restaurant"
5628,"Plain Curd",2025-02-17-67b2c8a1d0d24.png,"Hotel Krishna Leela Family Restaurant"
5629,"Mix Veg Raita",2025-02-17-67b2ca37559d3.png,"Hotel Krishna Leela Family Restaurant"
5630,"Boondi Raita",2025-02-17-67b2caa47e572.png,"Hotel Krishna Leela Family Restaurant"
5631,"Pineapple Raita",2025-02-17-67b2cb5234e81.png,"Hotel Krishna Leela Family Restaurant"
5632,"Rumali Khakhra",2025-02-17-67b2cca7b0fd4.png,"Hotel Krishna Leela Family Restaurant"
5633,"Cheese Rumali Khakra",2025-02-17-67b2cd6c73e1c.png,"Hotel Krishna Leela Family Restaurant"
5634,"Veg Golkanda Kabab",2025-02-17-67b2ce57cfcce.png,"Hotel Krishna Leela Family Restaurant"
5635,"Hara Bhara Kabab",2025-02-17-67b2cf09af8da.png,"Hotel Krishna Leela Family Restaurant"
5636,"Paneer Tikka Dry",2025-02-17-67b2cf8f5ec3b.png,"Hotel Krishna Leela Family Restaurant"
5637,"Paneer Achari Tikka",2025-02-17-67b2d09849c10.png,"Hotel Krishna Leela Family Restaurant"
5638,"Paneer Banjara Tikka",2025-02-17-67b2d1cbec823.png,"Hotel Krishna Leela Family Restaurant"
5639,"Paneer Pahadi Tikka",2025-02-17-67b2d2615c85b.png,"Hotel Krishna Leela Family Restaurant"
5640,"Paneer Malai Tikka",2025-02-17-67b2d31ec8394.png,"Hotel Krishna Leela Family Restaurant"
5641,"Tandoori Platter",2025-02-17-67b2d3f1822a3.png,"Hotel Krishna Leela Family Restaurant"
5642,"Mushroom Tikka",2025-02-17-67b2d4cfeb81b.png,"Hotel Krishna Leela Family Restaurant"
5643,"Tandoori Baby Corn",2025-02-17-67b2d5ba4f39c.png,"Hotel Krishna Leela Family Restaurant"
5644,"Tandoor Aloo",2025-02-17-67b2d62e53513.png,"Hotel Krishna Leela Family Restaurant"
5645,"Roasted Papad",2025-02-17-67b2d73a37d19.png,"Hotel Krishna Leela Family Restaurant"
5646,"Fry Papad",2025-02-17-67b2d7f404185.png,"Hotel Krishna Leela Family Restaurant"
5647,"Masala Papad",2025-02-17-67b2d86fca284.png,"Hotel Krishna Leela Family Restaurant"
5648,"Nagli Fry Papad",2025-02-17-67b2d8ed123c6.png,"Hotel Krishna Leela Family Restaurant"
5649,"Sindhi Papad",2025-02-17-67b2d9456b305.png,"Hotel Krishna Leela Family Restaurant"
5650,"Crispy Lotus Roots in Honey Chilly Sauce",2025-03-12-67d179284d16c.png,"Dolce Bistro and Patissiere"
5651,"Korean Cream Cheese Buns",2025-03-12-67d1795fddea0.png,"Dolce Bistro and Patissiere"
5658,"Garlic Pull Bread",2025-03-12-67d17cb351b85.png,"Dolce Bistro and Patissiere"
5736,"Queen Margarita",2025-02-18-67b42b1fe7adf.png,"Dolce Bistro and Patissiere"
5737,"Vanilla Shake",2025-02-20-67b6b80a72492.png,"The Waffle Co"
5738,"Strawberry Shake",2025-02-20-67b6b9246ad11.png,"The Waffle Co"
5739,"Yellow-Rita Pizza",2025-02-18-67b42c1b6faa3.png,"Dolce Bistro and Patissiere"
5740,"Seasons Harvest Pizza",2025-02-18-67b42d2e8e5d7.png,"Dolce Bistro and Patissiere"
5742,"Chocolate Hazelnut Shake",2025-02-19-67b5cdfeeb18e.png,"The Waffle Co"
5743,"Fantastic Fungi Pizza",2025-02-18-67b42e3542d80.png,"Dolce Bistro and Patissiere"
5744,"KitKat Shake",2025-02-19-67b5cd52adf75.png,"The Waffle Co"
5745,"Oreo Shake",2025-02-19-67b5c82d8d1a0.png,"The Waffle Co"
5746,"Smoked Out Paneer BBQ Pizza",2025-02-18-67b42ef4c57d1.png,"Dolce Bistro and Patissiere"
5747,"Mint Oreo Shake",2025-02-19-67b5c7a7a7892.png,"The Waffle Co"
5748,"Paneer Tikka Pizza",2025-02-18-67b43011980d5.png,"Dolce Bistro and Patissiere"
5749,"Mediterranean Pizza",2025-02-18-67b431072a6ab.png,"Dolce Bistro and Patissiere"
5750,"Pesto Di Basilica",2025-02-18-67b4323b4f207.png,"Dolce Bistro and Patissiere"
5751,"Garden Fried Rice",2025-02-18-67b4375e8b210.png,"Dolce Bistro and Patissiere"
5752,"Veggie Wok Biryani",2025-02-18-67b438012eb76.png,"Dolce Bistro and Patissiere"
5753,"Buddha's Delight",2025-02-18-67b43ddb215e5.png,"Dolce Bistro and Patissiere"
5755,"Nutty Bliss Rice",2025-02-18-67b43fed78882.png,"Dolce Bistro and Patissiere"
5757,"Chow Mein",2025-02-18-67b4416f593ff.png,"Dolce Bistro and Patissiere"
5758,"Singapore Noodles",2025-02-18-67b4423aa7a5b.png,"Dolce Bistro and Patissiere"
5762,"Paneer Butter Masala",2025-02-18-67b445d851166.png,"Dolce Bistro and Patissiere"
5763,"Veg Cocktail",2025-02-18-67b4470155718.png,"Dolce Bistro and Patissiere"
5764,"'Nine Gems' Navratan Korma",2025-02-18-67b44801aa7ca.png,"Dolce Bistro and Patissiere"
5766,"Pindi Chole",2025-02-18-67b44d689ce0d.png,"Dolce Bistro and Patissiere"
5767,"Paneer Patiala",2025-02-18-67b4519812b0e.png,"Dolce Bistro and Patissiere"
5768,"Dal 'Dhaba/Butter' Khichdi",2025-02-18-67b452955d172.png,"Dolce Bistro and Patissiere"
5769,"Lucknowi Veg Dum Biryani",2025-02-18-67b4539d8a472.png,"Dolce Bistro and Patissiere"
5770,"Paneer Tikka Biryani",2025-02-18-67b45434d36d6.png,"Dolce Bistro and Patissiere"
5772,"Dal Makhani",2025-02-18-67b4578c9e47f.png,"Dolce Bistro and Patissiere"
5774,"Roti",2025-02-18-67b459c49e462.png,"Dolce Bistro and Patissiere"
5775,"Butter Roti",2025-02-18-67b45a9483cbe.png,"Dolce Bistro and Patissiere"
5776,"Steam Rice",2025-02-18-67b45b5142823.png,"Dolce Bistro and Patissiere"
5777,"Jeera Rice",2025-02-18-67b45cc55755c.png,"Dolce Bistro and Patissiere"
5778,"Nan",2025-02-18-67b45e5cd8e7a.png,"Dolce Bistro and Patissiere"
5779,"Paratha",2025-02-18-67b45eecf1ea7.png,"Dolce Bistro and Patissiere"
5780,"Butter Naan",2025-02-18-67b45f7fdb006.png,"Dolce Bistro and Patissiere"
5781,"Garlic Butter Naan",2025-02-18-67b4606f4fff6.png,"Dolce Bistro and Patissiere"
5782,"Cheese Garlic Butter Naan",2025-02-18-67b461544c68c.png,"Dolce Bistro and Patissiere"
5783,"Mohan Thal",2025-02-18-67b461e2e4627.png,"Nashik Shidori Bhakri"
5784,"Kulcha Butter",2025-02-18-67b4636849120.png,"Dolce Bistro and Patissiere"
5785,"Lacha  Paratha Butter",2025-02-18-67b463fbbf24f.png,"Dolce Bistro and Patissiere"
5786,"Vanila Ice Cream",2025-02-18-67b464b497e39.png,"Dolce Bistro and Patissiere"
5787,"Choclate Ice Cream",2025-02-18-67b4657ac4f01.png,"Dolce Bistro and Patissiere"
5790,"Shev Bhaji",2025-02-18-67b4688829d79.png,"Nashik Shidori Bhakri"
5791,"Mirchi Thecha",2025-02-18-67b468b3c143e.png,"Nashik Shidori Bhakri"
5793,"Cookie and Cream Icecream",2025-02-18-67b46909e36d0.png,"Dolce Bistro and Patissiere"
5795,"Nagli Roast Papad",2025-02-18-67b4695c80485.png,"Nashik Shidori Bhakri"
5796,"Fried Papad",2025-02-18-67b4699b93190.png,"Nashik Shidori Bhakri"
5797,"Masala papad",2025-02-18-67b469be1cbb3.png,"Nashik Shidori Bhakri"
5798,"Filter Coffiee",2025-02-18-67b469c08472e.png,"Dolce Bistro and Patissiere"
5800,"Onion Uttapam",2025-02-18-67b46a6ab0656.png,"Nashik Shidori Bhakri"
5801,"Salted Caramel Ice cream",2025-02-18-67b46a7666271.png,"Dolce Bistro and Patissiere"
5803,"Sada Dosa",2025-02-18-67b46ac683844.png,"Nashik Shidori Bhakri"
5804,"Masala Dosa",2025-02-18-67b46aeb0e74e.png,"Nashik Shidori Bhakri"
5806,"Strawberry Sorbet",2025-02-18-67b46b62cd857.png,"Dolce Bistro and Patissiere"
5809,"Tandlachi Bhakari",2025-02-18-67b46bef05da6.png,"Nashik Shidori Bhakri"
5810,"Jwarichi Bhakari",2025-02-18-67b46c330343a.png,"Nashik Shidori Bhakri"
5811,"Bajarichi Bhakari",2025-02-18-67b46c4b2338f.png,"Nashik Shidori Bhakri"
5812,"Coconut Ice Cream",2025-02-18-67b46c6e16cf2.png,"Dolce Bistro and Patissiere"
5814,"Maple Ice Cream",2025-02-18-67b46d528007d.png,"Dolce Bistro and Patissiere"
5815,"Nagali Bhakari",2025-02-18-67b46d6d0bb4f.png,"Nashik Shidori Bhakri"
5819,"Tres Leches",2025-02-18-67b46ff1d2965.png,"Dolce Bistro and Patissiere"
5820,"Tiramisu",2025-02-18-67b470e276004.png,"Dolce Bistro and Patissiere"
5823,"Panna Cotta",2025-02-18-67b477055a9b4.png,"Dolce Bistro and Patissiere"
5825,"Assorted Box",2025-02-18-67b478d0de123.png,"Dolce Bistro and Patissiere"
5827,"Carrot Cake",2025-02-19-67b5617fe29e1.png,"Dolce Bistro and Patissiere"
5828,"Ragi Chocolate Chip Cookie",2025-02-19-67b562ff9d059.png,"Dolce Bistro and Patissiere"
5829,"Banana Brownie with Vanilla Ice Cream",2025-02-19-67b564a9071bc.png,"Dolce Bistro and Patissiere"
5839,"Tomato Basil Bliss Bruchettas",2025-02-19-67b5707d0c577.png,"Dolce Bistro and Patissiere"
5840,"Roasted Red Pepper and Ricotta Dream",2025-02-19-67b571c1bf256.png,"Dolce Bistro and Patissiere"
5843,"Spaghetti Arrabbiata With Chicken",2025-02-19-67b579d044e33.png,"Hotel Razzle"
5844,"Fusilli Alfredo With Chicken",2025-02-19-67b57a6c0ba26.png,"Hotel Razzle"
5845,"Penne Paprika With Chicken",2025-02-19-67b57af3e6af8.png,"Hotel Razzle"
5846,"Barbeque Chicken Pizza",2025-02-19-67b57beb76b0b.png,"Hotel Razzle"
5847,"Chicken Tikka Pizza",2025-02-19-67b57ccf5a4a9.png,"Hotel Razzle"
5848,"Chicken Margherita Pizza",2025-02-19-67b57e0930ea7.png,"Hotel Razzle"
5849,"Chicken Special Pizza",2025-02-19-67b57f948f2da.png,"Hotel Razzle"
5850,"Golden Fried Chicken",2025-02-19-67b580c453047.png,"Hotel Razzle"
5851,"Chilly Chicken",2025-02-19-67b5813eb59a5.png,"Hotel Razzle"
5852,"Chicken Spring Roll",2025-02-19-67b5820b1c0dc.png,"Hotel Razzle"
5853,"Chicken Manchurian",2025-02-19-67b582d3ad7d6.png,"Hotel Razzle"
5854,"Chicken Lollypop",2025-02-19-67b5835184f73.png,"Hotel Razzle"
5855,"Fish Finger",2025-02-19-67b583d37cf67.png,"Hotel Razzle"
5856,"Prawns Chilli",2025-02-19-67b5845f2bf17.png,"Hotel Razzle"
5857,"Prawns Koliwada",2025-02-19-67b584fc25b95.png,"Hotel Razzle"
5858,"Chicken Fried Rice",2025-02-19-67b585eea8421.png,"Hotel Razzle"
5859,"Chicken Schezwan Fried Rice",2025-02-19-67b586648d491.png,"Hotel Razzle"
5860,"Chicken Hong Kong Fried Rice",2025-02-19-67b586fe73141.png,"Hotel Razzle"
5861,"Chicken Hakka Noodles",2025-02-19-67b587c49ed17.png,"Hotel Razzle"
5862,"Chicken Schezwan Hakka Noodles",2025-02-19-67b5888c747c1.png,"Hotel Razzle"
5863,"Chicken Shanghai Fried Rice",2025-02-19-67b589fb2bebc.png,"Hotel Razzle"
5884,"Malai Kofta",2025-02-19-67b5a6cd7426a.png,"Hotel Razzle"
5885,"Nargis Kofta",2025-02-19-67b5a7b07a832.png,"Hotel Razzle"
5887,"Dum Aloo Punjabi",2025-02-19-67b5b18f8a3da.png,"Hotel Razzle"
5888,"Dum Aloo Kashmiri",2025-02-19-67b5b991a8bc2.png,"Hotel Razzle"
5889,"Dum Aloo Banarasi",2025-02-19-67b5ba68c3497.png,"Hotel Razzle"
5890,"Kaju Masala",2025-02-19-67b5bb17604c7.png,"Hotel Razzle"
5891,"Kaju Curry",2025-02-19-67b5bbd1efb04.png,"Hotel Razzle"
5892,"Mango Mania Shake",2025-02-20-67b6c66275f28.png,"The Waffle Co"
5893,"Dal Fry",2025-02-20-67b6bcf7e43de.png,"Hotel Razzle"
5894,"Dal Tadka",2025-02-20-67b6be6506e94.png,"Hotel Razzle"
5895,"Ghee Dal",2025-02-20-67b6bf5ec4b25.png,"Hotel Razzle"
5896,"Jeera Dal",2025-02-20-67b6c110cf37d.png,"Hotel Razzle"
5897,"Dal Makhani",2025-02-20-67b6c1bbbcf7b.png,"Hotel Razzle"
5898,"Dal Palak",2025-02-20-67b6c2434ca98.png,"Hotel Razzle"
5899,"Moong Dal",2025-02-20-67b6c2e05b0ce.png,"Hotel Razzle"
5900,"Moong Dal Tadaka",2025-02-20-67b6c37d32dff.png,"Hotel Razzle"
5901,"Tandoori Roti",2025-02-20-67b6c4551a359.png,"Hotel Razzle"
5902,"Tandoori Butter Roti",2025-02-20-67b6c4b64408b.png,"Hotel Razzle"
5903,"Naan",2025-02-20-67b6c564ab073.png,"Hotel Razzle"
5904,"Butter Naan",2025-02-20-67b6c7589b9fb.png,"Hotel Razzle"
5905,"Garlic Naan",2025-02-20-67b6c8c70a0bb.png,"Hotel Razzle"
5906,"Cheese Naan",2025-02-20-67b6c9aa70a87.png,"Hotel Razzle"
5908,"Cheese Garlic Naan",2025-02-20-67b6ca4c3523d.png,"Hotel Razzle"
5909,"Kulcha",2025-02-20-67b6cb0a501fb.png,"Hotel Razzle"
5910,"Onion Kulcha",2025-02-20-67b6cbbbe4cdf.png,"Hotel Razzle"
5913,"Cold Coffee",2025-02-20-67b6cd18c6e92.png,"Ice Box Cafe & Restro"
5914,"Paneer Palak Kulcha",2025-02-20-67b6cd6b1f71d.png,"Hotel Razzle"
5915,"Laccha Paratha",2025-02-20-67b6cdddd1192.png,"Hotel Razzle"
5916,"Chocolate Cold Coffee",2025-02-20-67b6ce0a584da.png,"Ice Box Cafe & Restro"
5917,"Laccha Butter Paratha",2025-02-20-67b6ce6eeef09.png,"Hotel Razzle"
5918,"Thick Cold Coffee",2025-02-20-67b6cea226766.png,"Ice Box Cafe & Restro"
5919,"Aloo Paratha",2025-02-20-67b6cf3db2c1d.png,"Hotel Razzle"
5920,"Paneer Paratha",2025-02-20-67b6d0dc4632e.png,"Hotel Razzle"
5921,"Veg Kheema Paratha",2025-02-20-67b6d2fdd63c8.png,"Hotel Razzle"
5922,"Rumali Roti",2025-02-20-67b6d37b8830f.png,"Hotel Razzle"
5923,"Butter Rumali Roti",2025-02-20-67b6d433798ce.png,"Hotel Razzle"
5924,"Jowar Bhakari",2025-02-20-67b6d4bc2a028.png,"Hotel Razzle"
5925,"Bajara Bhakari",2025-02-20-67b6d5359f1b5.png,"Hotel Razzle"
5926,"Roti Ki Tokri",2025-02-20-67b6d6f11fc4f.png,"Hotel Razzle"
5927,"French Fries",2025-02-20-67b6d7fcbe71f.png,"Hotel Razzle"
5928,"Garlic Bread",2025-02-20-67b6d92287531.png,"Hotel Razzle"
5929,"Cheese Garlic Bread",2025-02-20-67b6d9bb1acae.png,"Hotel Razzle"
5930,"Nachos With Salsa",2025-02-20-67b6dcfb11269.png,"Hotel Razzle"
5931,"Nachos With Cheese Sauce",2025-02-20-67b6ddf6dd4f1.png,"Hotel Razzle"
5932,"Cheese Olive Stick",2025-02-20-67b6decc329ac.png,"Hotel Razzle"
5933,"Exotic Veg Pizza",2025-02-20-67b6df934f917.png,"Hotel Razzle"
5934,"Barbeque Mushroom Pizza",2025-02-20-67b6e644b45d4.png,"Hotel Razzle"
5935,"Paneer Tikka Pizza",2025-02-20-67b6e6e475ae7.png,"Hotel Razzle"
5936,"Margherita Pizza",2025-02-20-67b6e7a7e6f39.png,"Hotel Razzle"
5937,"Red Thai Curry",2025-02-20-67b6e93fcce60.png,"Hotel Razzle"
5938,"Green Thai Curry",2025-02-20-67b6e9f9c971e.png,"Hotel Razzle"
5942,"Veg Matka Biryani",2025-02-20-67b6edf1f229e.png,"Hotel Razzle"
5943,"Paneer Mutter Biryani",2025-02-20-67b6f073309a4.png,"Hotel Razzle"
5944,"Navratna Pulav",2025-02-20-67b6f1d32cf18.png,"Hotel Razzle"
5945,"Veg Pulav",2025-02-20-67b6f28fab10c.png,"Hotel Razzle"
5946,"Jeera Rice",2025-02-20-67b6f4d8a5162.png,"Hotel Razzle"
5947,"Steam Rice",2025-02-20-67b6f5bc77f7c.png,"Hotel Razzle"
5948,"Dal khichada",2025-02-20-67b6f722afd82.png,"Hotel Razzle"
5949,"Butter Dal khichda",2025-02-20-67b6fd90c549e.png,"Hotel Razzle"
5950,"Oreo Shake",2025-02-20-67b6fe491e180.png,"Hotel Razzle"
5951,"Kitkat Shake",2025-02-20-67b7006c0c339.png,"Hotel Razzle"
5952,"Eclair Shake",2025-02-20-67b7012362cf8.png,"Hotel Razzle"
5953,"Strawberry Shake",2025-02-20-67b7037180ea3.png,"Hotel Razzle"
5954,"Gulab Jamun",2025-02-20-67b7050421a8c.png,"Hotel Razzle"
5955,"Gulab Jamun With Icecream",2025-02-20-67b706527d676.png,"Hotel Razzle"
5956,"Fruit Salad With Ice Cream",2025-02-20-67b706e9a278c.png,"Hotel Razzle"
5957,"Choice of Ice Cream",2025-02-20-67b707e5b20f5.png,"Hotel Razzle"
5958,"Sizzling Brownie",2025-02-20-67b7089009746.png,"Hotel Razzle"
5959,"Khubani Da Meetha",2025-02-20-67b7095120b4b.png,"Hotel Razzle"
5965,"Tomato Pudina Shorba",2025-02-20-67b70e494cbf7.png,"Hotel Razzle"
5966,"Mulligatawny Soup",2025-02-20-67b70fbfcbab2.png,"Hotel Razzle"
5967,"Tadka Palak Shorba",2025-02-20-67b7109b31ab9.png,"Hotel Razzle"
5968,"Corn Shorba",2025-02-20-67b71144db840.png,"Hotel Razzle"
5969,"Minestrone Soup",2025-02-20-67b7124609370.png,"Hotel Razzle"
5970,"Tomato Basil Soup",2025-02-20-67b712dc52ab2.png,"Hotel Razzle"
5971,"Mushroom Cappuccino Soup",2025-02-20-67b713b88e960.png,"Hotel Razzle"
5972,"Broccoli And Almond Soup",2025-02-20-67b714ce47655.png,"Hotel Razzle"
5973,"Cream of Vegetable Soup",2025-02-20-67b7155c551b7.png,"Hotel Razzle"
5974,"Corn Broth Soup",2025-02-20-67b715f35a359.png,"Hotel Razzle"
5975,"Burnt Garlic Soup",2025-02-21-67b80407d6006.png,"Hotel Razzle"
5976,"Lemon Coriander Soup",2025-02-21-67b8062e6ab5b.png,"Hotel Razzle"
5977,"Veg Tom Yum Soup",2025-02-21-67b8077957e96.png,"Hotel Razzle"
5978,"Hot & Sour Soup",2025-02-21-67b809137e60b.png,"Hotel Razzle"
5979,"Veg Clear Soup",2025-02-21-67b809db548f4.png,"Hotel Razzle"
5980,"Veg Sweet Corn Soup",2025-02-21-67b80a83dfc8d.png,"Hotel Razzle"
5981,"Veg Manchow Soup",2025-02-21-67b80b3c648ae.png,"Hotel Razzle"
5982,"Veg Lemon Paper Soup",2025-02-21-67b80c14bbb7d.png,"Hotel Razzle"
5983,"Veg Subz Bahar",2025-02-21-67b80db495653.png,"Hotel Razzle"
5984,"Veg Begam Bahar",2025-02-21-67b80e63902ab.png,"Hotel Razzle"
5985,"Hare Nariyal Ki Sabzi",2025-02-21-67b80fa3d77ac.png,"Hotel Razzle"
5986,"Veg Maharaja",2025-02-21-67b8105377d91.png,"Hotel Razzle"
5987,"Banarasi Kofta Curry",2025-02-21-67b8110a4a767.png,"Hotel Razzle"
5991,"Veg Maratha",2025-02-21-67b813f4eb5c4.png,"Hotel Razzle"
5992,"Sev Bhaji",2025-02-21-67b81497cd2b2.png,"Hotel Razzle"
5993,"Ice Tea",2025-02-21-67b8152368911.png,"Ice Box Cafe & Restro"
5994,"Milk Sev Bhaji",2025-02-21-67b81575b976e.png,"Hotel Razzle"
5995,"Oreo Thick Shake",2025-02-21-67b815b0f0938.png,"Ice Box Cafe & Restro"
5996,"Lasuni Methi",2025-02-21-67b8163c6b5c9.png,"Hotel Razzle"
5997,"Pineapple Shake",2025-02-21-67b81655b39ea.png,"Ice Box Cafe & Restro"
5998,"Chocolate Shake",2025-02-21-67b816808a710.png,"Ice Box Cafe & Restro"
5999,"Mango Shake",2025-02-21-67b816d3692f8.png,"Ice Box Cafe & Restro"
6000,"Bhendi Masala",2025-02-21-67b816f7ea501.png,"Hotel Razzle"
6001,"Kiwi Magic Shake",2025-02-21-67b816fca42df.png,"Ice Box Cafe & Restro"
6002,"Cheese Maggie",2025-02-21-67b8172f283b2.png,"Ice Box Cafe & Restro"
6003,"Plain Maggie",2025-02-21-67b818194ca7b.png,"Ice Box Cafe & Restro"
6004,"Baingan Masala",2025-02-21-67b8186c4c7c8.png,"Hotel Razzle"
6005,"Veggie Maggie",2025-02-21-67b818895aa47.png,"Ice Box Cafe & Restro"
6006,"Veggie Cheese Maggie",2025-02-21-67b818f568247.png,"Ice Box Cafe & Restro"
6007,"Thecha",2025-02-21-67b818fd68159.png,"Hotel Razzle"
6008,"Pithala",2025-02-21-67b819a184053.png,"Hotel Razzle"
6009,"Veg Steamed Momos",2025-02-21-67b819ba20203.png,"Ice Box Cafe & Restro"
6010,"Veg Fried Momos",2025-02-21-67b819dd62960.png,"Ice Box Cafe & Restro"
6011,"Paneer Momos",2025-02-21-67b81a187f0f5.png,"Ice Box Cafe & Restro"
6012,"Paneer Fried Momos",2025-02-21-67b81a5feaa08.png,"Ice Box Cafe & Restro"
6013,"Margherita Pizza",2025-02-21-67b81abdc872a.png,"Ice Box Cafe & Restro"
6014,"Papad Thecha",2025-02-21-67b81acdd0943.png,"Hotel Razzle"
6015,"Cheese and Corn Pizza",2025-02-21-67b81af5e610d.png,"Ice Box Cafe & Restro"
6016,"Onion Cheese Pizza",2025-02-21-67b81b25b1559.png,"Ice Box Cafe & Restro"
6017,"Cheese Plain Pizza",2025-02-21-67b81b49bf899.png,"Ice Box Cafe & Restro"
6018,"Patodyachi Amti",2025-02-21-67b81b6acbd0a.png,"Hotel Razzle"
6019,"Paneer Tikka Pizza",2025-02-21-67b81bb6d2793.png,"Ice Box Cafe & Restro"
6020,"Wangyache Bharit",2025-02-21-67b81bff4668e.png,"Hotel Razzle"
6021,"Mix Loaded Pizza",2025-02-21-67b81c4010586.png,"Ice Box Cafe & Restro"
6022,"Kadhi Pakoda",2025-02-21-67b81c871805c.png,"Hotel Razzle"
6023,"Cheese Burst Pizza",2025-02-21-67b81cdf33053.png,"Ice Box Cafe & Restro"
6024,"Akkha Masoor",2025-02-21-67b81d027b0e2.png,"Hotel Razzle"
6025,"Cheese Pav Bhaji (2 Butter Pav)",2025-02-21-67b81d3743df5.png,"Ice Box Cafe & Restro"
6026,"Amul Pav Bhaji (2 Butter Pav)",2025-02-21-67b81d4f2f6d6.png,"Ice Box Cafe & Restro"
6027,"Tawa Pulav",2025-02-21-67b81d7a58d86.png,"Ice Box Cafe & Restro"
6028,"Masala Pav",2025-02-21-67b81dcfbbc67.png,"Ice Box Cafe & Restro"
6029,"Misal Pav",2025-02-21-67b81e128e632.png,"Ice Box Cafe & Restro"
6030,"Vada Rassa",2025-02-21-67b81e4c88229.png,"Ice Box Cafe & Restro"
6031,"Spaghetti Arrabiata Pasta",2025-02-21-67b81e58e93ef.png,"Hotel Razzle"
6032,"Shev Rassa",2025-02-21-67b81e7f2fed2.png,"Ice Box Cafe & Restro"
6033,"Chole Bhatura",2025-02-21-67b81ef311deb.png,"Ice Box Cafe & Restro"
6034,"Poha",2025-02-21-67b81f503e5d0.png,"Ice Box Cafe & Restro"
6035,"Fussily Alfredo Pasta",2025-02-21-67b81f8f56a78.png,"Hotel Razzle"
6036,"Rassa Poha",2025-02-21-67b81fc8a29e2.png,"Ice Box Cafe & Restro"
6037,"Tea",2025-02-21-67b81fee7a2f5.png,"Ice Box Cafe & Restro"
6038,"Paneer With Basil Pesto Pasta",2025-02-21-67b82011cc726.png,"Hotel Razzle"
6039,"Lemon Ice Tea",2025-02-21-67b8202bb9ae9.png,"Ice Box Cafe & Restro"
6040,"Coffee",2025-02-21-67b82066ad283.png,"Ice Box Cafe & Restro"
6041,"Paneer Paprika Pasta",2025-02-21-67b820bf2adfc.png,"Hotel Razzle"
6042,"Classic Burger",2025-02-21-67b820d1b6e20.png,"Ice Box Cafe & Restro"
6043,"Cheese Classic Burger",2025-02-21-67b82161c67b3.png,"Ice Box Cafe & Restro"
6044,"Creamy Tomato Paneer Pasta",2025-02-21-67b821a6a4cfe.png,"Hotel Razzle"
6045,"Special Curd Kabab",2025-02-21-67b822474eb38.png,"Hotel Razzle"
6047,"Tandoor Cheese Burger",2025-02-21-67b822b90a43c.png,"Ice Box Cafe & Restro"
6048,"Classic Vegetable Sandwich",2025-02-21-67b822e172806.png,"Ice Box Cafe & Restro"
6049,"Masala Corn Cake",2025-02-21-67b822ea4dfb4.png,"Hotel Razzle"
6050,"Veg Cheese Sandwich",2025-02-21-67b8231763751.png,"Ice Box Cafe & Restro"
6051,"Cheese Sandwich",2025-02-21-67b823473364c.png,"Ice Box Cafe & Restro"
6052,"Mushroom Spinach Ki Tikki",2025-02-21-67b8236f8cb30.png,"Hotel Razzle"
6053,"Chocolate Cheese Sandwich",2025-02-21-67b8237988363.png,"Ice Box Cafe & Restro"
6054,"Masala Shezwan Sandwich",2025-02-21-67b823bbe965f.png,"Ice Box Cafe & Restro"
6055,"Cheese Sandwich",2025-02-21-67b823f66f0c2.png,"Ice Box Cafe & Restro"
6056,"Aloo Pudina Tikki",2025-02-21-67b8240910572.png,"Hotel Razzle"
6057,"Veg Club Sandwich",2025-02-21-67b8241691794.png,"Ice Box Cafe & Restro"
6058,"French Fries",2025-02-21-67b8244d54e10.png,"Ice Box Cafe & Restro"
6059,"Peri Peri French Fries",2025-02-21-67b8246926495.png,"Ice Box Cafe & Restro"
6060,"Cheese Masala Fries",2025-02-21-67b8249e0fffb.png,"Ice Box Cafe & Restro"
6061,"Masala Fries",2025-02-21-67b824b15c44a.png,"Ice Box Cafe & Restro"
6062,"Veg Hara Bhara Kabab",2025-02-21-67b824be57e70.png,"Hotel Razzle"
6063,"Veg Cutlet",2025-02-21-67b8254643b99.png,"Hotel Razzle"
6064,"Combo Meals",2025-02-21-67b825a84c81b.png,"Ice Box Cafe & Restro"
6065,"Razzle Cheese Shots",2025-02-21-67b826b08abb4.png,"Hotel Razzle"
6066,"Combo Meals",2025-02-21-67b82643cf4e1.png,"Ice Box Cafe & Restro"
6067,"Veg Manchurian Balls",2025-02-21-67b8273868e3d.png,"Hotel Razzle"
6068,"Vada Pav",2025-02-21-67b8274fb315d.png,"Ice Box Cafe & Restro"
6069,"Veg Crispy",2025-02-21-67b8280f7d2d5.png,"Hotel Razzle"
6070,"Mayo Vada Pav",2025-02-21-67b828214a073.png,"Ice Box Cafe & Restro"
6071,"Cheese Vada Pav",2025-02-21-67b8284219007.png,"Ice Box Cafe & Restro"
6072,"Aloo Tikki",2025-02-21-67b8288503e8a.png,"Ice Box Cafe & Restro"
6073,"Paneer Chilli",2025-02-21-67b828cd21d18.png,"Hotel Razzle"
6074,"Veg Manchow Soup",2025-02-21-67b828e6614c9.png,"Ice Box Cafe & Restro"
6075,"Tomato Soup",2025-02-21-67b8290c502c1.png,"Ice Box Cafe & Restro"
6076,"Veg Spring Roll",2025-02-21-67b829526de30.png,"Hotel Razzle"
6077,"Veg Manchurian",2025-02-21-67b829685534b.png,"Ice Box Cafe & Restro"
6078,"Soyabean Chilly",2025-02-21-67b829c2b9d71.png,"Ice Box Cafe & Restro"
6079,"Veg Hakka Noodles",2025-02-21-67b82a14bb0c7.png,"Ice Box Cafe & Restro"
6080,"Veg Ball With Hot Garlic Sauce",2025-02-21-67b82a2291389.png,"Hotel Razzle"
6081,"Veg Schezwan Noodles",2025-02-21-67b82a398475a.png,"Ice Box Cafe & Restro"
6082,"Veg Fried Rice",2025-02-21-67b82a79646af.png,"Ice Box Cafe & Restro"
6083,"Lemon Paneer",2025-02-21-67b82a8809d59.png,"Hotel Razzle"
6084,"Veg Schezwan Fried Rice",2025-02-21-67b82ab14969a.png,"Ice Box Cafe & Restro"
6085,"Veg Triple Schezwan Fried Rice",2025-02-21-67b82b035699d.png,"Ice Box Cafe & Restro"
6086,"Paneer Shaslic",2025-02-21-67b82b1689471.png,"Hotel Razzle"
6087,"Veg Manchurian Fried Rice",2025-02-21-67b82b4153a64.png,"Ice Box Cafe & Restro"
6089,"Honey Ginger Cottage Cheese",2025-02-21-67b82bad3eaea.png,"Hotel Razzle"
6090,"Indrayani Rice",2025-02-21-67b82fbe96854.png,"Maharashtra Darbar House Of Biryani"
6091,"Plain Rice",2025-02-21-67b82ff9d2a54.png,"Maharashtra Darbar House Of Biryani"
6092,"Baby Corn Mushroom Chilly",2025-02-21-67b830158b308.png,"Hotel Razzle"
6093,"Jeera rice",2025-02-21-67b830c6a6860.png,"Maharashtra Darbar House Of Biryani"
6094,"Dragon Paneer",2025-02-21-67b830cce438c.png,"Hotel Razzle"
6095,"Basmati Rice",2025-02-21-67b8312c70d71.png,"Maharashtra Darbar House Of Biryani"
6096,"Dal Khichdi",2025-02-21-67b83175ac255.png,"Maharashtra Darbar House Of Biryani"
6097,"Chicken Fried Rice",2025-02-21-67b831b6abac7.png,"Maharashtra Darbar House Of Biryani"
6098,"Sathey Paneer",2025-02-21-67b831c334935.png,"Hotel Razzle"
6099,"Chicken Schezwan Fried Rice",2025-02-21-67b8320ddb756.png,"Maharashtra Darbar House Of Biryani"
6100,"Egg Fried Rice",2025-02-21-67b83236c68d9.png,"Maharashtra Darbar House Of Biryani"
6101,"Egg Schezwan Fried Rice",2025-02-21-67b8325c0191f.png,"Maharashtra Darbar House Of Biryani"
6102,"Thread Paneer",2025-02-21-67b83266aca1b.png,"Hotel Razzle"
6103,"Veg Fried Rice",2025-02-21-67b83289954bc.png,"Maharashtra Darbar House Of Biryani"
6104,"Veg Schezwan Fried Rice",2025-02-21-67b832c191c6a.png,"Maharashtra Darbar House Of Biryani"
6105,"Honey Chilly Potato",2025-02-21-67b832e78c24e.png,"Hotel Razzle"
6106,"Chicken Hakka Noodles",2025-02-21-67b833142f708.png,"Maharashtra Darbar House Of Biryani"
6107,"Chicken Schezwan Hakka Noodles",2025-02-21-67b83343db831.png,"Maharashtra Darbar House Of Biryani"
6108,"Veg Hakka Noodles",2025-02-21-67b83377536a9.png,"Maharashtra Darbar House Of Biryani"
6109,"Veg Fried Rice",2025-02-21-67b8338a3c432.png,"Hotel Razzle"
6110,"Curd Rice",2025-02-21-67b833c1ac354.png,"Maharashtra Darbar House Of Biryani"
6111,"Burnt Garlic Fried Rice",2025-02-21-67b8342e495ea.png,"Hotel Razzle"
6112,"Curd Rice with Tadka",2025-02-21-67b8343688383.png,"Maharashtra Darbar House Of Biryani"
6113,"Mangolian Pot Rice",2025-02-21-67b834bb7571e.png,"Hotel Razzle"
6114,"Chapati",2025-02-21-67b834e139c51.png,"Maharashtra Darbar House Of Biryani"
6115,"Butter Chapati",2025-02-21-67b83528b9764.png,"Maharashtra Darbar House Of Biryani"
6116,"Schezwan Fried Rice",2025-02-21-67b8354fc15e4.png,"Hotel Razzle"
6117,"BajraBhakri",2025-02-21-67b8356114dfe.png,"Maharashtra Darbar House Of Biryani"
6118,"Tandoori Roti",2025-02-21-67b835aee93e6.png,"Maharashtra Darbar House Of Biryani"
6119,"Butter Tandoori Roti",2025-02-21-67b835e91e6da.png,"Maharashtra Darbar House Of Biryani"
6120,"Plain Naan",2025-02-21-67b8361de1545.png,"Maharashtra Darbar House Of Biryani"
6121,"Hong Kong Fried Rice",2025-02-21-67b8362ef305d.png,"Hotel Razzle"
6122,"Butter Naan",2025-02-21-67b83641024b1.png,"Maharashtra Darbar House Of Biryani"
6123,"Kulcha",2025-02-21-67b83675a2ff0.png,"Maharashtra Darbar House Of Biryani"
6124,"Butter Kulcha",2025-02-21-67b836951867c.png,"Maharashtra Darbar House Of Biryani"
6125,"Cheese Garlic Naan",2025-02-21-67b836cb25fe1.png,"Maharashtra Darbar House Of Biryani"
6126,"Veg Hakka Noodles",2025-02-21-67b836d285b13.png,"Hotel Razzle"
6127,"Butter Garlic Naan",2025-02-21-67b83719afcdb.png,"Maharashtra Darbar House Of Biryani"
6128,"Veg Sezwan Noodlse",2025-02-21-67b83764ca3a6.png,"Hotel Razzle"
6129,"Gulab Jamun",2025-02-21-67b83815c87c4.png,"Maharashtra Darbar House Of Biryani"
6130,"Classic Paneer Tikka",2025-02-21-67b8385aa8d03.png,"Hotel Razzle"
6131,"Caramel Custard (Pudding)",2025-02-21-67b838b78eb59.png,"Maharashtra Darbar House Of Biryani"
6132,"Kulhad Rabdi",2025-02-21-67b8399c5d36e.png,"Maharashtra Darbar House Of Biryani"
6133,"Malai Paneer Tikka",2025-02-21-67b839b054b40.png,"Hotel Razzle"
6134,"Kalimiri Paneer Tikka",2025-02-21-67b83a5640f7f.png,"Hotel Razzle"
6135,"Paneer Achari Tikka",2025-02-21-67b83b232ac23.png,"Hotel Razzle"
6136,"Subz Aur Cheese Ki Seekh",2025-02-21-67b83c26689be.png,"Hotel Razzle"
6137,"Tandoori Babycorn",2025-02-21-67b83d01c645a.png,"Hotel Razzle"
6138,"Tandoori Aloo",2025-02-21-67b83ea988678.png,"Hotel Razzle"
6139,"Tandoori Bharwan Aloo",2025-02-21-67b83e52aa370.png,"Hotel Razzle"
6140,"Tandoori Khajana",2025-02-21-67b83fd906aef.png,"Hotel Razzle"
6141,"Masala Chai",2025-02-21-67b840cef37e9.png,"Hotel Razzle"
6142,"Green Tea",2025-02-21-67b841705fe38.png,"Hotel Razzle"
6143,"Hot Coffee",2025-02-21-67b8424c0b55a.png,"Hotel Razzle"
6144,"Tender Coconut Smoothie",2025-02-21-67b844044b1e5.png,"Hotel Razzle"
6145,"Masala papad",2025-02-21-67b844f2c5984.png,"Maharashtra Darbar House Of Biryani"
6146,"Solkadhi",2025-02-21-67b8451de5ed4.png,"Hotel Razzle"
6147,"Fry Papad",2025-02-21-67b84531a576d.png,"Maharashtra Darbar House Of Biryani"
6148,"Roomali Khakra",2025-02-21-67b84558e56d6.png,"Maharashtra Darbar House Of Biryani"
6149,"Cheese Roomali Khakra",2025-02-21-67b84594c1750.png,"Maharashtra Darbar House Of Biryani"
6150,"Nagli Roast Papad",2025-02-21-67b845c1270ac.png,"Maharashtra Darbar House Of Biryani"
6151,"Boondi Raita",2025-02-21-67b84615cc789.png,"Maharashtra Darbar House Of Biryani"
6152,"Green Salad",2025-02-21-67b8466f5ab80.png,"Maharashtra Darbar House Of Biryani"
6153,"Butter Milk",2025-02-21-67b84677557f9.png,"Hotel Razzle"
6154,"Masala Butter Milk",2025-02-21-67b8473a16208.png,"Hotel Razzle"
6155,"Dahi Raita (Kachumber)",2025-02-21-67b847407860a.png,"Maharashtra Darbar House Of Biryani"
6156,"Paneer Masala",2025-02-21-67b847b04ec31.png,"Maharashtra Darbar House Of Biryani"
6157,"Paneer Butter Masala",2025-02-21-67b847e74f808.png,"Maharashtra Darbar House Of Biryani"
6158,"Pappe Di Lassi (Sweet)",2025-02-21-67b84870274a5.png,"Hotel Razzle"
6159,"Pappe Di Lassi (Salt)",2025-02-21-67b8492240d00.png,"Hotel Razzle"
6160,"Shev Bhaji (Red Masala)",2025-02-21-67b8492607cb1.png,"Maharashtra Darbar House Of Biryani"
6161,"Shev Bhaji (Black Masala)",2025-02-21-67b849af9ec49.png,"Maharashtra Darbar House Of Biryani"
6162,"Dal Fry",2025-02-21-67b849fa20b6b.png,"Maharashtra Darbar House Of Biryani"
6163,"Dal Tadka",2025-02-21-67b84a49c8e3c.png,"Maharashtra Darbar House Of Biryani"
6165,"Mango Lassi",2025-02-21-67b84addbd984.png,"Hotel Razzle"
6166,"Paneer Tikka Masala",2025-02-21-67b84ae76e08a.png,"Maharashtra Darbar House Of Biryani"
6167,"Paneer Kolhapuri",2025-02-21-67b84b2dbfd9b.png,"Maharashtra Darbar House Of Biryani"
6169,"Dry Fruit Lassi",2025-02-21-67b84ba48e676.png,"Hotel Razzle"
6170,"Kesar Lassi",2025-02-21-67b84c788e933.png,"Hotel Razzle"
6171,"Mosambi Juice",2025-02-21-67b84d262ea37.png,"Hotel Razzle"
6172,"Pineapple Juice",2025-02-21-67b84d9374f4e.png,"Hotel Razzle"
6173,"Kiwi Juice",2025-02-21-67b84e202fa0d.png,"Hotel Razzle"
6174,"Cold Coffee",2025-02-21-67b84fa8052fa.png,"Hotel Razzle"
6175,"Fresh Garden Salad",2025-02-21-67b85111b02ef.png,"Hotel Razzle"
6176,"Caesar Salad",2025-02-21-67b851c769a9d.png,"Hotel Razzle"
6177,"Russian Salad",2025-02-21-67b8527842338.png,"Hotel Razzle"
6178,"Mix Veg Raita",2025-02-21-67b85357e4dba.png,"Hotel Razzle"
6179,"Apple Mint Raita",2025-02-21-67b8545696540.png,"Hotel Razzle"
6180,"Anar Dana Raita",2025-02-21-67b8550750cd6.png,"Hotel Razzle"
6181,"Pineapple Raita",2025-02-21-67b8566054a46.png,"Hotel Razzle"
6182,"Boondi Raita",2025-02-21-67b857145daf9.png,"Hotel Razzle"
6183,"Masala Papad",2025-02-21-67b858400f65a.png,"Hotel Razzle"
6186,"Masala Rumali Khakra",2025-02-21-67b859a98c8f4.png,"Hotel Razzle"
6188,"Mushroom Paneer Masala",2025-02-21-67b859e50e023.png,"Maharashtra Darbar House Of Biryani"
6189,"Cheese Rumali Khakra",2025-02-21-67b85a070142c.png,"Hotel Razzle"
6190,"Kaju Masala",2025-02-21-67b85a19557ed.png,"Maharashtra Darbar House Of Biryani"
6194,"Shahi Paneer",2025-02-21-67b85b2d95cba.png,"Maharashtra Darbar House Of Biryani"
6195,"Egg Omlette",2025-02-21-67b85b3d9d132.png,"Hotel Razzle"
6196,"Veg Diwani Handi",2025-02-21-67b85b755f550.png,"Maharashtra Darbar House Of Biryani"
6197,"Malai Kofta",2025-02-21-67b85bc2aa623.png,"Maharashtra Darbar House Of Biryani"
6198,"Veg Patiyala",2025-02-21-67b85c00edf81.png,"Maharashtra Darbar House Of Biryani"
6199,"Veg Maratha",2025-02-21-67b85c2853f34.png,"Maharashtra Darbar House Of Biryani"
6200,"Scrambled Egg",2025-02-21-67b85c34e202d.png,"Hotel Razzle"
6202,"Soya Chaap Masala",2025-02-21-67b85ca3e1974.png,"Maharashtra Darbar House Of Biryani"
6203,"Egg Bhurji",2025-02-21-67b85d516071e.png,"Hotel Razzle"
6205,"Egg Curry",2025-02-21-67b85da90e509.png,"Hotel Razzle"
6206,"Special Veg Sham Savera",2025-02-21-67b85de583adc.png,"Maharashtra Darbar House Of Biryani"
6207,"Egg Curry",2025-02-21-67b85e4a9b875.png,"Maharashtra Darbar House Of Biryani"
6208,"Egg Masala",2025-02-21-67b85e88cbfd2.png,"Hotel Razzle"
6209,"Egg Korma Masala",2025-02-21-67b85effd3119.png,"Maharashtra Darbar House Of Biryani"
6210,"Chicken Manchow Soup",2025-02-21-67b85f4cbd8d5.png,"Hotel Razzle"
6211,"Cream Of Chicken Soup",2025-02-21-67b85fc75cca0.png,"Hotel Razzle"
6212,"Egg Bhurji",2025-02-21-67b8600463190.png,"Maharashtra Darbar House Of Biryani"
6213,"Boiled Egg [2 Eggs]",2025-02-21-67b860378df40.png,"Maharashtra Darbar House Of Biryani"
6214,"Egg Omlet",2025-02-21-67b86064f3411.png,"Maharashtra Darbar House Of Biryani"
6215,"Chicken Hot & Sour Soup",2025-02-21-67b8607526466.png,"Hotel Razzle"
6216,"Egg Chilli",2025-02-21-67b8609ac1605.png,"Maharashtra Darbar House Of Biryani"
6217,"Chef Special Soup Non Veg",2025-02-21-67b8614e5774e.png,"Hotel Razzle"
6218,"Surmai Curry",2025-02-21-67b86180df70f.png,"Maharashtra Darbar House Of Biryani"
6219,"Prawns Biryani",2025-02-21-67b861ea7bcd2.png,"Hotel Razzle"
6220,"Prawns Curry",2025-02-21-67b862b7e2331.png,"Maharashtra Darbar House Of Biryani"
6221,"Mutton Shahi Dum Biryani",2025-02-21-67b8631b4c044.png,"Hotel Razzle"
6222,"Mutton Dum Biryani",2025-02-21-67b8636d3c245.png,"Maharashtra Darbar House Of Biryani"
6223,"Chiken Shahi Biryani",2025-02-21-67b863889ea17.png,"Hotel Razzle"
6224,"Chicken Dum Biryani",2025-02-21-67b8644e4e351.png,"Maharashtra Darbar House Of Biryani"
6225,"Chicken Tikka Biryani",2025-02-21-67b8645a1102c.png,"Hotel Razzle"
6227,"Chicken Boneless Tikka Biryani",2025-02-21-67b864ff74ee9.png,"Maharashtra Darbar House Of Biryani"
6229,"Chicken Tangdi Biryani",2025-02-21-67b8657fdd859.png,"Maharashtra Darbar House Of Biryani"
6230,"Prowns Dum Biryani",2025-02-21-67b8661090419.png,"Maharashtra Darbar House Of Biryani"
6231,"Egg Dum Biryani",2025-02-21-67b86690eb6f3.png,"Maharashtra Darbar House Of Biryani"
6232,"Veg Dum Biryani",2025-02-21-67b86708ec403.png,"Maharashtra Darbar House Of Biryani"
6233,"Non Veg Plater",2025-02-21-67b86af015076.png,"Hotel Razzle"
6234,"Paneer Tikka Biryani",2025-02-21-67b867968bf05.png,"Maharashtra Darbar House Of Biryani"
6235,"Tandoori Prawns",2025-02-21-67b867ebc539d.png,"Hotel Razzle"
6236,"Mutton Ukad Soup with Piece",2025-02-21-67b8680ba05c5.png,"Maharashtra Darbar House Of Biryani"
6237,"Fish Lasooni Tikka",2025-02-21-67b868650f8c3.png,"Hotel Razzle"
6238,"Plain Mutton Ukad Soup without Piece",2025-02-21-67b8688043343.png,"Maharashtra Darbar House Of Biryani"
6239,"Mutton Paya Soup with Piece",2025-02-21-67b8691182bcf.png,"Maharashtra Darbar House Of Biryani"
6240,"Fish Tikka",2025-02-21-67b869332fb02.png,"Hotel Razzle"
6241,"Mutton Paya Soup without Piece",2025-02-21-67b8699db803d.png,"Maharashtra Darbar House Of Biryani"
6242,"Chicken Ukad Soup with Piece",2025-02-21-67b86ab7c81a2.png,"Maharashtra Darbar House Of Biryani"
6243,"Chicken Plain Ukad Soup without Piece",2025-02-21-67b86b60c82dd.png,"Maharashtra Darbar House Of Biryani"
6244,"Chicken Manchow Soup",2025-02-21-67b86bd9bd114.png,"Maharashtra Darbar House Of Biryani"
6245,"Veg Manchow Soup",2025-02-21-67b86c1e1484a.png,"Maharashtra Darbar House Of Biryani"
6246,"Tomato Soup",2025-02-21-67b86c51d19c7.png,"Maharashtra Darbar House Of Biryani"
6247,"Mutton Seekh Kabab",2025-02-21-67b86cb157560.png,"Maharashtra Darbar House Of Biryani"
6248,"Tandoori Chicken Tikka",2025-02-21-67b86cfb27fc7.png,"Hotel Razzle"
6249,"Mutton Tanddor Boti Kabab",2025-02-21-67b86d9a6eb7d.png,"Maharashtra Darbar House Of Biryani"
6250,"Mutton Sukka Latpat",2025-02-21-67b86e332ace5.png,"Maharashtra Darbar House Of Biryani"
6251,"Achari Chicken Tikka",2025-02-21-67b86e5b268c9.png,"Hotel Razzle"
6253,"Tandoori Chicken",2025-02-21-67b86efbad690.png,"Hotel Razzle"
6254,"Mutton Kaleji Fry",2025-02-21-67b86f6b89298.png,"Maharashtra Darbar House Of Biryani"
6255,"Chicken Reshmi Kabab",2025-02-21-67b86f9792eb0.png,"Hotel Razzle"
6257,"Chicken Pahadi Kabab",2025-02-21-67b870f4d6477.png,"Hotel Razzle"
6258,"Chicken Rossali Tikka",2025-02-21-67b872144236e.png,"Hotel Razzle"
6259,"Chicken Rossali Tikka",2025-02-22-67b94db78853a.png,"Hotel Razzle"
6260,"Chicken Peshwari",2025-02-22-67b9505690dc4.png,"Hotel Razzle"
6261,"Kadhai Chicken",2025-02-22-67b950ae2902e.png,"Hotel Razzle"
6262,"Chicken Tikka Masala",2025-02-22-67b951481f32a.png,"Hotel Razzle"
6263,"Chicken Handi",2025-02-22-67b9523782c62.png,"Hotel Razzle"
6264,"Chicken Lababdar",2025-02-22-67b952a0a7079.png,"Hotel Razzle"
6265,"Chicken Mussllam",2025-02-22-67b9532bc93dc.png,"Hotel Razzle"
6266,"Mutton Bhoona",2025-02-22-67b953831b21f.png,"Hotel Razzle"
6267,"Mutton Curry",2025-02-22-67b953d94a0f3.png,"Hotel Razzle"
6268,"Mutton Handi",2025-02-22-67b954561f5f9.png,"Hotel Razzle"
6269,"Fish Curry",2025-02-22-67b954be8f767.png,"Hotel Razzle"
6270,"Idli Sambar",2025-02-22-67b9557680d70.png,"Udupi Tadka The Marion"
6271,"Fried Idli",2025-02-22-67b956137b78a.png,"Udupi Tadka The Marion"
6272,"Dahi Idli",2025-02-22-67b956c81d215.png,"Udupi Tadka The Marion"
6273,"Medu Vada Sambar",2025-02-22-67b9572b6a551.png,"Udupi Tadka The Marion"
6274,"Dahi Vada",2025-02-22-67b958bb9e5eb.png,"Udupi Tadka The Marion"
6275,"Batata Vada",2025-02-22-67b95b99f3d3a.png,"Udupi Tadka The Marion"
6276,"Sabudana Wada",2025-02-22-67b95c0acebc1.png,"Udupi Tadka The Marion"
6277,"Sabudana Khichadi",2025-02-22-67b95c9547981.png,"Udupi Tadka The Marion"
6278,"Upma",2025-02-22-67b95d02dcd3a.png,"Udupi Tadka The Marion"
6279,"Pineapple Sheera",2025-02-22-67b95d7675897.png,"Udupi Tadka The Marion"
6280,"Plain Dosa",2025-02-22-67b95e1f9f690.png,"Udupi Tadka The Marion"
6281,"Masala Dosa",2025-02-22-67b95eb021ea0.png,"Udupi Tadka The Marion"
6282,"Mysore Sada Dosa",2025-02-22-67b95f1039458.png,"Udupi Tadka The Marion"
6283,"Mysore Masala Dosa",2025-02-22-67b95f7e7e698.png,"Udupi Tadka The Marion"
6284,"Paneer Dosa",2025-02-22-67b960b9913fd.png,"Udupi Tadka The Marion"
6285,"Spring Dosa",2025-02-22-67b961a70b760.png,"Udupi Tadka The Marion"
6286,"Schezwan Dosa",2025-02-22-67b962300166e.png,"Udupi Tadka The Marion"
6287,"Schezwan Masala Dosa",2025-02-22-67b962aa8953d.png,"Udupi Tadka The Marion"
6288,"Onion Rawa Dosa",2025-02-22-67b963f3b7243.png,"Udupi Tadka The Marion"
6289,"Mutton Chilli",2025-02-22-67b96436c969a.png,"Maharashtra Darbar House Of Biryani"
6290,"Onion Rawa Masala Dosa",2025-02-22-67b96463a9ef4.png,"Udupi Tadka The Marion"
6291,"Rawa Dosa",2025-02-22-67b964c1af0b4.png,"Udupi Tadka The Marion"
6292,"Mutton Bhuna Dry",2025-02-22-67b9653850f05.png,"Maharashtra Darbar House Of Biryani"
6293,"Paper Dosa",2025-02-22-67b9653ca8d83.png,"Udupi Tadka The Marion"
6294,"Paper Masala Dosa",2025-02-22-67b965acefb5c.png,"Udupi Tadka The Marion"
6295,"Cheese Dosa",2025-02-22-67b9662004c52.png,"Udupi Tadka The Marion"
6296,"Chicken Sukka Latpat",2025-02-22-67b9663ea1ed1.png,"Maharashtra Darbar House Of Biryani"
6298,"Cheese Masala Dosa",2025-02-22-67b9671c3b8cd.png,"Udupi Tadka The Marion"
6299,"Chicken Tandoor",2025-02-22-67b9677547b9e.png,"Maharashtra Darbar House Of Biryani"
6300,"Uttappam",2025-02-22-67b968a2bb901.png,"Udupi Tadka The Marion"
6301,"Tomato Onion Uttappam",2025-02-22-67b9685e5b06d.png,"Udupi Tadka The Marion"
6302,"Chicken Tiranga Kabab",2025-02-22-67b968963194f.png,"Maharashtra Darbar House Of Biryani"
6303,"Masala Uttappam",2025-02-22-67b9690b548fc.png,"Udupi Tadka The Marion"
6304,"Cheese Uttappam",2025-02-22-67b96959c82e4.png,"Udupi Tadka The Marion"
6305,"Special Chicken Lasuni Boti",2025-02-22-67b969a80e695.png,"Maharashtra Darbar House Of Biryani"
6306,"Paneer Uttappam",2025-02-22-67b969e2dbcf5.png,"Udupi Tadka The Marion"
6307,"Chicken Schezwan Lollypop",2025-02-22-67b96a7acca3e.png,"Maharashtra Darbar House Of Biryani"
6308,"Tomato Omelette",2025-02-22-67b96a88c3581.png,"Udupi Tadka The Marion"
6309,"Chicken Roast",2025-02-22-67b96b10f083c.png,"Maharashtra Darbar House Of Biryani"
6311,"Lassi With Ice Cream",2025-02-22-67b96cd501cad.png,"Udupi Tadka The Marion"
6312,"Chicken Manchurian Dry",2025-02-22-67b96d3538af5.png,"Maharashtra Darbar House Of Biryani"
6313,"Mango Lassi With Ice Cream",2025-02-22-67b96d95b947d.png,"Udupi Tadka The Marion"
6314,"Pineapple Juice",2025-02-22-67b96e46bc078.png,"Udupi Tadka The Marion"
6315,"Cold Coffee",2025-02-22-67b96f2fb730b.png,"Udupi Tadka The Marion"
6316,"Cold Coffee With Ice Cream",2025-02-22-67b96ff3dd914.png,"Udupi Tadka The Marion"
6317,"Chicken Lasooni Lollypop",2025-02-22-67b9703953d78.png,"Maharashtra Darbar House Of Biryani"
6318,"Lassi",2025-02-22-67b9705cebfe6.png,"Udupi Tadka The Marion"
6319,"Mango Lassi",2025-02-22-67b970cca9c51.png,"Udupi Tadka The Marion"
6320,"Mango Milk Shake",2025-02-22-67b971d43e281.png,"Udupi Tadka The Marion"
6321,"Chicken Bhuna Dry",2025-02-22-67b9722741bb9.png,"Maharashtra Darbar House Of Biryani"
6322,"Mango Milk Shake with Ice Cream",2025-02-22-67b972277d66b.png,"Udupi Tadka The Marion"
6323,"Md Special Chicken Butter Garlic Tandoor",2025-02-22-67b972e9d4966.png,"Maharashtra Darbar House Of Biryani"
6324,"Strawberry Milk Shake",2025-02-22-67b9732ed2c96.png,"Udupi Tadka The Marion"
6325,"Chicken Tangdi Kabab",2025-02-22-67b973739ea57.png,"Maharashtra Darbar House Of Biryani"
6326,"Strawberry Milk Shake with Ice Cream",2025-02-22-67b9738b1a45d.png,"Udupi Tadka The Marion"
6327,"Vanila Milk Shake",2025-02-22-67b973d5e4641.png,"Udupi Tadka The Marion"
6328,"Chicken Lollypop",2025-02-22-67b973d688e94.png,"Maharashtra Darbar House Of Biryani"
6329,"Chicken 65",2025-02-22-67b9740bc30dc.png,"Maharashtra Darbar House Of Biryani"
6330,"Chicken Crispy",2025-02-22-67b9743dc5602.png,"Maharashtra Darbar House Of Biryani"
6331,"Chicken Chilli",2025-02-22-67b974747f1f6.png,"Maharashtra Darbar House Of Biryani"
6332,"Vanila Milk Shake With Ice Cream",2025-02-22-67b974a7cf096.png,"Udupi Tadka The Marion"
6333,"Chicken Tikka",2025-02-22-67b974ceb3ea1.png,"Maharashtra Darbar House Of Biryani"
6334,"Malai Chicken Tikka",2025-02-22-67b9754b6690f.png,"Maharashtra Darbar House Of Biryani"
6335,"Choclate Milk Shake With Ice Cream",2025-02-22-67b9757d11419.png,"Udupi Tadka The Marion"
6336,"Chicken Pahadi Kabab",2025-02-22-67b975a4bbe85.png,"Maharashtra Darbar House Of Biryani"
6337,"Chicken Banjara Kabab",2025-02-22-67b975c8999f0.png,"Maharashtra Darbar House Of Biryani"
6338,"Chicken Seekh Kabab",2025-02-22-67b975fadc6c2.png,"Maharashtra Darbar House Of Biryani"
6339,"Gavran Chicken Sukka",2025-02-22-67b9769fa7cbb.png,"Maharashtra Darbar House Of Biryani"
6340,"Veg Raita",2025-02-22-67b976b019d7b.png,"Udupi Tadka The Marion"
6341,"Boondi Raita",2025-02-22-67b976f7065e4.png,"Udupi Tadka The Marion"
6342,"Steam Rice",2025-02-22-67b9778a4297e.png,"Udupi Tadka The Marion"
6343,"Jeera Rice",2025-02-22-67b977f55b38d.png,"Udupi Tadka The Marion"
6344,"Masala Rice",2025-02-22-67b97881734ab.png,"Udupi Tadka The Marion"
6345,"Gavran Chicken Bhuna Dry",2025-02-22-67b978cb2d1e7.png,"Maharashtra Darbar House Of Biryani"
6346,"Curd Rice",2025-02-22-67b978cd63507.png,"Udupi Tadka The Marion"
6347,"Dal Khichadi",2025-02-22-67b9792a22930.png,"Udupi Tadka The Marion"
6348,"Paneer Chilly Dry",2025-02-22-67b979806a8bc.png,"Maharashtra Darbar House Of Biryani"
6349,"Paneer Manchurian",2025-02-22-67b979c00f722.png,"Maharashtra Darbar House Of Biryani"
6350,"Butter Dal khichadi",2025-02-22-67b979eb30c8d.png,"Udupi Tadka The Marion"
6351,"Finger Chips",2025-02-22-67b97a0da92bc.png,"Maharashtra Darbar House Of Biryani"
6352,"Veg Manchurian Dry",2025-02-22-67b97a30ab858.png,"Maharashtra Darbar House Of Biryani"
6353,"Veg Pulao",2025-02-22-67b97a4c167ff.png,"Udupi Tadka The Marion"
6354,"Soyabean Chilly",2025-02-22-67b97a63f2bab.png,"Maharashtra Darbar House Of Biryani"
6355,"Veg Biryani",2025-02-22-67b97aa4891f7.png,"Udupi Tadka The Marion"
6356,"Paneer Tikka Biryani",2025-02-22-67b97b3a1798b.png,"Udupi Tadka The Marion"
6357,"Veg Crispy",2025-02-22-67b97b3a4b312.png,"Maharashtra Darbar House Of Biryani"
6358,"Paneer 65",2025-02-22-67b97b68598c6.png,"Maharashtra Darbar House Of Biryani"
6359,"Mushroom Tikka Biryani",2025-02-22-67b97ba422f2d.png,"Udupi Tadka The Marion"
6360,"Gulab Jamun",2025-02-22-67b97c483c2d5.png,"Udupi Tadka The Marion"
6361,"Soya Chaap Tikka",2025-02-22-67b97c4cd5b55.png,"Maharashtra Darbar House Of Biryani"
6362,"Vanila With Hot Gulab Jamun",2025-02-22-67b97ccfdde79.png,"Udupi Tadka The Marion"
6363,"Rabdi",2025-02-22-67b97d87d38c6.png,"Udupi Tadka The Marion"
6364,"Paneer Tandoor Malai Tikka Kabab",2025-02-22-67b97d99dc3d2.png,"Maharashtra Darbar House Of Biryani"
6365,"Amrakhand",2025-02-22-67b97dea612bd.png,"Udupi Tadka The Marion"
6366,"Paneer Banjara Tikka",2025-02-22-67b97dfa1d198.png,"Maharashtra Darbar House Of Biryani"
6367,"Kharvas",2025-02-22-67b97e590dd5c.png,"Udupi Tadka The Marion"
6368,"Paneer Pahadi Tikka",2025-02-22-67b97eb54a79d.png,"Maharashtra Darbar House Of Biryani"
6369,"Mushroom Chilly",2025-02-22-67b97ee0350d1.png,"Maharashtra Darbar House Of Biryani"
6370,"Bread Butter Jam",2025-02-22-67b97f3b7a7c3.png,"Udupi Tadka The Marion"
6371,"Kala Masala Mutton Handi",2025-02-22-67b97f5f5dd9d.png,"Maharashtra Darbar House Of Biryani"
6372,"Veg Sandwich",2025-02-22-67b97f9fee04b.png,"Udupi Tadka The Marion"
6373,"Mosambi Juice",2025-02-22-67b98093a27ab.png,"Udupi Tadka The Marion"
6374,"Watermelon Juice",2025-02-22-67b980eb124fc.png,"Udupi Tadka The Marion"
6375,"Veg Cheese Sandwich",2025-02-22-67b981610ff23.png,"Udupi Tadka The Marion"
6376,"Veg Cheese Grilled Sandwich",2025-02-22-67b981e670eaf.png,"Udupi Tadka The Marion"
6377,"Green Salad",2025-02-22-67b9824b17969.png,"Udupi Tadka The Marion"
6378,"Tossed Salad",2025-02-22-67b982a97381b.png,"Udupi Tadka The Marion"
6379,"Almond Soup",2025-02-22-67b989ec5d05d.png,"Udupi Tadka The Marion"
6380,"Tomato Basil Soup",2025-02-22-67b98a4b00240.png,"Udupi Tadka The Marion"
6381,"Spinach Soup",2025-02-22-67b98b365356e.png,"Udupi Tadka The Marion"
6382,"Cream Of Veg Soup",2025-02-22-67b98b9cad1b1.png,"Udupi Tadka The Marion"
6383,"Veg Manchow Soup",2025-02-22-67b98bfc0e268.png,"Udupi Tadka The Marion"
6384,"Tom Yum Soup",2025-02-22-67b98c8edcde9.png,"Udupi Tadka The Marion"
6385,"Mushroom Cappuccino Soup",2025-02-22-67b98cef02b98.png,"Udupi Tadka The Marion"
6386,"Broccoli Soup",2025-02-22-67b98d4cdb454.png,"Udupi Tadka The Marion"
6387,"Rumali Khakhra",2025-02-22-67b98e90d7a8e.png,"Udupi Tadka The Marion"
6388,"Cheese Rumali Khakra",2025-02-22-67b98f8bcda9c.png,"Udupi Tadka The Marion"
6389,"Veg Seekh Kabab",2025-02-22-67b99051554ff.png,"Udupi Tadka The Marion"
6390,"Hara Bhara Kabab",2025-02-22-67b990cb3a617.png,"Udupi Tadka The Marion"
6391,"Aloo Nazakat",2025-02-22-67b9916c669bd.png,"Udupi Tadka The Marion"
6392,"Cheese Chilly Kabab",2025-02-22-67b991d367288.png,"Udupi Tadka The Marion"
6393,"Mushroom Tikka",2025-02-22-67b992448de52.png,"Udupi Tadka The Marion"
6394,"Tandoori Baby Corn",2025-02-22-67b992e05a637.png,"Udupi Tadka The Marion"
6395,"Paneer Tikka",2025-02-22-67b993585cdc3.png,"Udupi Tadka The Marion"
6396,"Paneer Cheese Garlic Tikka",2025-02-22-67b9947cafb85.png,"Udupi Tadka The Marion"
6397,"Tandoori Platter",2025-02-22-67b995dc0262a.png,"Udupi Tadka The Marion"
6398,"Veg Spring Roll",2025-02-22-67b9967bb4f69.png,"Udupi Tadka The Marion"
6399,"Veg Manchurian Dry",2025-02-22-67b996d07c577.png,"Udupi Tadka The Marion"
6400,"Baby Corn Chilly",2025-02-22-67b9975496761.png,"Udupi Tadka The Marion"
6401,"Tiramisu",2025-02-22-67b9976b1463f.png,"Delighto The Cheesecake House By Sakshee"
6402,"Veg 65",2025-02-22-67b9979fa765c.png,"Udupi Tadka The Marion"
6403,"Mushroom Manchurian",2025-02-22-67b99832dcd8f.png,"Udupi Tadka The Marion"
6404,"Soyabean Chilly",2025-02-22-67b998bbc8b2c.png,"Udupi Tadka The Marion"
6405,"Picasso Potato",2025-02-22-67b9995ba490e.png,"Udupi Tadka The Marion"
6406,"Veg Chilly",2025-02-22-67b999fad5062.png,"Udupi Tadka The Marion"
6407,"Veg Cutlet Chilly",2025-02-22-67b99a976973e.png,"Udupi Tadka The Marion"
6408,"Veg Lolly Pop",2025-02-22-67b99aff9f010.png,"Udupi Tadka The Marion"
6409,"Paneer Manchurian",2025-02-22-67b99b81aa55b.png,"Udupi Tadka The Marion"
6410,"Paneer Korean",2025-02-22-67b99c12324ce.png,"Udupi Tadka The Marion"
6411,"Chinese Platter",2025-02-22-67b99ca478222.png,"Udupi Tadka The Marion"
6412,"Veg Fried Rice",2025-02-22-67b99d3444746.png,"Udupi Tadka The Marion"
6413,"Veg Schezwan Fried Rice",2025-02-22-67b99db7f12cf.png,"Udupi Tadka The Marion"
6414,"Veg Hakka Noodles",2025-02-22-67b99e0ed9c29.png,"Udupi Tadka The Marion"
6415,"Tripple Schezwan Rice",2025-02-22-67b99ecd61754.png,"Udupi Tadka The Marion"
6416,"Singapuri Noodles",2025-02-22-67b99f2fdf04c.png,"Udupi Tadka The Marion"
6417,"Singapuri Rice",2025-02-22-67b99f971207c.png,"Udupi Tadka The Marion"
6418,"Hong Kong Noodles",2025-02-22-67b9a01b10f4e.png,"Udupi Tadka The Marion"
6419,"Hong Kong Rice",2025-02-22-67b9a064a69cc.png,"Udupi Tadka The Marion"
6420,"Burnt Garlic Rice with Mushroom",2025-02-22-67b9a0d20cd5e.png,"Udupi Tadka The Marion"
6421,"Burnt Garlic Noodle With Mushroom",2025-02-22-67b9a139ad67a.png,"Udupi Tadka The Marion"
6422,"Bell Pepper Noodlse",2025-02-22-67b9a1fb4dfde.png,"Udupi Tadka The Marion"
6423,"Spicy Paneer Chilly Garlic Soup",2025-02-22-67b9a26473a9e.png,"Udupi Tadka The Marion"
6425,"Paneer Chilly Gravy",2025-02-22-67b9a356278f4.png,"Udupi Tadka The Marion"
6426,"Veg Manchurian Gravy",2025-02-22-67b9a423df31a.png,"Udupi Tadka The Marion"
6427,"Paper Corn Rice",2025-02-22-67b9a47a5d1c3.png,"Udupi Tadka The Marion"
6428,"Aloo Mutter",2025-02-22-67b9a4d8675cc.png,"Udupi Tadka The Marion"
6429,"Aloo Gobi",2025-02-22-67b9a5378a7ee.png,"Udupi Tadka The Marion"
6430,"Aloo Palak",2025-02-22-67b9a5a836d43.png,"Udupi Tadka The Marion"
6431,"Chole Masala",2025-02-22-67b9a60103b29.png,"Udupi Tadka The Marion"
6432,"Dum Aloo Punjabi",2025-02-22-67b9a6bdafe17.png,"Udupi Tadka The Marion"
6433,"Lasuni Palak",2025-02-22-67b9a71e82858.png,"Udupi Tadka The Marion"
6434,"Mix Veg",2025-02-22-67b9a76e9e5e0.png,"Udupi Tadka The Marion"
6435,"Stuff Tomato",2025-02-22-67b9a872344fc.png,"Udupi Tadka The Marion"
6436,"Stuff Shimla",2025-02-22-67b9a8c1a761c.png,"Udupi Tadka The Marion"
6437,"Pahadi Kofta",2025-02-22-67b9ab164f213.png,"Udupi Tadka The Marion"
6438,"Paneer Masala",2025-02-22-67b9aba87225c.png,"Udupi Tadka The Marion"
6439,"Kaju Curry Red Gravy",2025-02-22-67b9ac0292550.png,"Udupi Tadka The Marion"
6440,"Kaju Curry White Gravy",2025-02-22-67b9ac545d2e2.png,"Udupi Tadka The Marion"
6442,"Kaju Paneer",2025-02-22-67b9ac9c5144d.png,"Udupi Tadka The Marion"
6443,"Mushroom Mirch Masala",2025-02-22-67b9acfe52046.png,"Udupi Tadka The Marion"
6444,"Malai Kofta",2025-02-22-67b9ad442a9ad.png,"Udupi Tadka The Marion"
6445,"Angara Paneer",2025-02-22-67b9adc1a41c6.png,"Udupi Tadka The Marion"
6446,"Paneer Tikka Lababdar",2025-02-22-67b9ae3e82f65.png,"Udupi Tadka The Marion"
6447,"Paneer Toofani",2025-02-22-67b9ae89835b5.png,"Udupi Tadka The Marion"
6448,"Mushroom Angara",2025-02-22-67b9af1dbc036.png,"Udupi Tadka The Marion"
6449,"Roti",2025-02-22-67b9b0500d6d3.png,"Udupi Tadka The Marion"
6450,"Chapati",2025-02-22-67b9b09822f67.png,"Udupi Tadka The Marion"
6451,"Naan",2025-02-22-67b9b1c735983.png,"Udupi Tadka The Marion"
6452,"Garlic Naan",2025-02-22-67b9b22bb83bc.png,"Udupi Tadka The Marion"
6453,"Cheese Garlic Naan",2025-02-22-67b9b27dc0254.png,"Udupi Tadka The Marion"
6454,"Kulcha",2025-02-22-67b9b2c48eb94.png,"Udupi Tadka The Marion"
6455,"Paratha",2025-02-22-67b9b319c3f31.png,"Udupi Tadka The Marion"
6456,"Paneer Paratha",2025-02-22-67b9b3861dfde.png,"Udupi Tadka The Marion"
6457,"Stuck Kulcha",2025-02-22-67b9b3e9eac90.png,"Udupi Tadka The Marion"
6458,"Aloo Paratha",2025-02-22-67b9b4411fd43.png,"Udupi Tadka The Marion"
6459,"Palak Roti",2025-02-22-67b9b49982877.png,"Udupi Tadka The Marion"
6460,"Masala Papad",2025-02-22-67b9b4ee3977c.png,"Udupi Tadka The Marion"
6461,"Sev Bhaji",2025-02-22-67b9b55d3ea2d.png,"Udupi Tadka The Marion"
6462,"Baingan Masala",2025-02-22-67b9b5b15a3ef.png,"Udupi Tadka The Marion"
6463,"Baingan Bharta",2025-02-22-67b9b608b51a8.png,"Udupi Tadka The Marion"
6464,"Bhendi Masala",2025-02-22-67b9b663df2d9.png,"Udupi Tadka The Marion"
6465,"Pithla",2025-02-22-67b9b6c3bd0c0.png,"Udupi Tadka The Marion"
6466,"Bhaji Amti",2025-02-22-67b9b714bb9e8.png,"Udupi Tadka The Marion"
6467,"Veg Maratha",2025-02-22-67b9b769ac3cc.png,"Udupi Tadka The Marion"
6468,"Thecha",2025-02-22-67b9b7b0d8965.png,"Udupi Tadka The Marion"
6469,"Veg Diwani Handi",2025-02-22-67b9b83475e7f.png,"Udupi Tadka The Marion"
6470,"Veg Lahori",2025-02-22-67b9b88628c66.png,"Udupi Tadka The Marion"
6471,"Veg Patiyala",2025-02-22-67b9b8e70caff.png,"Udupi Tadka The Marion"
6476,"Peshawari Kofta Curry",2025-02-22-67b9bb71e31e6.png,"Udupi Tadka The Marion"
6477,"Bhatti Ka Paneer",2025-02-22-67b9bbd7e14c1.png,"Udupi Tadka The Marion"
6479,"Veg Kasturi",2025-02-22-67b9bca0d4a6a.png,"Udupi Tadka The Marion"
6481,"Mutton Korma Handi",2025-02-22-67b9c040a8962.png,"Maharashtra Darbar House Of Biryani"
6482,"Mutton Masala",2025-02-22-67b9c0b24e892.png,"Maharashtra Darbar House Of Biryani"
6483,"Mutton Korma",2025-02-22-67b9c11720b6d.png,"Maharashtra Darbar House Of Biryani"
6484,"Mutton Dal Gosht",2025-02-22-67b9c17cba6ba.png,"Maharashtra Darbar House Of Biryani"
6485,"Mutton Keema Masala",2025-02-22-67b9c1d94a1e0.png,"Maharashtra Darbar House Of Biryani"
6486,"Mutton Rogan Josh",2025-02-22-67b9c2271a5fa.png,"Maharashtra Darbar House Of Biryani"
6487,"Mutton Kadhai",2025-02-22-67b9c2bc17d3a.png,"Maharashtra Darbar House Of Biryani"
6488,"Mutton Adraki",2025-02-22-67b9c36666dd4.png,"Maharashtra Darbar House Of Biryani"
6489,"Mutton Do Pyaza",2025-02-22-67b9c3abbd35c.png,"Maharashtra Darbar House Of Biryani"
6490,"Chicken Handi",2025-02-22-67b9c405811bd.png,"Maharashtra Darbar House Of Biryani"
6491,"Chicken Korma Red Masala Handi",2025-02-22-67b9c4785bff0.png,"Maharashtra Darbar House Of Biryani"
6492,"Chicken Masala Black Gravy",2025-02-22-67b9c505c632f.png,"Maharashtra Darbar House Of Biryani"
6493,"Chicken Korma",2025-02-22-67b9c57567042.png,"Maharashtra Darbar House Of Biryani"
6494,"Butter Chicken",2025-02-22-67b9c5d52451e.png,"Maharashtra Darbar House Of Biryani"
6495,"Chicken Tandoori Masala",2025-02-22-67b9c6eeb383c.png,"Maharashtra Darbar House Of Biryani"
6496,"Chicken Adraki",2025-02-22-67b9c7485d0d0.png,"Maharashtra Darbar House Of Biryani"
6497,"Chicken Patiala",2025-02-22-67b9c7a57f7c3.png,"Maharashtra Darbar House Of Biryani"
6498,"Chicken Kolhapuri",2025-02-22-67b9c7fb930f3.png,"Maharashtra Darbar House Of Biryani"
6499,"Chicken Nizami Masala",2025-02-22-67b9c87a0e497.png,"Maharashtra Darbar House Of Biryani"
6500,"Murgh Musallam",2025-02-22-67b9c8d0d5574.png,"Maharashtra Darbar House Of Biryani"
6502,"Chicken Tikka Masala",2025-02-22-67b9c98ce7078.png,"Maharashtra Darbar House Of Biryani"
6503,"Chicken Angara Masala",2025-02-22-67b9c9fab6041.png,"Maharashtra Darbar House Of Biryani"
6504,"Gavran Chicken Handi",2025-02-22-67b9ca81019c9.png,"Maharashtra Darbar House Of Biryani"
6506,"Gavran Chicken Masala",2025-02-22-67b9ccbc77737.png,"Maharashtra Darbar House Of Biryani"
6507,"Gavran Chicken Korma",2025-02-22-67b9cd3615895.png,"Maharashtra Darbar House Of Biryani"
6513,"Margarita (Plain Cheese Pizza)",2025-02-23-67bab8467122f.png,"Yaahoo Icecream & Snacks"
6514,"Corn Cheese Pizza",2025-02-23-67bab8bef2d4e.png,"Yaahoo Icecream & Snacks"
6515,"Veg Supreme Pizza",2025-02-23-67bab94386055.png,"Yaahoo Icecream & Snacks"
6516,"Tandoori Paneer Pizza",2025-02-23-67bab9a613c44.png,"Yaahoo Icecream & Snacks"
6517,"Peppy Paneer Pizza",2025-02-23-67baba5be5c13.png,"Yaahoo Icecream & Snacks"
6518,"Spicy Schezwan Paneer Pizza",2025-02-23-67babb077c445.png,"Yaahoo Icecream & Snacks"
6519,"White Pasta",2025-02-23-67babcb74e0d9.png,"Yaahoo Icecream & Snacks"
6525,"Simple Aloo Tikki Burger",2025-02-23-67babf3db57cb.png,"Yaahoo Icecream & Snacks"
6526,"Aloo Tikki Burger",2025-02-23-67babf94247a0.png,"Yaahoo Icecream & Snacks"
6527,"Veg Burger",2025-02-23-67babff963a19.png,"Yaahoo Icecream & Snacks"
6528,"Double Patty Burger",2025-02-23-67bac07baeff1.png,"Yaahoo Icecream & Snacks"
6529,"Cheese Grill Sandwich",2025-02-23-67bac0c861246.png,"Yaahoo Icecream & Snacks"
6530,"Corn Cheese Grill Sandwich",2025-02-23-67bac107d5f3f.png,"Yaahoo Icecream & Snacks"
6531,"Tandoori Paneer Corn Grill Sandwich",2025-02-23-67bac16219b71.png,"Yaahoo Icecream & Snacks"
6532,"Cheese Chilli Toast",2025-02-23-67bac1caa341a.png,"Yaahoo Icecream & Snacks"
6533,"American bites",2025-02-23-67bac2793f8f5.png,"Yaahoo Icecream & Snacks"
6534,"Black Current",2025-02-23-67bac341a8b25.png,"Yaahoo Icecream & Snacks"
6535,"Kaju Anjeer",2025-02-23-67bac3ac8b6ad.png,"Yaahoo Icecream & Snacks"
6537,"Paneer Finger",2025-12-17-6942a69150dfc.jpg,"Bhagat Tarachand"
6538,"Paneer Chilly Dry",2025-12-17-6942a6c406edf.jpg,"Bhagat Tarachand"
6539,"Classic Mawa Kulfi",2025-02-23-67bac9e724402.png,"Yaahoo Icecream & Snacks"
6540,"Classic Gulkand Kulfi",2025-02-23-67bacb1944dd4.png,"Yaahoo Icecream & Snacks"
6547,"Butterscotch Gold",2025-02-23-67bae6eac03d6.png,"Yaahoo Icecream & Snacks"
6548,"Cookies N Cream Gold",2025-02-23-67bae80abe6de.png,"Yaahoo Icecream & Snacks"
6549,"Caramel Chocolate Gold",2025-02-23-67bae8dc07e7f.png,"Yaahoo Icecream & Snacks"
6550,"Vanilla Gold",2025-02-23-67bae93e83a65.png,"Yaahoo Icecream & Snacks"
6551,"Shahi Kulfi",2025-02-23-67bae99ede745.png,"Yaahoo Icecream & Snacks"
6552,"Rosted Almond",2025-02-23-67baea3198498.png,"Yaahoo Icecream & Snacks"
6558,"Paneer Garlic",2025-12-16-6940f9d7ed9b3.jpg,"Bhagat Tarachand"
6559,"Paneer Hongkong",2025-12-16-6940f99f037b7.jpg,"Bhagat Tarachand"
6560,"Paneer Crispy",2025-12-16-6940f86cd29a9.jpg,"Bhagat Tarachand"
6561,"Paneer Manchurian",2025-12-16-6940f83ededee.jpg,"Bhagat Tarachand"
6562,"Paneer 65",2025-12-16-6940f7be968ff.jpg,"Bhagat Tarachand"
6563,"Mushroom Chilly",2025-12-16-6940f75b2b5b0.jpg,"Bhagat Tarachand"
6564,"Babycorn Chilly",2025-12-16-6940f730995f4.jpg,"Bhagat Tarachand"
6565,"Veg 65",2025-12-16-6940f705a0766.jpg,"Bhagat Tarachand"
6566,"Veg Crispy",2025-12-16-6940f68b458ba.jpg,"Bhagat Tarachand"
6567,"Veg Manchurian",2025-12-16-6940f644cfe4c.jpg,"Bhagat Tarachand"
6568,"Aloo Chilly",2025-12-16-6940f6128fd17.jpg,"Bhagat Tarachand"
6576,"Hong Kong Fried Rice",2025-12-16-6940f5d101d87.jpg,"Bhagat Tarachand"
6581,"Veg Schezwan Noodles",2025-12-16-6940f592e499c.jpg,"Bhagat Tarachand"
6582,"Paneer Fried Rice",2025-12-04-693170851ffa7.jpg,"Bhagat Tarachand"
6585,"Bangada Fish Bhakari",2025-02-23-67bb05f56c553.png,"Annapurna Malvani Food Center"
6586,"Bangada Fish Thali",2025-02-23-67bb073627195.png,"Annapurna Malvani Food Center"
6587,"Kolambi Fish Bhakari",2025-02-23-67bb09111fd5d.png,"Annapurna Malvani Food Center"
6588,"Kolambi Fish Thali",2025-02-23-67bb0bae815a6.png,"Annapurna Malvani Food Center"
6589,"Poplate Fish Bhakari",2025-02-23-67bb0d58bd1d6.png,"Annapurna Malvani Food Center"
6590,"Poplate Fish Thali",2025-02-23-67bb0e341126b.png,"Annapurna Malvani Food Center"
6592,"Chole Bhature",2025-02-24-67bbf7a97d1ba.png,"Greenfield's Krishna"
6593,"Spicy Chole Bhature",2025-02-24-67bbf84b73d42.png,"Greenfield's Krishna"
6594,"Cheese Chole Bhature",2025-02-24-67bbf939290c2.png,"Greenfield's Krishna"
6595,"Paneer Chole Bhatura",2025-02-24-67bbf9e34acbd.png,"Greenfield's Krishna"
6596,"Tawa Pulao",2025-02-24-67bbfab9677d8.png,"Greenfield's Krishna"
6597,"Spicy Tawa Pulao",2025-02-24-67bbfbc7a1f43.png,"Greenfield's Krishna"
6598,"Cheese Tawa Pulao",2025-02-24-67bbfc778bedb.png,"Greenfield's Krishna"
6599,"Special Tawa Pulao",2025-02-24-67bbfd6ca954d.png,"Greenfield's Krishna"
6600,"Hydrabadi Pulao",2025-02-24-67bbfe0cbc388.png,"Greenfield's Krishna"
6601,"Spicy Tawa Pulao",2025-02-24-67bbfe9dc08df.png,"Greenfield's Krishna"
6602,"Paneer Pulao",2025-02-24-67bbff12a833c.png,"Greenfield's Krishna"
6603,"Cheese Hydrabadi Pulao",2025-02-24-67bc000d441ca.png,"Greenfield's Krishna"
6604,"Spicy Cheese Hydrabadi Pulao",2025-02-24-67bc00bd9ba23.png,"Greenfield's Krishna"
6605,"Curd Rice",2025-02-24-67bc01957dae1.png,"Greenfield's Krishna"
6606,"Onion Pakoda",2025-02-24-67bc086e60400.png,"Greenfield's Krishna"
6607,"Aloo Pakoda",2025-02-24-67bc094fd3d6f.png,"Greenfield's Krishna"
6608,"Mix Pakoda",2025-02-24-67bc0a1fcee7c.png,"Greenfield's Krishna"
6609,"Cheese Pakoda",2025-02-24-67bc0b3450600.png,"Greenfield's Krishna"
6610,"Paneer Pakoda",2025-02-24-67bc0b934061a.png,"Greenfield's Krishna"
6611,"Sabudana Vada",2025-02-24-67bc0c05c7e6e.png,"Greenfield's Krishna"
6612,"Sabudana Khichadi",2025-02-24-67bc0c9729b17.png,"Greenfield's Krishna"
6613,"Freanch Fries",2025-02-24-67bc0cf88e5a2.png,"Greenfield's Krishna"
6615,"Veg Pizza",2025-11-24-692489e5cc5a5.jpeg,"Greenfield's Krishna"
6616,"Cheese Pizza",2025-11-24-69248a3740a1b.jpeg,"Greenfield's Krishna"
6618,"Cheese Pineapple Pizza",2025-11-24-69248a683d9f4.jpeg,"Greenfield's Krishna"
6620,"Mushroom Pizza",2025-11-24-69248ab349651.jpeg,"Greenfield's Krishna"
6621,"Pahadi Pizza",2025-11-24-69248ae6072a9.jpeg,"Greenfield's Krishna"
6622,"Chicken Thali",2025-02-24-67bc12a70920d.png,"Annapurna Malvani Food Center"
6623,"Veg Schezwan Pizza",2025-11-24-69249c9b88578.jpeg,"Greenfield's Krishna"
6624,"Chicken Curry",2025-02-24-67bc132116f4d.png,"Annapurna Malvani Food Center"
6625,"Bake Beans Veg Pizza",2025-11-24-69249cd5ede76.jpeg,"Greenfield's Krishna"
6626,"Chicken Sukka Latpat",2025-02-24-67bc13d5604b0.png,"Annapurna Malvani Food Center"
6627,"Corn Veg Cheese Pizza",2025-11-24-69249d1007b94.jpeg,"Greenfield's Krishna"
6628,"Chinese Pizza",2025-11-24-69249dc3cd369.jpeg,"Greenfield's Krishna"
6629,"Mutton Thali",2025-02-24-67bc15389350d.png,"Annapurna Malvani Food Center"
6630,"Soyabean Veg Schezwan Pizza",2025-02-24-67bc15cad537d.png,"Greenfield's Krishna"
6631,"Pasta In White Cheese Sauce",2025-02-24-67bc166da3cdf.png,"Greenfield's Krishna"
6632,"Mutton Curry",2025-02-24-67bc16dc97fa1.png,"Annapurna Malvani Food Center"
6633,"Pasta In Tomato Tangy Sauce",2025-02-24-67bc16e9d322b.png,"Greenfield's Krishna"
6634,"Mutton Sukka",2025-02-24-67bc178878529.png,"Annapurna Malvani Food Center"
6635,"Veg Burger",2025-02-24-67bc17c9a61c4.png,"Greenfield's Krishna"
6638,"Kolambi Fish Fry ( 5 Pic )",2025-02-24-67bc192827081.png,"Annapurna Malvani Food Center"
6639,"Cheese Burger",2025-02-24-67bc19a3b2fcb.png,"Greenfield's Krishna"
6641,"Veg Cheese Burger",2025-02-24-67bc1a038ded6.png,"Greenfield's Krishna"
6642,"Hot Dog",2025-02-24-67bc1ab27711a.png,"Greenfield's Krishna"
6643,"Veg Cheese Hot Dog",2025-02-24-67bc1b18a9aa6.png,"Greenfield's Krishna"
6644,"Jam Butter Bread",2025-02-24-67bc1bff5be48.png,"Greenfield's Krishna"
6645,"Veg Sandwich",2025-02-24-67bc1d42546e5.png,"Greenfield's Krishna"
6646,"Veg Cheese Sandwich",2025-02-24-67bc1db2caa88.png,"Greenfield's Krishna"
6647,"Grilled Veg Cheese Sandwich",2025-02-24-67bc1e24598b0.png,"Greenfield's Krishna"
6648,"Russian Sandwich",2025-02-24-67bc1ec31f7c5.png,"Greenfield's Krishna"
6650,"Mayonnaise Sandwich",2025-02-24-67bc208a7823c.png,"Greenfield's Krishna"
6651,"Aloo Tikka",2025-02-24-67bc245ec338f.png,"Greenfield's Krishna"
6652,"Veg Seekh Kabab",2025-02-24-67bc251cf3776.png,"Greenfield's Krishna"
6653,"Paneer Tikka",2025-02-24-67bc25993e8c0.png,"Greenfield's Krishna"
6654,"Paneer Pahadi Tikka",2025-02-24-67bc26a56d5a3.png,"Greenfield's Krishna"
6655,"Mushroom Tikka",2025-02-24-67bc2727035bf.png,"Greenfield's Krishna"
6656,"Baby Corn Kabab",2025-02-24-67bc279f48001.png,"Greenfield's Krishna"
6657,"Veg Plater Kabab",2025-02-24-67bc282f5a086.png,"Greenfield's Krishna"
6663,"Green Peas Masala",2025-02-24-67bc2b7dbd438.png,"Greenfield's Krishna"
6664,"Aloo Palak",2025-02-24-67bc2c12d6030.png,"Greenfield's Krishna"
6665,"Aloo Mutter",2025-02-24-67bc2ca737736.png,"Greenfield's Krishna"
6666,"Mix Veg",2025-02-24-67bc2d6d34750.png,"Greenfield's Krishna"
6667,"Shev Bhaji",2025-02-24-67bc2df3d3318.png,"Greenfield's Krishna"
6668,"Roti",2025-02-24-67bc32e0ddc33.png,"Greenfield's Krishna"
6669,"Chapati",2025-02-24-67bc3335cfe69.png,"Greenfield's Krishna"
6670,"Butter Roti",2025-02-24-67bc3449b7a1d.png,"Greenfield's Krishna"
6671,"Butter Chapati",2025-02-24-67bc34db093b3.png,"Greenfield's Krishna"
6672,"Veg Burmese Khow Suey Soup",2025-02-24-67bc34e35e62d.png,"The Second Empire"
6673,"Roasted Bell Pepper and Cheese Soup",2025-02-24-67bc352d97994.png,"The Second Empire"
6674,"Tandoor Paratha",2025-02-24-67bc35516775a.png,"Greenfield's Krishna"
6675,"Broccoli and Roasted Almond Soup",2025-02-24-67bc356aaa08d.png,"The Second Empire"
6676,"Lemongrass and Coriander Soup",2025-02-24-67bc360184bb6.png,"The Second Empire"
6677,"Naan",2025-02-24-67bc362566692.png,"Greenfield's Krishna"
6678,"Butter Naan",2025-02-24-67bc368abb334.png,"Greenfield's Krishna"
6679,"Vegetables Manchow Soup",2025-02-24-67bc36b725643.png,"The Second Empire"
6680,"Kulcha",2025-02-24-67bc36f80227e.png,"Greenfield's Krishna"
6681,"Cream of Tomato Soup",2025-02-24-67bc37220c6bb.png,"The Second Empire"
6682,"Butter Kulcha",2025-02-24-67bc389516a46.png,"Greenfield's Krishna"
6683,"Cream of Mushroom Soup",2025-02-24-67bc377ac597b.png,"The Second Empire"
6684,"Tomato Tulsi Pudina Shorba",2025-02-24-67bc37d3ece3f.png,"The Second Empire"
6685,"Chicken Burmese Khow Suey Soup",2025-02-24-67bc3858932c3.png,"The Second Empire"
6686,"Butter Garlic Kulcha",2025-02-24-67bc387a26fec.png,"Greenfield's Krishna"
6687,"Masala Roti",2025-02-24-67bc38f6f1654.png,"Greenfield's Krishna"
6688,"Cream of Chicken Soup",2025-02-24-67bc38fb6d450.png,"The Second Empire"
6689,"Missi Roti",2025-02-24-67bc3945818ca.png,"Greenfield's Krishna"
6690,"Murgh Dhaniya Shorba",2025-02-24-67bc395f18c0b.png,"The Second Empire"
6691,"Chicken Ukkad Soup",2025-02-24-67bc3a00d99de.png,"The Second Empire"
6692,"Steam Rice",2025-02-24-67bc3a6d744f5.png,"Greenfield's Krishna"
6693,"Mutton Ukkad Soup",2025-02-24-67bc3a7102170.png,"The Second Empire"
6694,"Jeera Rice",2025-02-24-67bc3b1975c39.png,"Greenfield's Krishna"
6695,"Crab Meat and Lemongrass Soup",2025-02-24-67bc3b20b0159.png,"The Second Empire"
6696,"Masala Rice",2025-02-24-67bc3b7504746.png,"Greenfield's Krishna"
6697,"Dal Khichadi",2025-02-24-67bc3bd88b805.png,"Greenfield's Krishna"
6698,"Veg Biryani",2025-02-24-67bc3c78aaba6.png,"Greenfield's Krishna"
6701,"Baingan Bharta",2025-02-24-67bc3fe0d9e7f.png,"Greenfield's Krishna"
6702,"Pithla",2025-02-24-67bc406d03eea.png,"Greenfield's Krishna"
6703,"Rumali Khakhra",2025-02-24-67bc4088270be.png,"The Second Empire"
6704,"Dal Tadka",2025-02-24-67bc40ec3731c.png,"Greenfield's Krishna"
6705,"Dal Makhani",2025-02-24-67bc415c6407c.png,"Greenfield's Krishna"
6706,"Kadhi Pakoda",2025-02-24-67bc433722074.png,"Greenfield's Krishna"
6708,"Cheese Rumali Khakhra",2025-02-24-67bc44f45e89a.png,"The Second Empire"
6710,"Tandoori Baby Corn Nazrana",2025-02-24-67bc46d6bdf90.png,"The Second Empire"
6713,"Hara Bhara Kebab",2025-02-24-67bc481032f28.png,"The Second Empire"
6716,"Paneer Rubaali",2025-02-24-67bc49344d8d8.png,"The Second Empire"
6718,"Shabnam ke Moti",2025-02-24-67bc49c2cb459.png,"The Second Empire"
6720,"Subz E Cheesy Seekh",2025-02-24-67bc4ab1c7330.png,"The Second Empire"
6722,"Paneer Cheese Matka",2025-02-24-67bc4b39cf895.png,"The Second Empire"
6723,"Paneer Lajawab Tikka",2025-02-24-67bc4b9842c93.png,"The Second Empire"
6724,"Paneer Shahi Dum",2025-02-24-67bc4ccd97b07.png,"The Second Empire"
6725,"Bhendi Fry",2025-02-24-67bc4cde7053a.png,"Greenfield's Krishna"
6726,"Bhindi Masala",2025-02-24-67bc4d46c6f02.png,"Greenfield's Krishna"
6727,"Baingan Masala",2025-02-24-67bc4dbef3efa.png,"Greenfield's Krishna"
6728,"Cheese Seekh Kebab",2025-02-24-67bc4dd745f87.png,"The Second Empire"
6729,"Lasuni Palak",2025-02-24-67bc4e21b995a.png,"Greenfield's Krishna"
6730,"Lasuni Methi",2025-02-24-67bc4e8de9e3c.png,"Greenfield's Krishna"
6731,"Irani Chicken Kebab",2025-02-24-67bc4eee6e86d.png,"The Second Empire"
6732,"Methi Malai Mutter",2025-02-24-67bc4f10b3b83.png,"Greenfield's Krishna"
6733,"Murgh E Zafrani Kebab",2025-02-24-67bc4f9e9f898.png,"The Second Empire"
6734,"Veg Kolhapuri",2025-02-24-67bc4fb502e92.png,"Greenfield's Krishna"
6735,"Veg Kadhai",2025-02-24-67bc501436b9f.png,"Greenfield's Krishna"
6736,"Murgh Kalmi Kebab",2025-02-24-67bc50151e272.png,"The Second Empire"
6737,"Veg Hyderabadi",2025-02-24-67bc508c08e29.png,"Greenfield's Krishna"
6738,"Bharra Tangdi Kebab",2025-02-24-67bc509fb9d0d.png,"The Second Empire"
6739,"Veg Jaipuri",2025-02-24-67bc51033c537.png,"Greenfield's Krishna"
6740,"Murgh Lahoori Tangdi Kebab",2025-02-24-67bc5130acbaf.png,"The Second Empire"
6741,"Veg Kabab Masala",2025-02-24-67bc5174b7731.png,"Greenfield's Krishna"
6742,"Murgh Lasooni Kebab",2025-02-24-67bc51adb8e3a.png,"The Second Empire"
6743,"Veg Makhanwala",2025-02-24-67bc52019be6e.png,"Greenfield's Krishna"
6744,"Murgh Cheesy Barrel",2025-02-24-67bc5222a70c3.png,"The Second Empire"
6745,"Veg Maratha",2025-02-24-67bc52741b434.png,"Greenfield's Krishna"
6746,"Murgh Nazrana Kebab",2025-02-24-67bc528527944.png,"The Second Empire"
6747,"Veg Patiyala",2025-02-24-67bc52e907388.png,"Greenfield's Krishna"
6748,"Veg Angara",2025-02-24-67bc53a40fa0b.png,"Greenfield's Krishna"
6749,"Veg Kofta",2025-02-24-67bc542b3e232.png,"Greenfield's Krishna"
6750,"Dum Aloo Punjabi",2025-02-24-67bc54a965875.png,"Greenfield's Krishna"
6751,"Murgh Cheesy Matka Kebab",2025-02-24-67bc5513c6a3e.png,"The Second Empire"
6752,"Mushroom Masala",2025-02-24-67bc553525b1a.png,"Greenfield's Krishna"
6753,"Chicken Dongri Kebab",2025-02-24-67bc55a0de076.png,"The Second Empire"
6754,"Mushroom Baby Corn Masala",2025-02-24-67bc55decd133.png,"Greenfield's Krishna"
6755,"Murgh Tandoori",2025-02-24-67bc560be6b55.png,"The Second Empire"
6756,"Navratan Kurma",2025-02-24-67bc568647065.png,"Greenfield's Krishna"
6757,"Paneer Chilly",2025-02-24-67bc56b029608.png,"The Second Empire"
6758,"Malai Kofta",2025-02-24-67bc56fc07641.png,"Greenfield's Krishna"
6759,"Thread Paneer",2025-02-24-67bc570982b2f.png,"The Second Empire"
6760,"Veg Manchurian",2025-02-24-67bc5747be8e7.png,"The Second Empire"
6761,"Kaju Curry",2025-02-24-67bc576924cdc.png,"Greenfield's Krishna"
6762,"Veg Manchurian Thai Style",2025-02-24-67bc57b24a605.png,"The Second Empire"
6763,"Kaju Masala",2025-02-24-67bc57bc321a3.png,"Greenfield's Krishna"
6764,"Veg Spring Roll",2025-02-24-67bc5871e7b3e.png,"The Second Empire"
6765,"Paneer Satey",2025-02-24-67bc58d1aa547.png,"The Second Empire"
6766,"Crispy Veg Schezwan",2025-02-24-67bc596a2cd64.png,"The Second Empire"
6767,"Crispy fried Corn",2025-02-24-67bc5a29c129b.png,"The Second Empire"
6768,"Crispy Corn Rolls",2025-02-24-67bc5a8ade25e.png,"The Second Empire"
6769,"Capsicum and Cheese Uttapa",2025-02-24-67bc5b06ede3a.png,"Greenfield's Krishna"
6770,"Sandwich Uttapa",2025-02-24-67bc5c766911f.png,"Greenfield's Krishna"
6771,"Tomato Omelette",2025-02-24-67bc5f9f80492.png,"Greenfield's Krishna"
6772,"Barbeque Chicken Wings",2025-02-24-67bc5fac9056d.png,"The Second Empire"
6773,"Chicken Lollipop",2025-02-24-67bc60409f850.png,"The Second Empire"
6774,"Chicken Chilli",2025-02-24-67bc609d9de70.png,"The Second Empire"
6776,"Schezwan Cheese Uttapam",2025-02-24-67bc63fd1fc00.png,"Greenfield's Krishna"
6778,"Mysore Cheese Uttapa",2025-02-24-67bc65a18e722.png,"Greenfield's Krishna"
6781,"Amul Pav Bhaji",2025-02-25-67bd4788c28b1.png,"Greenfield's Krishna"
6782,"Cheese Pav Bhaji",2025-02-25-67bd481f7382a.png,"Greenfield's Krishna"
6783,"Kolhapuri Pav Bhaji",2025-02-25-67bd494b963b8.png,"Greenfield's Krishna"
6784,"Khada Pav Bhaji",2025-02-25-67bd4b8554257.png,"Greenfield's Krishna"
6785,"Cheese Khada Pav Bhaji",2025-02-25-67bd4c36c0800.png,"Greenfield's Krishna"
6786,"Paneer Pav Bhaji",2025-02-25-67bd4cb1dd8e8.png,"Greenfield's Krishna"
6787,"Krishna's Special Pav Bhaji (Dry Fruit)",2025-02-25-67bd4f416650c.png,"Greenfield's Krishna"
6788,"Shahi Pav Bhaji",2025-02-25-67bd4f7149932.png,"Greenfield's Krishna"
6789,"Masala Pav",2025-02-25-67bd5097ee1ca.png,"Greenfield's Krishna"
6790,"Cheese Masala Pav",2025-02-25-67bd511b348f3.png,"Greenfield's Krishna"
6791,"Masala Papad Udid",2025-02-25-67bd51960361e.png,"Greenfield's Krishna"
6792,"Cheese Schezwan Dosa",2025-02-25-67bd53a2982d3.png,"Greenfield's Krishna"
6797,"Sada Dosa",2025-02-25-67bd5797ac62e.png,"Greenfield's Krishna"
6798,"Butter Sada Dosa",2025-02-25-67bd582aa4bdf.png,"Greenfield's Krishna"
6799,"Butter Cheese Sada Dosa",2025-02-25-67bd58afa31a6.png,"Greenfield's Krishna"
6802,"Mysore Sada Dosa",2025-02-25-67bd5f5a95171.png,"Greenfield's Krishna"
6806,"Rawa Cheese Masala dosa",2025-02-25-67bd62b158c08.png,"Greenfield's Krishna"
6808,"Paper Sada Dosa",2025-02-25-67bd65eb82c7a.png,"Greenfield's Krishna"
6809,"Upma",2025-02-25-67bd66e33f38c.png,"Greenfield's Krishna"
6810,"Poha",2025-02-25-67bd67a98378c.png,"Greenfield's Krishna"
6811,"Misal Pav",2025-02-25-67bd687fefa82.png,"Greenfield's Krishna"
6813,"Jain Pav Bhaji",2025-02-25-67bd6a5cf3a25.png,"Greenfield's Krishna"
6814,"Jain Cheese Khada Pav Bhaji",2025-02-25-67bd6b2fb2c57.png,"Greenfield's Krishna"
6815,"Jain Masala Pav",2025-02-25-67bd6c4eebda0.png,"Greenfield's Krishna"
6816,"Jain Pizza",2025-02-25-67bd6cc3c88e4.png,"Greenfield's Krishna"
6817,"Jain Spicy Cheese Hydrabadi Pulav",2025-02-25-67bd6d6b92b6f.png,"Greenfield's Krishna"
6824,"Spring Dosa",2025-02-25-67bd794630068.png,"Greenfield's Krishna"
6825,"Chicken Crispy",2025-02-25-67bd79c740129.png,"The Second Empire"
6827,"Chicken Barbeque Supreme",2025-02-25-67bd7a5d43078.png,"The Second Empire"
6829,"Chicken Tacos",2025-02-25-67bd7ab7f3aee.png,"The Second Empire"
6831,"Kolhapuri Dosa",2025-02-25-67bd7bb58f2be.png,"Greenfield's Krishna"
6833,"Chicken 65",2025-02-25-67bd7ca021e61.png,"The Second Empire"
6835,"Chicken Spring Roll",2025-02-25-67bd7d1218f87.png,"The Second Empire"
6837,"Butter Garlic Chicken",2025-02-25-67bd7d68770b3.png,"The Second Empire"
6839,"Lemon Chicken",2025-02-25-67bd7de29ac3f.png,"The Second Empire"
6840,"Mutton Sukka",2025-02-25-67bd7e4f5f023.png,"The Second Empire"
6842,"Mutton Bhuna",2025-02-25-67bd7eaa20257.png,"The Second Empire"
6844,"Gosht Pudina Seekh Kabab",2025-02-25-67bd7f1ab4b9a.png,"The Second Empire"
6845,"Onion Tomato Cheese Uttapa",2025-02-25-67bd7f4ecf175.png,"Greenfield's Krishna"
6846,"Mutton Kharda",2025-02-25-67bd7f979a993.png,"The Second Empire"
6847,"Mutton Ghee Roast",2025-02-25-67bd7ff2e5407.png,"The Second Empire"
6849,"Mutton Chilli Fry",2025-02-25-67bd80d907f52.png,"The Second Empire"
6851,"Lassi",2025-02-25-67bd81fe45f33.png,"Greenfield's Krishna"
6853,"Mango Lassi",2025-02-25-67bd827ace910.png,"Greenfield's Krishna"
6855,"Strawberry Lassi",2025-02-25-67bd830aea02b.png,"Greenfield's Krishna"
6857,"Keshar Lassi",2025-02-25-67bd83dbea946.png,"Greenfield's Krishna"
6858,"Veg Keema Ghee Masala",2025-02-25-67bd84126c5aa.png,"The Second Empire"
6859,"Special Dry Fruit Falooda",2025-02-25-67bd845f966c1.png,"Greenfield's Krishna"
6860,"Bhindi Tamatar Mirch Masala",2025-02-25-67bd847c2ac45.png,"The Second Empire"
6861,"Rose Falooda",2025-02-25-67bd84dd95295.png,"Greenfield's Krishna"
6862,"Veg Kadhai",2025-02-25-67bd84de9cdbe.png,"The Second Empire"
6863,"Butter Scotch Falooda",2025-02-25-67bd855dc8d7e.png,"Greenfield's Krishna"
6865,"Cocktail Juice",2025-02-25-67bd8625b5be8.png,"Greenfield's Krishna"
6866,"Apple Juice",2025-02-25-67bd86fdcd832.png,"Greenfield's Krishna"
6869,"Gadbad",2025-02-25-67bd879db015b.png,"Greenfield's Krishna"
6871,"Plain Jelly",2025-02-25-67bd886cf1ce9.png,"Greenfield's Krishna"
6873,"Jelly With Ice Cream",2025-02-25-67bd88f26c849.png,"Greenfield's Krishna"
6875,"Fruit Jelly With Ice Cream",2025-02-25-67bd898bd1b97.png,"Greenfield's Krishna"
6876,"Fruit Salad",2025-02-25-67bd8a0ba3352.png,"Greenfield's Krishna"
6877,"Fruit Salad With Ice Cream",2025-02-25-67bd8a9018c4b.png,"Greenfield's Krishna"
6878,"Mango Shake",2025-02-25-67bd8b343d1ba.png,"Greenfield's Krishna"
6879,"Badam Pista Shake",2025-02-25-67bd8b8f6e7e8.png,"Greenfield's Krishna"
6880,"Choclate Milk Shake",2025-02-25-67bd8bf8a1820.png,"Greenfield's Krishna"
6881,"Subz E Cheesy Kebab Masala",2025-02-25-67bd8c3a542ab.png,"The Second Empire"
6882,"Special Dry Fruit Shake",2025-02-25-67bd8c893f8ff.png,"Greenfield's Krishna"
6883,"Veg Patiala",2025-02-25-67bd8ca2ad285.png,"The Second Empire"
6884,"Cold Coffe",2025-02-25-67bd8d0231c16.png,"Greenfield's Krishna"
6885,"Kaju White Gravy",2025-02-25-67bd8d5b0f830.png,"The Second Empire"
6886,"Veg Manchow Soup",2025-02-25-67bd8dac0a0a0.png,"Greenfield's Krishna"
6887,"Kaju Curry Red",2025-02-25-67bd8de8ebb3d.png,"The Second Empire"
6888,"Tomato Soup",2025-02-25-67bd8df918550.png,"Greenfield's Krishna"
6889,"Veg Sweet Corn Soup",2025-02-25-67bd8e539efa5.png,"Greenfield's Krishna"
6890,"Veg Hakka Soup",2025-02-25-67bd8eabc45fe.png,"Greenfield's Krishna"
6891,"Butter Garlic Noodlse",2025-02-25-67bd8f1c88cbe.png,"Greenfield's Krishna"
6892,"Veg American Chopsuey",2025-02-25-67bd8f7db83a2.png,"Greenfield's Krishna"
6893,"Veg Mushroom Noodles",2025-02-25-67bd9004a6720.png,"Greenfield's Krishna"
6894,"Veg Hakka Noodles",2025-02-25-67bd907a60417.png,"Greenfield's Krishna"
6895,"Veg Fried Rice",2025-02-25-67bd91c56bef2.png,"Greenfield's Krishna"
6903,"Veg Manchurian",2025-02-25-67bd95f583612.png,"Greenfield's Krishna"
6905,"Soyabean Chilly",2025-02-25-67bd96dbf1fa5.png,"Greenfield's Krishna"
6906,"Stuff Aaloo Dum Masala",2025-02-25-67bd975211f8c.png,"The Second Empire"
6907,"Murgh Shahi Khurchan",2025-02-25-67bd98390c6d6.png,"The Second Empire"
6908,"Butter Chicken",2025-02-25-67bd98f889ac7.png,"The Second Empire"
6909,"Zafrani Korma",2025-02-25-67bd997d7f783.png,"The Second Empire"
6910,"Kasoori Murgh Tikka Masala",2025-02-25-67bd9a1bb911b.png,"The Second Empire"
6911,"Mushroom Chilly",2025-02-25-67bd9a34c4f65.png,"Greenfield's Krishna"
6912,"Murgh Awadhi Korma",2025-02-25-67bd9a8a9a2c1.png,"The Second Empire"
6913,"Veg 65",2025-02-25-67bd9abc07594.png,"Greenfield's Krishna"
6914,"Chicken Nilgiri",2025-02-25-67bd9ae350af1.png,"The Second Empire"
6915,"Chinese Bhel",2025-02-25-67bd9b2fbf0e3.png,"Greenfield's Krishna"
6916,"Malabari Chicken Curry",2025-02-25-67bd9b3c5c308.png,"The Second Empire"
6917,"Murgh Mughlai",2025-02-25-67bd9b9e31b2e.png,"The Second Empire"
6918,"Babycorn Chilly",2025-02-25-67bd9ba222097.png,"Greenfield's Krishna"
6919,"Murgh Maratha",2025-02-25-67bd9be7878d8.png,"The Second Empire"
6920,"Murgh Bharta",2025-02-25-67bd9c4c1598d.png,"The Second Empire"
6921,"Chinese French Fries",2025-02-25-67bd9c85822a3.png,"Greenfield's Krishna"
6922,"Murgh E Gulmurg",2025-02-25-67bd9cd9d76b1.png,"The Second Empire"
6923,"Veg Lollypop",2025-02-25-67bd9cf3e73a7.png,"Greenfield's Krishna"
6924,"Sabudana Khichdi",2025-02-25-67bd9d2f6b212.png,"Aaichi Athavan Parcel Point"
6925,"Murgh Rara",2025-02-25-67bd9d360d0be.png,"The Second Empire"
6926,"Veg Crispy",2025-02-25-67bd9d63072dc.png,"Greenfield's Krishna"
6927,"Murgh Lahori Tangdi Masala",2025-02-25-67bd9f6bdd628.png,"The Second Empire"
6928,"Murgh Musallam",2025-02-25-67bd9ff00d00f.png,"The Second Empire"
6929,"Murgh Angara",2025-02-25-67bda093b3775.png,"The Second Empire"
6930,"Kadhai Murgh",2025-02-25-67bda0f35b016.png,"The Second Empire"
6931,"Egg Bhurji",2025-02-25-67bda14c01344.png,"The Second Empire"
6932,"Mutton Dum Biryani",2025-02-25-67bda182cd5be.png,"Kaka Ka Dhaba Jehan Circle"
6933,"Egg Red Curry",2025-02-25-67bda2022028b.png,"The Second Empire"
6934,"Egg Black Masala",2025-02-25-67bda27e07440.png,"The Second Empire"
6935,"Anda Ghotala",2025-02-25-67bda2fc5e462.png,"The Second Empire"
6936,"Mutton Keema",2025-02-25-67bda3ca0f9f6.png,"The Second Empire"
6937,"Mutton Maratha",2025-02-25-67bda4278a543.png,"The Second Empire"
6938,"Mutton Rara",2025-02-25-67bda467acb17.png,"The Second Empire"
6939,"Chicken Leg Biryani",2025-02-25-67bda4780ac64.png,"Kaka Ka Dhaba Jehan Circle"
6940,"Chicken Tikka Biryani",2025-02-25-67bda4ff69c2e.png,"Kaka Ka Dhaba Jehan Circle"
6941,"Mutton Rogan Josh",2025-02-25-67bda530bb274.png,"The Second Empire"
6942,"Egg Biryani",2025-02-25-67bda5e63742a.png,"Kaka Ka Dhaba Jehan Circle"
6943,"Prawns Biryani",2025-02-25-67bda704105de.png,"Kaka Ka Dhaba Jehan Circle"
6944,"Mutton Pulav",2025-02-25-67bda853a2fd4.png,"Kaka Ka Dhaba Jehan Circle"
6945,"Roti Plain",2025-02-25-67bda8ccbf37a.png,"The Second Empire"
6946,"Butter Roti",2025-02-25-67bda945b1507.png,"The Second Empire"
6947,"Chicken Lajawab Biryani",2025-02-25-67bda96080e92.png,"Kaka Ka Dhaba Jehan Circle"
6948,"Butter Naan",2025-02-25-67bda99459d2c.png,"The Second Empire"
6949,"Plain Naan",2025-02-25-67bda9da8bd69.png,"The Second Empire"
6950,"Veg Pulav",2025-02-25-67bdad74c7f17.png,"Kaka Ka Dhaba Jehan Circle"
6951,"Shezwan Fried Tripple Rice",2025-02-25-67bdae51b1a0e.png,"Kaka Ka Dhaba Jehan Circle"
6952,"Veg Schezwan Fried Rice",2025-02-25-67bdb00289564.png,"Kaka Ka Dhaba Jehan Circle"
6953,"Mushroom Fried Rice",2025-02-25-67bdb11b8ee4f.png,"Kaka Ka Dhaba Jehan Circle"
6954,"Missi Roti",2025-02-25-67bdb1cc8540e.png,"The Second Empire"
6955,"Butter Garlic Naan",2025-02-25-67bdb44aa6768.png,"The Second Empire"
6957,"Plain Garlic Naan",2025-02-25-67bdb4bc673ca.png,"The Second Empire"
6959,"Kulcha",2025-02-25-67bdb5080f5ee.png,"The Second Empire"
6960,"Butter Kulcha",2025-02-25-67bdb55d1fc1a.png,"The Second Empire"
6961,"Paneer Kurkure",2025-02-25-67bdb562ad9ae.png,"Kaka Ka Dhaba Jehan Circle"
6963,"Lacchedar Paratha",2025-02-25-67bdb600797ea.png,"The Second Empire"
6966,"Roti Basket",2025-02-25-67bdb764d96e8.png,"The Second Empire"
6967,"Dal Tadka",2025-02-25-67bdba7558352.png,"The Second Empire"
6968,"Dal Fry",2025-02-25-67bdbad0081e3.png,"The Second Empire"
6969,"Dal Makhani",2025-02-25-67bdbb1b0a648.png,"The Second Empire"
6970,"Steamed Basmati Rice",2025-02-25-67bdbb9c107d5.png,"The Second Empire"
6971,"Jeera Rice",2025-02-25-67bdbc6b5e65b.png,"The Second Empire"
6972,"Mix Veg Basmati Pulao",2025-02-25-67bdbce9e0bd2.png,"The Second Empire"
6973,"Oreo Choclate Cake",2025-02-26-67be98882fcf4.png,"Cake Factory"
6974,"Black Forest Cake",2025-02-26-67be99eb08a59.png,"Cake Factory"
6975,"Pineapple Cake",2025-02-26-67be9d391c201.png,"Cake Factory"
6976,"Fresh Fruits Cake",2025-02-26-67be9de489f64.png,"Cake Factory"
6977,"Kaju Malai Cake",2025-02-26-67be9f562f19a.png,"Cake Factory"
6978,"Ras Malai Cake",2025-02-26-67bea07c10373.png,"Cake Factory"
6979,"Red Velvet Cake",2025-02-26-67bea114f07d7.png,"Cake Factory"
6980,"Italian Casalta Cake",2025-02-26-67bea1ff49ba6.png,"Cake Factory"
6981,"Belgium Choclate Cake",2025-02-26-67bea2f77acf7.png,"Cake Factory"
6982,"Nutty Choclate Cake",2025-02-26-67bea3a3517c9.png,"Cake Factory"
6983,"Choclate Royal Cake",2025-02-26-67bea44434874.png,"Cake Factory"
6984,"Oreo Choclate Cake",2025-02-26-67bea50019b66.png,"Cake Factory"
6985,"Black Forest Cake",2025-02-26-67bea5ae7bc72.png,"Cake Factory"
6986,"Pineapple Cake",2025-02-26-67bea67a2ed43.png,"Cake Factory"
6987,"Fresh Fruits Cake",2025-02-26-67bea6f45e7c7.png,"Cake Factory"
6989,"Stick Kabab",2025-02-26-67bea8ff6e28a.png,"Kaka Ka Dhaba Jehan Circle"
6990,"Chicken Bhuna Kabab",2025-02-26-67bea991c30be.png,"Kaka Ka Dhaba Jehan Circle"
6994,"Veg Shahi Shahi",2025-02-26-67beab9b08a81.png,"Kaka Ka Dhaba Jehan Circle"
6995,"Veg Hungama",2025-02-26-67beacced2893.png,"Kaka Ka Dhaba Jehan Circle"
6996,"Veg Angara",2025-02-26-67bead898adb9.png,"Kaka Ka Dhaba Jehan Circle"
6998,"Chicken Tandoori Handi",2025-02-26-67beb16711061.png,"Kaka Ka Dhaba Jehan Circle"
6999,"Chicken Nagpuri Handi",2025-02-26-67beb291ea56d.png,"Kaka Ka Dhaba Jehan Circle"
7000,"Mutton Nagpuri Handi",2025-02-26-67beb3200fc74.png,"Kaka Ka Dhaba Jehan Circle"
7001,"Sweet Rabdi",2025-02-26-67beb3f02d971.png,"Kaka Ka Dhaba Jehan Circle"
7002,"Special Falooda",2025-02-26-67beb45286bb5.png,"Kaka Ka Dhaba Jehan Circle"
7003,"Gulab Jamun",2025-02-26-67beb4e46bc71.png,"Kaka Ka Dhaba Jehan Circle"
7004,"Fish Chilly (Basa)",2025-02-26-67beb5f7e5d4e.png,"Kaka Ka Dhaba Jehan Circle"
7005,"Fish Fingers (Basa)",2025-02-26-67beb99a5d97f.png,"Kaka Ka Dhaba Jehan Circle"
7006,"Poplet Fish Platter",2025-02-26-67bebb36420b0.png,"Kaka Ka Dhaba Jehan Circle"
7007,"Surmai Fish Platters",2025-02-26-67bebc39156bd.png,"Kaka Ka Dhaba"
7008,"Butter Dal Khichdi with Tadka",2025-02-26-67bebc3d7e295.png,"The Second Empire"
7009,"Prawns Fish Platter",2025-02-26-67bebd100d047.png,"Kaka Ka Dhaba Jehan Circle"
7010,"Chicken Pahadi Kabab",2025-02-26-67bec48448afd.png,"Kaka Ka Dhaba Jehan Circle"
7011,"Subz E Biryani",2025-02-26-67bec3483510a.png,"The Second Empire"
7012,"Empires Veg Biryani",2025-02-26-67bec3fdbc269.png,"The Second Empire"
7013,"Empires Chicken Biryani",2025-02-26-67bec47edc021.png,"The Second Empire"
7014,"Chicken Tikka",2025-02-26-67bec5227d33c.png,"Kaka Ka Dhaba Jehan Circle"
7015,"Murgh Awadhi Biryani",2025-02-26-67bec531196b7.png,"The Second Empire"
7016,"Chicken Biryani",2025-02-26-67bec5baab036.png,"The Second Empire"
7017,"Chicken Malai Tikka",2025-02-26-67bec5cb4a711.png,"Kaka Ka Dhaba Jehan Circle"
7018,"Chicken Tikka Biryani",2025-02-26-67bec643db466.png,"The Second Empire"
7019,"Bhuna Kabab",2025-02-26-67bec6eb9d31e.png,"Kaka Ka Dhaba Jehan Circle"
7020,"Empires Gosht Biryani",2025-02-26-67bec72398c60.png,"The Second Empire"
7021,"Empires Prawns Biryani",2025-02-26-67bec7cf2de45.png,"The Second Empire"
7022,"Pahadi Kabab",2025-02-26-67bec9082f68c.png,"Kaka Ka Dhaba Jehan Circle"
7023,"Chicken Tikka",2025-02-26-67bec9dc9b9f4.png,"Kaka Ka Dhaba Jehan Circle"
7024,"Hakka Noodles",2025-02-26-67bec9e468f4f.png,"The Second Empire"
7025,"Chicken Hakka Noodles",2025-02-26-67beca3f15686.png,"The Second Empire"
7026,"Malai Tikka",2025-02-26-67becad30d981.png,"Kaka Ka Dhaba Jehan Circle"
7027,"Veg Schezwan Fried Rice",2025-02-26-67becae2630eb.png,"The Second Empire"
7028,"Chicken Schezwan Fried Rice",2025-02-26-67becb619ed14.png,"The Second Empire"
7029,"Lasuni Kabab",2025-02-26-67becba1208f3.png,"Kaka Ka Dhaba Jehan Circle"
7030,"Chicken Schezwan Fried Noodles",2025-02-26-67becbc302f96.png,"The Second Empire"
7031,"Tandoori Lollypop",2025-02-26-67becc1b191ab.png,"Kaka Ka Dhaba Jehan Circle"
7032,"Veg Schezwan Fried Noodles",2025-02-26-67becc1fa4cdb.png,"The Second Empire"
7033,"Chilli Garlic Noodles",2025-02-26-67becc946762e.png,"The Second Empire"
7034,"Prawns Butter Garlic",2025-02-26-67becce592c0d.png,"Kaka Ka Dhaba Jehan Circle"
7035,"Chicken Chilli Garlic Noodles",2025-02-26-67becd10176e7.png,"The Second Empire"
7036,"Chicken Butter Garlic",2025-02-26-67becd7696f34.png,"Kaka Ka Dhaba Jehan Circle"
7037,"Veg Coriander and Burnt Garlic Noodles",2025-02-26-67becdab3552b.png,"The Second Empire"
7038,"Chicken Coriander and Burnt Garlic Noodles",2025-02-26-67becdfe4ac73.png,"The Second Empire"
7039,"Veg Coriander and Burnt Garlic Fried Rice",2025-02-26-67bece8056806.png,"The Second Empire"
7040,"Cheese Sandwich",2025-02-26-67bece9c1e017.png,"Kaka Ka Dhaba Jehan Circle"
7041,"Chicken Coriander and Burnt Garlic Fried Rice",2025-02-26-67beceda0bd40.png,"The Second Empire"
7042,"Chicken Sandwich",2025-02-26-67becf36ed14e.png,"Kaka Ka Dhaba Jehan Circle"
7043,"Veg Schezwan Pad Thai Noodles",2025-02-26-67becf6f98c66.png,"The Second Empire"
7044,"Veg Sandwich",2025-02-26-67becfa202bf8.png,"Kaka Ka Dhaba Jehan Circle"
7045,"Chicken Schezwan Pad Thai Noodles",2025-02-26-67becff67b2f8.png,"The Second Empire"
7046,"Veg Club Sandwich",2025-02-26-67bed004b864e.png,"Kaka Ka Dhaba Jehan Circle"
7047,"Chicken Thai Coconut Fried Rice",2025-02-26-67bed09dd38b0.png,"The Second Empire"
7048,"Paneer Pakoda",2025-02-26-67bed0ca53843.png,"Kaka Ka Dhaba Jehan Circle"
7049,"Veg Thai Coconut Fried Rice",2025-02-26-67bed12216c69.png,"The Second Empire"
7050,"Veg Cutlet",2025-02-26-67bed18cb4632.png,"Kaka Ka Dhaba"
7051,"Chole Bhature",2025-02-26-67bed26659422.png,"Kaka Ka Dhaba Jehan Circle"
7052,"Omelette Sandwich",2025-02-26-67bed2f048e3f.png,"Kaka Ka Dhaba Jehan Circle"
7053,"Veg Gold Finger",2025-02-26-67bed38c8d458.png,"Kaka Ka Dhaba Jehan Circle"
7054,"Chicken Gold Finger",2025-02-26-67bed41ef24f8.png,"Kaka Ka Dhaba Jehan Circle"
7055,"Sweet Corn CKN Soup",2025-02-26-67bed4f128235.png,"Kaka Ka Dhaba Jehan Circle"
7056,"Paya Soup",2025-02-26-67bed5aa8aad4.png,"Kaka Ka Dhaba Jehan Circle"
7057,"Lung Fung Soup",2025-02-26-67bed6a0c111b.png,"Kaka Ka Dhaba Jehan Circle"
7058,"Chicken Special Soup",2025-02-26-67bed72384e6f.png,"Kaka Ka Dhaba Jehan Circle"
7059,"Tomato Soup",2025-02-26-67bed77be34e9.png,"Kaka Ka Dhaba Jehan Circle"
7060,"Palak Soup",2025-02-26-67bed7d52e408.png,"Kaka Ka Dhaba Jehan Circle"
7061,"Sweet Corn Veg Soup",2025-02-26-67bed850643d6.png,"Kaka Ka Dhaba Jehan Circle"
7062,"Mushroom Soup",2025-02-26-67bed8cca1256.png,"Kaka Ka Dhaba Jehan Circle"
7063,"Special Veg Soup",2025-02-26-67bed94420471.png,"Kaka Ka Dhaba Jehan Circle"
7064,"Kerela Kabab",2025-02-26-67bedaf6e4df3.png,"Kaka Ka Dhaba Jehan Circle"
7065,"Chicken Tandoori",2025-02-26-67bedbc298018.png,"Kaka Ka Dhaba Jehan Circle"
7066,"Chicken Seek Kabab",2025-02-26-67bedc42d8223.png,"Kaka Ka Dhaba Jehan Circle"
7067,"Tangadi Kabab",2025-02-26-67bedcbcd4063.png,"Kaka Ka Dhaba Jehan Circle"
7068,"Harabhara Kabab",2025-02-26-67bedd28b6102.png,"Kaka Ka Dhaba Jehan Circle"
7069,"Paneer Tikka",2025-02-26-67bedd8c8ef12.png,"Kaka Ka Dhaba Jehan Circle"
7070,"Veg Seek Kabab",2025-02-26-67bedde26c520.png,"Kaka Ka Dhaba Jehan Circle"
7071,"Mushroom Tikka",2025-02-26-67bede47db71d.png,"Kaka Ka Dhaba Jehan Circle"
7072,"Allu Tikka",2025-02-26-67bedead659ca.png,"Kaka Ka Dhaba Jehan Circle"
7073,"Baby Corn Tikka",2025-02-26-67bedf6732318.png,"Kaka Ka Dhaba Jehan Circle"
7074,"Paneer Cheese Kabab",2025-02-26-67bee0b538f84.png,"Kaka Ka Dhaba Jehan Circle"
7075,"Roti",2025-02-26-67bee14123cd8.png,"Kaka Ka Dhaba Jehan Circle"
7076,"Butter Roti",2025-02-26-67bee2cb1ec93.png,"Kaka Ka Dhaba Jehan Circle"
7077,"Butter Missi Roti",2025-02-26-67bee43d94ef3.png,"Kaka Ka Dhaba Jehan Circle"
7078,"Missi Roti",2025-02-26-67bee490c19c4.png,"Kaka Ka Dhaba Jehan Circle"
7079,"Rumali Roti",2025-02-26-67bee62371fe0.png,"Kaka Ka Dhaba Jehan Circle"
7080,"Butter Rumali Roti",2025-02-26-67bee66b9757e.png,"Kaka Ka Dhaba Jehan Circle"
7081,"Paratha",2025-02-26-67bee6ca9d2f6.png,"Kaka Ka Dhaba Jehan Circle"
7082,"Butter Paratha",2025-02-26-67bee790dd576.png,"Kaka Ka Dhaba Jehan Circle"
7083,"Butter Lachadar Paratha",2025-02-26-67bee85d6a76b.png,"Kaka Ka Dhaba Jehan Circle"
7084,"Lachadar Paratha",2025-02-26-67bee900afabd.png,"Kaka Ka Dhaba Jehan Circle"
7085,"Naan",2025-02-26-67bee94e9c951.png,"Kaka Ka Dhaba Jehan Circle"
7086,"Cheese Naan",2025-02-26-67beea01006f3.png,"Kaka Ka Dhaba Jehan Circle"
7087,"Butter Naan",2025-02-26-67beea54b4050.png,"Kaka Ka Dhaba Jehan Circle"
7088,"Garlic Naan",2025-02-26-67beeae6a4c8b.png,"Kaka Ka Dhaba Jehan Circle"
7089,"Kheema Naan",2025-02-26-67beeba9d1af5.png,"Kaka Ka Dhaba Jehan Circle"
7090,"Bajari Bhakari",2025-02-26-67beec1426d79.png,"Kaka Ka Dhaba Jehan Circle"
7091,"Jwari Bhakari",2025-02-26-67beec60b9165.png,"Kaka Ka Dhaba Jehan Circle"
7092,"Chapati",2025-02-26-67beecd21ceb6.png,"Kaka Ka Dhaba Jehan Circle"
7093,"Butter Chapati",2025-02-26-67beed2b0868f.png,"Kaka Ka Dhaba Jehan Circle"
7094,"Kulcha",2025-02-26-67beedc39bb90.png,"Kaka Ka Dhaba Jehan Circle"
7095,"Butter Kulcha",2025-02-26-67beee379a1c6.png,"Kaka Ka Dhaba Jehan Circle"
7096,"Roti Ki Tokri",2025-02-26-67beeebd7513f.png,"Kaka Ka Dhaba Jehan Circle"
7097,"Rumali Papad",2025-02-26-67beef3fdb9ea.png,"Kaka Ka Dhaba Jehan Circle"
7098,"Veg Fried Rice",2025-02-26-67beef8337a97.png,"The Second Empire"
7099,"Stuffed Naan",2025-02-26-67beef96f3d71.png,"Kaka Ka Dhaba Jehan Circle"
7100,"Veg Triple Schezwan Fried Rice",2025-02-26-67bef01c39a93.png,"The Second Empire"
7101,"Fried Rice",2025-02-26-67bef072350e4.png,"Kaka Ka Dhaba Jehan Circle"
7102,"Chicken Fried Rice",2025-02-26-67bef08c21fbb.png,"The Second Empire"
7103,"Biryani Rice",2025-02-26-67bef10422a91.png,"Kaka Ka Dhaba Jehan Circle"
7104,"Plain Rice",2025-02-26-67bef1cbd5d20.png,"Kaka Ka Dhaba Jehan Circle"
7105,"Chicken Triple Schezwan Fried Rice",2025-02-26-67bef2958acb8.png,"The Second Empire"
7106,"Curd Rice",2025-02-26-67bef2a586914.png,"Kaka Ka Dhaba Jehan Circle"
7107,"Eggs Rice",2025-02-26-67bef309c3621.png,"Kaka Ka Dhaba Jehan Circle"
7108,"Veg Alfredo Penne",2025-02-26-67bef36f05448.png,"The Second Empire"
7109,"Masala Rice",2025-02-26-67bef38939677.png,"Kaka Ka Dhaba Jehan Circle"
7110,"Veg Arrabiata Penne",2025-02-26-67bef3ab7935f.png,"The Second Empire"
7111,"Dal khichada",2025-02-26-67bef3e810e69.png,"Kaka Ka Dhaba Jehan Circle"
7112,"Veg Pesto Spaghetti",2025-02-26-67bef406e888e.png,"The Second Empire"
7113,"Chicken Fried Rice",2025-02-26-67bef4459e6e3.png,"Kaka Ka Dhaba Jehan Circle"
7114,"Veg Lasagna",2025-02-26-67bef462b4535.png,"The Second Empire"
7115,"Egg Fried Rice",2025-02-26-67bef48d619b3.png,"Kaka Ka Dhaba Jehan Circle"
7116,"Chicken Alfredo Penne",2025-02-26-67bef4cb3d1a1.png,"The Second Empire"
7117,"Chicken Arrabiata Penne",2025-02-26-67bef509c9b64.png,"The Second Empire"
7118,"Prawns Fried Rice",2025-02-26-67bef514291ad.png,"Kaka Ka Dhaba Jehan Circle"
7119,"Chicken Pesto Spaghetti",2025-02-26-67bef55e34377.png,"The Second Empire"
7120,"Veg Fried Rice",2025-02-26-67bef581261c3.png,"Kaka Ka Dhaba Jehan Circle"
7121,"Chicken Lasagna",2025-02-26-67bef5b85cb15.png,"The Second Empire"
7122,"Chicken Schezwan Fried Rice",2025-02-26-67bef61677573.png,"Kaka Ka Dhaba Jehan Circle"
7123,"Chocolate Brownie with Choco Sauce",2025-02-26-67bef67b83a04.png,"The Second Empire"
7124,"Schezwan Rice Tripple",2025-02-26-67bef6be5f1ce.png,"Kaka Ka Dhaba Jehan Circle"
7125,"Beetroot Halwa",2025-02-26-67bef6d165324.png,"The Second Empire"
7126,"Gulab Jamun",2025-02-26-67bef728c2a0b.png,"The Second Empire"
7127,"Chicken 65",2025-02-26-67bef78f5f993.png,"Kaka Ka Dhaba Jehan Circle"
7128,"Caramel Custard",2025-02-26-67bef79537682.png,"The Second Empire"
7129,"Chicken Chilly",2025-02-26-67bef7e204f34.png,"Kaka Ka Dhaba Jehan Circle"
7130,"Arabic Pudding",2025-02-26-67bef8142b8a0.png,"The Second Empire"
7131,"Chicken China Town",2025-02-26-67bef8643653d.png,"Kaka Ka Dhaba Jehan Circle"
7132,"Chicken Chowmein",2025-02-26-67bef8d86bc89.png,"Kaka Ka Dhaba Jehan Circle"
7133,"Chicken Hong Kong",2025-02-26-67bef96ebffbb.png,"Kaka Ka Dhaba Jehan Circle"
7134,"Chicken Sathey",2025-02-26-67bef9e4115f2.png,"Kaka Ka Dhaba Jehan Circle"
7135,"Chicken Bullet",2025-02-26-67befa71e8627.png,"Kaka Ka Dhaba Jehan Circle"
7136,"Prawn Chilli Fry",2025-02-26-67befaebd14e9.png,"Kaka Ka Dhaba Jehan Circle"
7137,"Chicken Manchurian",2025-02-26-67befb9321e3e.png,"Kaka Ka Dhaba Jehan Circle"
7138,"Watermelon",2025-02-26-67befc1d92216.png,"Jalsa Juice"
7139,"Chicken Shanghai",2025-02-26-67befc4a30164.png,"Kaka Ka Dhaba Jehan Circle"
7140,"Fish Manchurian",2025-02-26-67befdf793ba1.png,"Kaka Ka Dhaba Jehan Circle"
7141,"Watermelon Orange",2025-02-26-67befe70551e1.png,"Jalsa Juice"
7142,"Alu Chilly Fry",2025-02-26-67beff30257fb.png,"Kaka Ka Dhaba"
7143,"Paneer Chilly Fry",2025-02-26-67beffa197cba.png,"Kaka Ka Dhaba Jehan Circle"
7144,"Veg Shanghai",2025-02-26-67bf002690e40.png,"Kaka Ka Dhaba Jehan Circle"
7145,"Veg Chowmin",2025-02-26-67bf00b095247.png,"Kaka Ka Dhaba Jehan Circle"
7146,"Veg Manchurian",2025-02-26-67bf012113da3.png,"Kaka Ka Dhaba Jehan Circle"
7147,"Veg Lollypop",2025-02-26-67bf01904a03f.png,"Kaka Ka Dhaba Jehan Circle"
7148,"Veg Gold Coin",2025-02-26-67bf026d6347e.png,"Kaka Ka Dhaba Jehan Circle"
7149,"Soyabean Chilly",2025-02-26-67bf03d7b05ac.png,"Kaka Ka Dhaba Jehan Circle"
7150,"Mushroom Chilly",2025-02-26-67bf0452d67f7.png,"Kaka Ka Dhaba Jehan Circle"
7151,"Paneer Manchurian",2025-02-26-67bf04bce8555.png,"Kaka Ka Dhaba Jehan Circle"
7152,"Chinese Bhel",2025-02-26-67bf0556ede82.png,"Kaka Ka Dhaba Jehan Circle"
7153,"Baby Corn Chilly",2025-02-26-67bf05feb784f.png,"Kaka Ka Dhaba Jehan Circle"
7154,"American Choupsey Non Veg",2025-02-26-67bf06a66c5a3.png,"Kaka Ka Dhaba Jehan Circle"
7155,"American Chopsuey",2025-02-26-67bf0792143ed.png,"Kaka Ka Dhaba Jehan Circle"
7156,"Chicken Hakka Noodles",2025-02-26-67bf086f9dcda.png,"Kaka Ka Dhaba Jehan Circle"
7157,"Mix Spring Roll",2025-02-26-67bf08d416013.png,"Kaka Ka Dhaba Jehan Circle"
7158,"Prawn Hakka Noodles",2025-02-27-67bfe8a1ed125.png,"Kaka Ka Dhaba Jehan Circle"
7159,"Prawns Spring Roll",2025-02-27-67bfe992e6b40.png,"Kaka Ka Dhaba Jehan Circle"
7160,"Veg Hakka Noodles",2025-02-27-67bfea254d8e9.png,"Kaka Ka Dhaba Jehan Circle"
7161,"Veg Schezwan Noodles",2025-02-27-67bfeac919496.png,"Kaka Ka Dhaba Jehan Circle"
7162,"Veg Mushroom Noodles",2025-02-27-67bfeb39bb14f.png,"Kaka Ka Dhaba Jehan Circle"
7163,"Chicken Spring Roll",2025-02-27-67bfeba7b82d8.png,"Kaka Ka Dhaba Jehan Circle"
7180,"Cheese Angoori",2025-02-27-67bff23ae79d2.png,"Kaka Ka Dhaba Jehan Circle"
7182,"Thecha",2025-02-27-67bff2dbc0a88.png,"Kaka Ka Dhaba Jehan Circle"
7186,"Nargis Kofta",2025-02-27-67bff56474052.png,"Kaka Ka Dhaba Jehan Circle"
7190,"Paneer Masala",2025-02-27-67bff6f7e552a.png,"Kaka Ka Dhaba Jehan Circle"
7194,"Shev Bhaji",2025-02-27-67bff82ef1b87.png,"Kaka Ka Dhaba Jehan Circle"
7200,"Dum Aloo Punjabi",2025-02-27-67bffa4b75df2.png,"Kaka Ka Dhaba Jehan Circle"
7202,"Mushroom Tawa",2025-02-27-67bffb2ecba25.png,"Kaka Ka Dhaba Jehan Circle"
7204,"Aloo Paratha",2025-02-27-67bffc2d87434.png,"Kaka Ka Dhaba Jehan Circle"
7205,"Gobi Paratha",2025-02-27-67bffc82442e4.png,"Kaka Ka Dhaba Jehan Circle"
7206,"Muli Paratha",2025-02-27-67bffcd311ed9.png,"Kaka Ka Dhaba Jehan Circle"
7208,"Paneer Paratha",2025-02-27-67bffd1d82b84.png,"Kaka Ka Dhaba Jehan Circle"
7209,"Brain Masala",2025-02-27-67bffd79f3403.png,"Kaka Ka Dhaba Jehan Circle"
7210,"Brain Fry",2025-02-27-67bffdc8924d1.png,"Kaka Ka Dhaba Jehan Circle"
7211,"Khima Masala",2025-02-27-67bffe0d8db4a.png,"Kaka Ka Dhaba Jehan Circle"
7212,"Keema Liver",2025-02-27-67bffe637fea4.png,"Kaka Ka Dhaba Jehan Circle"
7213,"Mutton Curry",2025-02-27-67bffeb48f89b.png,"Kaka Ka Dhaba Jehan Circle"
7214,"Mutton Masala Fry",2025-02-27-67bfff039e258.png,"Kaka Ka Dhaba Jehan Circle"
7215,"Mutton Maratha",2025-02-27-67bfffb917e56.png,"Kaka Ka Dhaba Jehan Circle"
7216,"Mutton Do Pyaza",2025-02-27-67c00014b6709.png,"Kaka Ka Dhaba Jehan Circle"
7217,"Mutton Rogan Josh",2025-02-27-67c000634cc6b.png,"Kaka Ka Dhaba Jehan Circle"
7219,"Mutton Dal Ghosh",2025-02-27-67c0013743847.png,"Kaka Ka Dhaba Jehan Circle"
7220,"Bundi Raita",2025-02-27-67c0018905d53.png,"Kaka Ka Dhaba Jehan Circle"
7221,"Veg Raita",2025-02-27-67c001cf7c406.png,"Kaka Ka Dhaba Jehan Circle"
7222,"Egg Masala",2025-02-27-67c0021a337a9.png,"Kaka Ka Dhaba Jehan Circle"
7223,"Egg Curry",2025-02-27-67c0027542b85.png,"Kaka Ka Dhaba Jehan Circle"
7224,"Egg Omelette",2025-02-27-67c002bd958c4.png,"Kaka Ka Dhaba Jehan Circle"
7225,"Egg Fry",2025-02-27-67c003055f66a.png,"Kaka Ka Dhaba Jehan Circle"
7226,"Butter Chicken",2025-02-27-67c0035f0641c.png,"Kaka Ka Dhaba Jehan Circle"
7227,"Chicken Masala",2025-02-27-67c003ab16251.png,"Kaka Ka Dhaba Jehan Circle"
7228,"Chicken Tikka Masala",2025-02-27-67c003fac3e22.png,"Kaka Ka Dhaba Jehan Circle"
7229,"Chicken Sagwala",2025-02-27-67c0044e259a8.png,"Kaka Ka Dhaba Jehan Circle"
7230,"Chicken Curry",2025-02-27-67c004a4ddc92.png,"Kaka Ka Dhaba Jehan Circle"
7231,"Chicken Moghlai",2025-02-27-67c004f1f23fa.png,"Kaka Ka Dhaba Jehan Circle"
7232,"Chicken Latpat",2025-02-27-67c005924b8d7.png,"Kaka Ka Dhaba Jehan Circle"
7233,"Chicken Adraki",2025-02-27-67c0064bea09b.png,"Kaka Ka Dhaba Jehan Circle"
7234,"Chicken Handi",2025-02-27-67c006d8629d7.png,"Kaka Ka Dhaba Jehan Circle"
7235,"Butter Chicken Boneless",2025-02-27-67c0075c4a190.png,"Kaka Ka Dhaba Jehan Circle"
7236,"Butter Chicken With Bone",2025-02-27-67c007e29c944.png,"Kaka Ka Dhaba Jehan Circle"
7237,"Chicken Afgani",2025-02-27-67c008528c8ca.png,"Kaka Ka Dhaba Jehan Circle"
7238,"Chicken Patiyala",2025-02-27-67c008b50d34d.png,"Kaka Ka Dhaba Jehan Circle"
7239,"Chicken Basket",2025-02-27-67c0091822bf6.png,"Kaka Ka Dhaba Jehan Circle"
7240,"Ran Tandoori",2025-02-27-67c0096fd298d.png,"Kaka Ka Dhaba Jehan Circle"
7241,"Watermelon Mosambi Juice",2025-02-27-67c01563b0038.png,"Jalsa Juice"
7242,"Muskmelon Juice",2025-02-27-67c0167673f71.png,"Jalsa Juice"
7243,"Muskmelon Pineapple Juice",2025-02-27-67c018afafd62.png,"Jalsa Juice"
7244,"Muskmelon Watermelon Juice",2025-02-27-67c01efd9d5f4.png,"Jalsa Juice"
7245,"Muskmelon Orange Juice",2025-02-27-67c0202652cb8.png,"Jalsa Juice"
7246,"Pineapple Juice",2025-02-27-67c020f580f80.png,"Jalsa Juice"
7247,"Pineapple Orange Juice",2025-02-27-67c0232836439.png,"Jalsa Juice"
7248,"Pineapple Mosambi Juice",2025-02-27-67c0256d41ff9.png,"Jalsa Juice"
7249,"Pineapple Ginger Lemon",2025-02-27-67c026741615e.png,"Jalsa Juice"
7250,"Orange Ginger Lemon Juice",2025-02-27-67c02753af6f0.png,"Jalsa Juice"
7251,"Mosambi Ginger Lemon Juice",2025-02-27-67c028ce6088f.png,"Jalsa Juice"
8738,"Dahi Kanda Kachori",2025-12-26-694e708bbcee3.jpg,"Satyam Sweets"
8968,"Veg Burger",2025-03-18-67d945fa9857e.png,"Dear Dosa"
8969,"Cheese Burger",2025-03-18-67d946cec4ff7.png,"Dear Dosa"
9367,"Burma Delight Veg",2025-04-07-67f3bbea085fc.png,"Asian Wok & Grill"
9368,"Asian Veggies Red Pepper Sauce",2025-04-07-67f3bc669e08a.png,"Asian Wok & Grill"
9369,"Stir Fried Asian Green With Chilli Basil",2025-04-07-67f3bd5293cab.png,"Asian Wok & Grill"
9370,"Hot Bean",2025-04-07-67f3beb5aa9ea.png,"Asian Wok & Grill"
9371,"Five Treasure Shanghai Style",2025-04-07-67f3bf90828fc.png,"Asian Wok & Grill"
9372,"Corn Potatoes Water Chestnut In Tsing Hoi Style",2025-04-07-67f3c05519e57.png,"Asian Wok & Grill"
9374,"Classic Manchurian Veg",2025-04-07-67f3c216e0fba.png,"Asian Wok & Grill"
9375,"Buddha Delight",2025-04-07-67f3c2aedaf1b.png,"Asian Wok & Grill"
9589,"Samosa (1pc)",2025-12-25-694d0996b4efb.jpg,"Ratanji Mithaiwale"
9590,"Kachori (1 pic)",2025-12-25-694d0bb03ebde.jpg,"Ratanji Mithaiwale"
9591,"Kanda Kachori (1 pc)",2025-12-25-694d0d174a198.jpg,"Ratanji Mithaiwale"
9592,"Vada Pav (1 pc)",2025-12-26-694e55281eab8.jpg,"Ratanji Mithaiwale"
9593,"Bread Sandwich",2025-12-26-694e56a70092d.jpg,"Ratanji Mithaiwale"
9594,"Batata Vada (1 pc)",2025-12-26-694e55b78285c.jpg,"Ratanji Mithaiwale"
9596,"Tandoor Roll",2025-12-26-694e56002fddc.jpg,"Ratanji Mithaiwale"
9597,"Samosa Pav (1 pc)",2025-12-26-694e565f2ad3e.jpg,"Ratanji Mithaiwale"
9599,"Veg Pattice (1 pc)",2025-12-26-694e54ce1a20b.jpg,"Ratanji Mithaiwale"
9600,"Paneer Pattice (1 pc)",2025-12-26-694e547d7678d.jpg,"Ratanji Mithaiwale"
9601,"Dahi Vada",2025-12-26-694e54345e49e.jpg,"Ratanji Mithaiwale"
9604,"Khaman Dhokla",2025-12-26-694e4aa08a448.jpg,"Ratanji Mithaiwale"
9605,"Moongdal Dhokla",2025-12-26-694e4a6d6e2c9.jpg,"Ratanji Mithaiwale"
9606,"Idli Dhokla",2025-12-26-694e4a4022a40.jpg,"Ratanji Mithaiwale"
9607,"Sandwich Dhokla",2025-12-26-694e49ae12303.jpg,"Ratanji Mithaiwale"
9608,"Aloo Vadi",2025-12-26-694e495d5d700.jpg,"Ratanji Mithaiwale"
9610,"Kanda Bhaji",2025-12-26-694e492f2b96f.jpg,"Ratanji Mithaiwale"
9611,"Moongdal Bhaji",2025-12-26-694e4904ce878.jpg,"Ratanji Mithaiwale"
9615,"Thepla",2025-12-26-694e48dc281cf.jpg,"Ratanji Mithaiwale"
9616,"Coin Pizza",2025-12-26-694e48b4151ab.jpg,"Ratanji Mithaiwale"
9620,"Desi Ghee Jalebi",2025-12-26-694e4888af14b.jpg,"Ratanji Mithaiwale"
9646,"Pani Puri",2025-12-26-694e48659a1e4.jpg,"Ratanji Mithaiwale"
9647,"Masala Puri",2025-12-26-694e483c41d2e.jpg,"Ratanji Mithaiwale"
9649,"Bhel Puri",2025-12-26-694e47bc2b8d6.jpg,"Ratanji Mithaiwale"
9657,"Bhalla Papdi",2025-12-26-694e479ae836c.jpg,"Ratanji Mithaiwale"
9659,"Dahi Samosa Chaat",2025-12-26-694e477a200c9.jpg,"Ratanji Mithaiwale"
9662,"Dahi Kachori Chaat",2025-12-26-694e475a4e24f.jpg,"Ratanji Mithaiwale"
9665,"Papdi Chaat (plate)",2025-12-26-694e4739101ae.jpg,"Ratanji Mithaiwale"
9667,"Dahi Bhalla",2025-12-26-694e46c329328.jpg,"Ratanji Mithaiwale"
9670,"Ragda Patties (Pure Ghee)",2025-12-24-694bdcc4d707e.jpg,"Ratanji Mithaiwale"
9700,"Jumbo Grilled Sandwich",2025-12-26-694e469e78bdb.jpg,"Ratanji Mithaiwale"
9701,"Jumbo Cheese Grilled Sandwich",2025-12-26-694e4673a7613.jpg,"Ratanji Mithaiwale"
9702,"Mayonnaise Sandwich",2025-12-26-694e4644eb9bc.jpg,"Ratanji Mithaiwale"
9703,"Veg. Cheese Grilled Mayonnaise Sandwich",2025-12-26-694e4620d0a99.jpg,"Ratanji Mithaiwale"
9704,"Veg Burger",2025-12-26-694e45f7b43f8.jpg,"Ratanji Mithaiwale"
9705,"Veg Cheese Burger",2025-12-26-694e45d1c37ac.jpg,"Ratanji Mithaiwale"
9740,"Idali Packet (4 Pcs)",2025-12-26-694e45a781e59.jpg,"Ratanji Mithaiwale"
10022,"Malai Pedha",2025-12-26-694e45144151a.jpg,"Ratanji Mithaiwale"
10023,"Pakka Pedha",2025-12-26-694e44d72e1ec.jpg,"Ratanji Mithaiwale"
10024,"Kesar Pedha",2025-12-26-694e41b1bbb35.jpg,"Ratanji Mithaiwale"
10025,"Malai Barfi",2025-12-26-694e3dc8035dd.jpg,"Ratanji Mithaiwale"
10026,"Mango Malai Barfi",2025-12-26-694e3cf1b6939.jpg,"Ratanji Mithaiwale"
10027,"Anjeer Barfi",2025-12-26-694e3c4819ad2.jpg,"Ratanji Mithaiwale"
10028,"Gulkand Barfi",2025-12-26-694e3bce0d986.jpg,"Ratanji Mithaiwale"
10029,"Chocolate Barfi",2025-12-26-694e3ba43ff5b.jpg,"Ratanji Mithaiwale"
10030,"Kesar Pista Barfi",2025-12-26-694e3b3ed119c.jpg,"Ratanji Mithaiwale"
10031,"Motichur Laddu (Pure Ghee)",2025-12-26-694e3580d2531.jpg,"Ratanji Mithaiwale"
10032,"Motichur Laddu (Sadha Ghee)",2025-12-26-694e3a6a67968.jpg,"Ratanji Mithaiwale"
10033,"Amba Vadi",2025-12-26-694e3a44cd64e.jpg,"Ratanji Mithaiwale"
10034,"Mohan Thal",2025-12-26-694e3a1a13c0a.jpg,"Ratanji Mithaiwale"
10035,"Soan Papdi",2025-12-26-694e39e0bd2f8.jpg,"Ratanji Mithaiwale"
10036,"Mysore Paak",2025-12-26-694e39b5892fa.jpg,"Ratanji Mithaiwale"
10037,"Prince Halwa",2025-12-26-694e398e8d6e7.jpg,"Ratanji Mithaiwale"
10038,"Badami Halwa",2025-12-26-694e39139f596.jpg,"Ratanji Mithaiwale"
10039,"Golden Pista Halwa",2025-12-26-694e38e3aa6e6.jpg,"Ratanji Mithaiwale"
10040,"Balushahi",2025-12-26-694e38a96b3ff.jpg,"Ratanji Mithaiwale"
10041,"Kala Gulab Jamun",2025-12-26-694e384d1f30c.jpg,"Ratanji Mithaiwale"
10043,"Long Gulab Jamun (Pure Ghee)",2025-12-26-694e380aa2918.jpg,"Ratanji Mithaiwale"
10044,"Paak Gulab Jamun",2025-12-26-694e37b3c5dd1.jpg,"Ratanji Mithaiwale"
10046,"Sugarfree Milk Cake",2025-12-26-694e373c582ec.jpg,"Ratanji Mithaiwale"
10047,"Rasgula",2025-12-26-694e37116f77e.jpg,"Ratanji Mithaiwale"
10048,"Malai Paneer",2025-12-26-694e3543f0aba.jpg,"Ratanji Mithaiwale"
10049,"Rasmalai",2025-12-26-694e3445afd2c.jpg,"Ratanji Mithaiwale"
10050,"Angoor Malai",2025-12-26-694e341f4aad0.jpg,"Ratanji Mithaiwale"
10051,"Dryfruit Rabdi",2025-12-26-694e2e95b4431.jpg,"Ratanji Mithaiwale"
10053,"Amrakhand",2025-12-26-694e2c0646bcc.jpg,"Ratanji Mithaiwale"
10054,"Malai Lassi",2025-12-26-694e2bd2e6d44.jpg,"Ratanji Mithaiwale"
10055,"Mango Lassi",2025-12-26-694e1bfc66b92.jpg,"Ratanji Mithaiwale"
10056,"Kaju Katli",2025-12-26-694e1a1074917.jpg,"Ratanji Mithaiwale"
10058,"Dryfruit Anarkali",2025-12-26-694e193ca574b.jpg,"Ratanji Mithaiwale"
10059,"Roasted Badam Gujiya",2025-12-24-694bd69c33b19.jpg,"Ratanji Mithaiwale"
10060,"Sangam Katli",2025-12-25-694d063411c27.jpg,"Ratanji Mithaiwale"
10061,"Dryfruit Chocochips Ladoo",2025-12-25-694d06c2126ba.jpg,"Ratanji Mithaiwale"
10062,"Dryfruit Rose Ladoo",2025-12-25-694d072604c2a.jpg,"Ratanji Mithaiwale"
10063,"Kaju Kesar Roll",2025-12-25-694d074dc5452.jpg,"Ratanji Mithaiwale"
10724,"Jaldi Buy Multi-Colour Reusable Microfiber Cloth  Pack of 5",2024-08-29-66d01d315bcc3.png,"Jaldi Buy"
10727,"Feather Duster Brush",2024-08-29-66d020fe11dce.png,"Jaldi Buy"
10895,"Paneer Angara",2025-05-31-683af252203ee.png,"Hotel Mauli"
11073,"Masala Rice",2025-01-07-677cce617b59c.png,"Hari Om Dhaba"
11074,"Dal khichada",2025-01-07-677cce9190f0c.png,"Hari Om Dhaba"
11075,"Palak Dal Khichada",2025-01-07-677ccf0090f1f.png,"Hari Om Dhaba"
11076,"Curd Rice",2025-01-07-677ccf2ddc87f.png,"Hari Om Dhaba"
11112,"Plain Rice (Half)",2025-01-07-677ccb788be1e.png,"Hari Om Dhaba"
11353,"Paneer Navabi",2025-06-02-683d20cf64995.png,"Hotel Mauli"
11407,"Paneer Makhanwala",2024-12-30-6772ac6651d46.png,"Hotel Raj Darbar"
11408,"Paneer Angara",2024-12-31-6773789664f4e.png,"Hotel Raj Darbar"
11409,"Paneer Pasanda",2024-12-31-6773795b5d0f1.png,"Hotel Raj Darbar"
11410,"Paneer Tikka Masala",2024-12-31-677387c82ecc6.png,"Hotel Raj Darbar"
11411,"Paneer Butter Masala",2024-12-31-6773880716aa7.png,"Hotel Raj Darbar"
11416,"Paneer Lababdar",2025-01-08-677e34c850673.png,"Shagun Tadka"
11418,"Paneer Chatpata",2025-01-08-677e350c73da3.png,"Shagun Tadka"
11419,"Paneer Handi",2025-01-08-677e3525eff3f.png,"Shagun Tadka"
11420,"Spl.Paneer Koliwada",2025-01-08-677e3711e8435.png,"Shagun Tadka"
11423,"Kaju Paneer Kofta",2025-01-08-677e5e83b1adf.png,"Shagun Tadka"
11432,"Paneer Korma",2025-01-12-678314474dab1.png,"Kaka Ka Dhaba"
11444,"Paneer Masala",2025-01-15-6787662243f6d.png,"Shree Vakratund Parcel Point"
11445,"Paneer Butter Masala",2025-01-15-6787664eab0d6.png,"Shree Vakratund Parcel Point"
11446,"Paneer Palak",2025-01-15-678766812f22c.png,"Shree Vakratund Parcel Point"
11447,"Paneer Tikka Masala",2025-01-15-678767e67360f.png,"Shree Vakratund Parcel Point"
11448,"Paneer Bhurji",2025-01-15-6787683ee3839.png,"Shree Vakratund Parcel Point"
11449,"Paneer Kofta",2025-01-15-67876878c74d2.png,"Shree Vakratund Parcel Point"
11450,"Shahi Paneer",2025-01-15-6787689ebec14.png,"Shree Vakratund Parcel Point"
11451,"Paneer Kadai",2025-01-15-678768ce8400d.png,"Shree Vakratund Parcel Point"
11453,"Paneer Do Payza",2025-01-15-67876944ddbcc.png,"Shree Vakratund Parcel Point"
11454,"Paneer Lababdar",2025-01-15-67876980deee3.png,"Shree Vakratund Parcel Point"
11460,"Paneer Tikka Masala",2025-01-15-67879483ae4ee.png,"S.K. Food Parcel Point"
11465,"Paneer Butter Masala",2025-01-16-6788bc2cee9f3.png,"Sai Shraddha Parcel Point And Mess"
11466,"Mutter Paneer",2025-01-16-6788bc7aa58c4.png,"Sai Shraddha Parcel Point And Mess"
11467,"Paneer Angara",2025-01-25-67946c77c332b.png,"Pravi By Grape Embassy"
11469,"Shahi Paneer",2025-01-25-67946cd799137.png,"Pravi By Grape Embassy"
11470,"Paneer Tikka Masala",2025-01-25-67946d0d100df.png,"Pravi By Grape Embassy"
11480,"Paneer Mushroom",2025-01-28-679891d2d21e8.png,"Kaka Ka Dhaba"
11517,"Palak Paneer",2025-02-11-67ab298702fc5.png,"CURRY LEAVES"
11536,"Paneer Butter Masala",2025-02-21-67b847e74f808.png,"Maharashtra Darbar House Of Biryani"
11537,"Paneer Tikka Masala",2025-02-21-67b84ae76e08a.png,"Maharashtra Darbar House Of Biryani"
11538,"Paneer Kolhapuri",2025-02-21-67b84b2dbfd9b.png,"Maharashtra Darbar House Of Biryani"
11541,"Paneer Pasanda",2025-02-21-67b85ac779676.png,"Maharashtra Darbar House Of Biryani"
11577,"Paneer Masala",2025-02-27-67bff6f7e552a.png,"Kaka Ka Dhaba Jehan Circle"
11722,"Paneer Masala",2025-05-31-683aebedcadab.png,"Hotel Mauli"
11724,"Kaju Paneer Masala",2025-05-31-683aec8f5b963.png,"Hotel Mauli"
11725,"Paneer Tikka Masala",2025-05-31-683aed8661111.png,"Hotel Mauli"
11726,"Paneer Lachedar",2025-05-31-683af03513f70.png,"Hotel Mauli"
11727,"Paneer Hangama",2025-05-31-683af1c059892.png,"Hotel Mauli"
11728,"Paneer Laziz",2025-05-31-683af32f73367.png,"Hotel Mauli"
11729,"Paneer Hara Dhaniya",2025-05-31-683af4037c59b.png,"Hotel Mauli"
11730,"Paneer Peshawari",2025-05-31-683af46a34781.png,"Hotel Mauli"
11731,"Paneer Khas",2025-06-02-683d200a5f193.png,"Hotel Mauli"
11732,"Paneer Nawabi",2025-06-02-683d20cf64995.png,"Hotel Mauli"
11734,"Paneer Navabi Kofta",2025-06-02-683d23a9c8a31.png,"Hotel Mauli"
11737,"Paneer Kurma",2025-06-02-683d2572e581e.png,"Hotel Mauli"
11739,"Paneer Bhurji",2025-06-02-683d262fad718.png,"Hotel Mauli"
11740,"Shahi Paneer (Sweet)",2025-06-02-683d2719b4153.png,"Hotel Mauli"
11743,"Paneer Cheese Lababdar",2025-06-02-683d28099a009.png,"Hotel Mauli"
11747,"Paneer Angara",2024-12-17-676150c053257.png,"Hari Om Dhaba"
11749,"Paneer Dum Handi",2024-12-17-6761518351aa6.png,"Hari Om Dhaba"
11750,"Paneer Lahori",2024-12-17-67615221dadd6.png,"Hari Om Dhaba"
11752,"Paneer Pasanda",2024-12-17-6761547e0d40c.png,"Hari Om Dhaba"
11753,"Paneer Mirchi Masala",2024-12-17-6761550e0ce83.png,"Hari Om Dhaba"
11756,"Paneer Butter Masala",2024-12-17-676155a85ff3f.png,"Hari Om Dhaba"
11758,"Mutter Paneer",2024-12-17-676156459d17a.png,"Hari Om Dhaba"
11759,"Paneer Makhanwala",2024-12-17-676156b327fe0.png,"Hari Om Dhaba"
11760,"Paneer Kofta",2024-12-17-676156f77c5b5.png,"Hari Om Dhaba"
11787,"Paneer Angara",2024-12-31-6773789664f4e.png,"Hotel Raj Darbar"
11788,"Paneer Pasanda",2024-12-31-6773795b5d0f1.png,"Hotel Raj Darbar"
11789,"Paneer Tikka Masala",2024-12-31-677387c82ecc6.png,"Hotel Raj Darbar"
11795,"Paneer Lababdar",2025-01-08-677e34c850673.png,"Shagun Tadka"
11797,"Paneer Chatpata",2025-01-08-677e350c73da3.png,"Shagun Tadka"
11798,"Paneer Handi",2025-01-08-677e3525eff3f.png,"Shagun Tadka"
11799,"Spl.Paneer Koliwada",2025-01-08-677e3711e8435.png,"Shagun Tadka"
11802,"Kaju Paneer Kofta",2025-01-08-677e5e83b1adf.png,"Shagun Tadka"
11811,"Paneer Korma",2025-01-12-678314474dab1.png,"Kaka Ka Dhaba"
11823,"Paneer Masala",2025-01-15-6787662243f6d.png,"Shree Vakratund Parcel Point"
11824,"Paneer Butter Masala",2025-01-15-6787664eab0d6.png,"Shree Vakratund Parcel Point"
11825,"Paneer Palak",2025-01-15-678766812f22c.png,"Shree Vakratund Parcel Point"
11826,"Paneer Tikka Masala",2025-01-15-678767e67360f.png,"Shree Vakratund Parcel Point"
11827,"Paneer Bhurji",2025-01-15-6787683ee3839.png,"Shree Vakratund Parcel Point"
11828,"Paneer Kofta",2025-01-15-67876878c74d2.png,"Shree Vakratund Parcel Point"
11829,"Shahi Paneer",2025-01-15-6787689ebec14.png,"Shree Vakratund Parcel Point"
11830,"Paneer Kadai",2025-01-15-678768ce8400d.png,"Shree Vakratund Parcel Point"
11832,"Paneer Do Payza",2025-01-15-67876944ddbcc.png,"Shree Vakratund Parcel Point"
11833,"Paneer Lababdar",2025-01-15-67876980deee3.png,"Shree Vakratund Parcel Point"
11839,"Paneer Tikka Masala",2025-01-15-67879483ae4ee.png,"S.K. Food Parcel Point"
11844,"Paneer Butter Masala",2025-01-16-6788bc2cee9f3.png,"Sai Shraddha Parcel Point And Mess"
11845,"Mutter Paneer",2025-01-16-6788bc7aa58c4.png,"Sai Shraddha Parcel Point And Mess"
11846,"Paneer Angara",2025-01-25-67946c77c332b.png,"Pravi By Grape Embassy"
11848,"Shahi Paneer",2025-01-25-67946cd799137.png,"Pravi By Grape Embassy"
11849,"Paneer Tikka Masala",2025-01-25-67946d0d100df.png,"Pravi By Grape Embassy"
11859,"Paneer Mushroom",2025-01-28-679891d2d21e8.png,"Kaka Ka Dhaba"
11896,"Palak Paneer",2025-02-11-67ab298702fc5.png,"CURRY LEAVES"
11915,"Paneer Butter Masala",2025-02-21-67b847e74f808.png,"Maharashtra Darbar House Of Biryani"
11920,"Paneer Pasanda",2025-02-21-67b85ac779676.png,"Maharashtra Darbar House Of Biryani"
11995,"Dal Palak",2025-02-16-67b1b5bfea3df.png,"Hotel Krishna Leela Family Restaurant"
11996,"Dal Makhani",2025-02-16-67b1b521c215d.png,"Hotel Krishna Leela Family Restaurant"
11997,"Dal Tadka",2025-02-16-67b1b47075b8d.png,"Hotel Krishna Leela Family Restaurant"
11998,"Dal Fry",2025-02-16-67b1b38a79163.png,"Hotel Krishna Leela Family Restaurant"
12007,"Dal Makhani",2025-01-25-67946deac1c1d.png,"Pravi By Grape Embassy"
12008,"Dal Tadka",2025-01-25-67946dd127caa.png,"Pravi By Grape Embassy"
12009,"Dal Fry",2025-01-25-67946db192be0.png,"Pravi By Grape Embassy"
12010,"Dal Tadka",2025-12-18-694389bb03567.jpg,"Kokni Darbar"
12011,"Sp. Dal Fry",2025-12-18-694397a27f341.jpg,"Kokni Darbar"
12012,"Dal Fry",2025-12-18-69439ab411088.jpg,"Kokni Darbar"
12031,"Dal Kholapuri Tadka",2025-01-07-677cc5f4e9289.png,"Hari Om Dhaba"
12035,"Mong Dal Tadka",2025-01-07-677cc82d45686.png,"Hari Om Dhaba"
12036,"Dal Makhani",2025-01-07-677cc79a81d4a.png,"Hari Om Dhaba"
12037,"Dal Methi",2025-01-07-677cc76bb230c.png,"Hari Om Dhaba"
12038,"Dal Palak",2025-01-07-677cc6f3e382a.png,"Hari Om Dhaba"
12039,"Dal Maharani",2025-01-07-677cc67b08ba8.png,"Hari Om Dhaba"
12041,"Dal Tadka",2025-01-07-677cc56d3ef88.png,"Hari Om Dhaba"
12042,"Dal Fry",2025-01-07-677cc54495b28.png,"Hari Om Dhaba"
12049,"Dal Fry",2025-01-13-6784c34673d54.png,"Nashik Shidori Bhakri"
12050,"Dal Tadka",2025-01-15-6787a2ff97cbe.png,"S.K. Food Parcel Point"
12051,"Dal Fry",2025-01-15-6787a2bacfb61.png,"S.K. Food Parcel Point"
12055,"Dal Palak",2025-01-15-678742aa352ef.png,"Shagun Tadka"
12056,"Dal Tadka",2025-01-15-6787428285d12.png,"Shagun Tadka"
12057,"Dal Fry",2025-01-15-67874261d9f2e.png,"Shagun Tadka"
12059,"Dal Tadka",2025-01-13-6784c31d9225e.png,"Nashik Shidori Bhakri"
12060,"Dal Makhani",2025-01-13-6784c2bdb34d1.png,"Nashik Shidori Bhakri"
12061,"Dal Moglai",2025-01-12-67833f3df02ea.png,"Kaka Ka Dhaba"
12085,"Bajra Bhakri",2025-01-07-677cd9894bbc2.png,"Hari Om Dhaba"
12095,"Wheat Chapati",2025-01-07-677cd6cc44f3c.png,"Hari Om Dhaba"
12097,"Plain Naan",2025-01-10-6780fc6069539.png,"Hotel Rawail's Seble"
12122,"Tandoor Roti",2025-01-07-677cd05c12957.png,"Hari Om Dhaba"
12123,"Plain Naan",2025-01-07-677cd0ae94b5c.png,"Hari Om Dhaba"
12124,"Tandoor Garlic Naan",2025-01-07-677cd183d0c90.png,"Hari Om Dhaba"
12126,"Kulcha Masala",2025-01-07-677cd541dae5a.png,"Hari Om Dhaba"
12127,"Cheese Naan",2025-01-07-677cd61e8b34c.png,"Hari Om Dhaba"
12567,"Veg Ashiyana",2025-05-31-683aa3804d4b4.png,"Hotel Mauli"
12604,"Veg Lajwab",2025-05-31-683aaab7dc447.png,"Hotel Mauli"
12797,"Mix Veg",2025-02-19-67b58ad1a1d5e.png,"Hotel Razzle"
12804,"Garden Fresh Veg",2025-02-19-67b5979df0708.png,"Hotel Razzle"
12874,"Veg Kolhapuri",2025-04-03-67ee2799f1882.png,"Hotel Maharaja Kathiyawadi"
12879,"Stuff Capsicum",2025-04-03-67ee219663b60.png,"Hotel Maharaja Kathiyawadi"
13655,"MamyPoko Pants Standard Diapers (L) 44 count 9-14 kg",2025-12-18-6943a93a5b1fd.png,"Diapers Point-Best Diaper Shop in Nashik"
13698,"Meo Adult Tuna Cat Dry Food",2025-07-15-687647560ac82.png,"Fresh Medico and Pet Shop"
13789,"MamyPoko Pants All Night Absorb Baby Diapers  (XL)  36 Count",2025-12-18-6943a94fdfc52.png,"Diapers Point-Best Diaper Shop in Nashik"
13860,"Akrod (Whole Walnuts)",2025-12-30-695361d2c7a6c.png,"Nilesh Super Market Pvt. Ltd."
13882,"Badam (Almonds) - Regular",2025-12-30-69536270831ab.jpg,"Nilesh Super Market Pvt. Ltd."
13889,"Kaju (Cashew) - Regular",2025-12-30-695362bce1396.jpg,"Nilesh Super Market Pvt. Ltd."
13994,"Anardana (Pomegranate Seeds)",2025-12-30-695361523926a.jpg,"Nilesh Super Market Pvt. Ltd."
13995,"Roasted Fennel Seeds (Bhajki Badishop/Saunf)",2025-12-30-69536030248fd.jpg,"Nilesh Super Market Pvt. Ltd."
14399,"Kunafa Malai Burfi",2025-12-04-6931701a1939f.jpg,"Ganesh Sweet Mart"
14508,"Paneer Lahori",2025-08-22-68a7f42f3260d.png,"New Hariom Dhaba"
14509,"Paneer Pasanda",2025-08-22-68a7f4cac4d2a.png,"New Hariom Dhaba"
14510,"Paneer Angara",2025-08-22-68a7f55108240.png,"New Hariom Dhaba"
14511,"Paneer Chatpata",2025-08-22-68a7f5daed014.png,"New Hariom Dhaba"
14512,"Paneer Tikka Masala",2025-08-22-68a7f66104d7f.png,"New Hariom Dhaba"
14513,"Paneer Bhurji",2025-08-22-68a7f6f277b26.png,"New Hariom Dhaba"
14514,"Paneer Khurma",2025-08-22-68a7f7839ec58.png,"New Hariom Dhaba"
14515,"Palak Paneer",2025-08-22-68a7f7edc44e9.png,"New Hariom Dhaba"
14516,"Kadhai Paneer",2025-08-22-68a7f843e00f3.png,"New Hariom Dhaba"
14517,"Kaju Paneer",2025-08-22-68a7f8a7afce2.png,"New Hariom Dhaba"
14518,"Green Peas Paneer",2025-08-22-68a7f9774a33c.png,"New Hariom Dhaba"
14519,"Paneer Kofta",2025-08-22-68a7f9dc45c80.png,"New Hariom Dhaba"
14520,"Malai Kofta",2025-08-22-68a7fa536e22a.png,"New Hariom Dhaba"
14521,"Paneer Makhanwala",2025-08-22-68a7fada10e43.png,"New Hariom Dhaba"
14522,"Shahi Paneer",2025-08-22-68a7fb2916f96.png,"New Hariom Dhaba"
14523,"Cheese Butter Masala",2025-08-22-68a7fbe235f99.png,"New Hariom Dhaba"
14524,"Lassi",2025-08-22-68a7fcd8f0802.png,"New Hariom Dhaba"
14525,"Paneer Crispy",2025-08-22-68a7fd5bccff5.png,"New Hariom Dhaba"
14526,"Paneer Kurkura",2025-08-22-68a7fdd61a2a8.png,"New Hariom Dhaba"
14527,"Veg Crispy",2025-08-22-68a7fe3f9d1d7.png,"New Hariom Dhaba"
14528,"Paneer Tikka Dry",2025-08-22-68a7feb349240.png,"New Hariom Dhaba"
14529,"Mushroom Tikka Dry",2025-08-22-68a7ff88e01cf.png,"New Hariom Dhaba"
14530,"Aloo Tikka Dry",2025-08-22-68a8004f3ece6.png,"New Hariom Dhaba"
14531,"Kaju Fry",2025-08-22-68a803517d06d.png,"New Hariom Dhaba"
14532,"Chana Koliwada",2025-08-22-68a803d874569.png,"New Hariom Dhaba"
14533,"Chana Garlic",2025-08-22-68a8048b701b6.png,"New Hariom Dhaba"
14534,"Aloo Jeera",2025-08-22-68a80512f1062.png,"New Hariom Dhaba"
14535,"Bhendi Kurkura",2025-08-22-68a8058a4a53d.png,"New Hariom Dhaba"
14536,"Veg Clear Soup",2025-08-22-68a809556ef34.png,"New Hariom Dhaba"
14537,"Veg Manchow Soup",2025-08-22-68a80a15d8d15.png,"New Hariom Dhaba"
14538,"Veg Manchurian Soup",2025-08-22-68a80a704c32e.png,"New Hariom Dhaba"
14539,"Mushroom Soup",2025-08-22-68a80ac1999ea.png,"New Hariom Dhaba"
14540,"Kesar Roll",2025-12-25-694d091aa33ba.jpg,"Ratanji Mithaiwale"
14543,"Wheat Tandoori Roti",2025-12-01-692d9919807b1.jpg,"Inayat Cafe"
14546,"Butter Garlic Naan",2025-12-01-692d98adf1698.jpg,"Inayat Cafe"
14547,"Butter Naan",2025-12-01-692d988da3a00.jpg,"Inayat Cafe"
14549,"Butter Roti",2025-12-01-692d96808c465.jpg,"Inayat Cafe"
14580,"Alu Vadi",2025-12-25-694d252484f75.jpg,"Ratanji Mithaiwale"
14581,"Khandvi",2025-12-25-694d24be7d1d7.jpg,"Ratanji Mithaiwale"
14582,"Desi Ghee Jalebi",2025-12-25-694d24470716c.jpg,"Ratanji Mithaiwale"
14583,"Gol Shev Puri",2025-12-25-694d23e27f96f.jpg,"Ratanji Mithaiwale"
14586,"Mutter Paneer",2025-08-29-68b1a6d682973.png,"Vedansh Mangwale"
15754,"Sabudana Khichdi+Chiwada+Rajgira Ladoo",2025-11-30-692c1e2307573.png,"Eversweet Chocolate"
15755,"Upwas thali",2025-11-30-692c1b8a68941.png,"Eversweet Chocolate"
15756,"Sabuda Wada(3)+Upwas Chiwada+Chatni",2025-11-30-692c1c4865de7.png,"Eversweet Chocolate"
15757,"Sabudana Khichdi(250ml)",2025-11-30-692c1cd2d4278.png,"Eversweet Chocolate"
15760,"Belgium Chocolate (120gm)",2025-11-30-692c167259bf4.jpg,"Eversweet Chocolate"
15761,"Sabudana Khichdi+Wafers+Rajgira Ladoo",2025-11-30-692c1c9945bae.png,"Eversweet Chocolate"
15927,"Paneer Mumtaz",2025-12-04-69317a61ed70e.jpg,"New Rasoi Restaurant"
16091,"Butter Maggie",2026-01-01-69565d0299a0a.jpg,"NJ's CAFE"
16092,"Cheese Maggie",2026-01-01-69565ce155a0d.jpg,"NJ's CAFE"
16586,"Foxtail Millet Khichadi",2025-12-04-693146177e0ca.jpg,"Super Food Millets"
16590,"Foxtail Millet Dosa Premix",2025-12-05-6932b09df0cbb.jpg,"Super Food Millets"
16591,"Foxtail Millet Idli Premix",2025-12-04-693145c5eaca1.jpg,"Super Food Millets"
16599,"Millet Cookies  Dryfruit",2025-12-04-693143a3b5695.jpg,"Super Food Millets"
16624,"Millet Puff  Cheese",2025-12-05-6932b0f17334a.jpg,"Super Food Millets"
16625,"Millet Puff  Cream & Onion",2025-12-05-6932b0cb8ec3a.jpg,"Super Food Millets"
16626,"Millet Puff  Masala",2025-12-04-69314a6110b7e.jpg,"Super Food Millets"
16627,"Millet Puff - Pani puri",2025-12-04-69314a3f8883d.jpg,"Super Food Millets"
16628,"Millet  Spicy Swag",2025-12-04-693149dd2e66d.jpg,"Super Food Millets"
16629,"Millet - Bhel",2025-12-04-6931488cb8a71.png,"Super Food Millets"
16630,"Millet - Masala Bhel",2025-12-04-69314849b69c3.jpg,"Super Food Millets"
16759,"Rajhans Bhagar",2025-12-04-69315c99a99f9.png,"Super Food Millets"
16763,"Authentic Rajasthani Dal Baati Churma Thali",2025-12-19-69451ca298c2d.jpg,"Green Bakes Tidke Colony"
16886,"Veg Angara",2025-12-01-692d95f926f7c.jpg,"Spicy Tadkaa"
16889,"Paneer Toofani",2025-12-01-692d95d848c93.jpg,"Spicy Tadkaa"
16891,"Paneer Kadai",2025-12-01-692d95b7d6cfa.jpg,"Spicy Tadkaa"
16901,"Unpolished Little millet",2025-12-04-69315c8436cd2.png,"Super Food Millets"
16903,"Unpolished Foxtail Millet (500g)",2025-12-04-69315c6f0c610.png,"Super Food Millets"
17061,"Paneer Kofta",2025-11-25-6925a14c6da48.jpg,"Hotel Om Sai Om and Restaurant"
17062,"Kaju Masala",2025-11-25-6925a0e693057.jpg,"Hotel Om Sai Om and Restaurant"
17063,"Kaju Curry",2025-11-25-69259f41b6b38.jpg,"Hotel Om Sai Om and Restaurant"
17067,"Special Rice Plate",2025-11-25-69259edf9f492.jpg,"Hotel Om Sai Om and Restaurant"
17068,"Rice Plate",2025-11-25-69259e8a9476a.jpg,"Hotel Om Sai Om and Restaurant"
17104,"Triple Schezwan Rice",2025-12-31-6954e0d099fa2.jpg,"Gopal Food Hub"
17246,"Onion + Butter Uttapam",2025-11-25-69253505b0f2c.jpg,"Greenfield's Krishna"
17247,"Onion + Tomato + Butter Uttapam",2025-11-25-692535c1e656a.jpg,"Greenfield's Krishna"
17248,"Onion + Tomato + Cheese Uttapam",2025-11-25-6925386c60862.png,"Greenfield's Krishna"
17249,"Corn + Capsicum Uttapam",2025-11-25-69253910339a4.jpg,"Greenfield's Krishna"
17250,"Corn + Capsicum + Cheese Uttapam",2025-11-25-69253e5c5e431.jpg,"Greenfield's Krishna"
17251,"Onion + Capsicum Uttapam",2025-11-25-69253ef0635ed.jpg,"Greenfield's Krishna"
17252,"Onion + Tomato + Capsicum Uttapam",2025-11-25-6925401ddecbb.jpg,"Greenfield's Krishna"
17253,"Veg Pulao",2025-11-27-6928282d7a7ee.jpg,"Hotel Om Sai Om and Restaurant"
17254,"Dal Khichdi",2025-11-27-69282891bd5f6.jpg,"Hotel Om Sai Om and Restaurant"
17255,"Tadka Dal Khichdi",2025-11-27-692828f1b89f6.jpg,"Hotel Om Sai Om and Restaurant"
17256,"Paneer Pulao",2025-11-27-6928295168277.jpg,"Hotel Om Sai Om and Restaurant"
17257,"Green Peas Pulao",2025-11-27-69282b322702f.jpg,"Hotel Om Sai Om and Restaurant"
17258,"Mattha",2025-11-27-69282baea0c2d.jpg,"Hotel Om Sai Om and Restaurant"
17260,"Shevga Handi",2025-11-27-692848b7dcc6c.jpg,"Hotel Om Sai Om and Restaurant"
17261,"Patode Handi",2025-11-27-69284bf913020.jpg,"Hotel Om Sai Om and Restaurant"
17263,"Matki Handi",2025-11-27-69284de968145.jpg,"Hotel Om Sai Om and Restaurant"
17264,"Shevbhaji Handi",2025-11-27-692847bc82905.jpg,"Hotel Om Sai Om and Restaurant"
17265,"Chana Handi",2025-11-27-69284804df644.jpg,"Hotel Om Sai Om and Restaurant"
17266,"Baingan Handi",2025-11-27-69284864cf0a7.jpg,"Hotel Om Sai Om and Restaurant"
17267,"Kala Masala Soyabean Handi",2025-11-27-692835f577101.jpg,"Hotel Om Sai Om and Restaurant"
17268,"Paneer Handi (White Gravy)",2025-11-27-69284b168364d.jpg,"Hotel Om Sai Om and Restaurant"
17269,"Palak Paneer (white Gravy)",2025-11-27-692849954505d.jpg,"Hotel Om Sai Om and Restaurant"
17270,"Veg Handi (White Gravy)",2025-11-27-69284b76733f9.jpg,"Hotel Om Sai Om and Restaurant"
17271,"Dal Batti",2025-11-27-6928330353a54.webp,"Hotel Om Sai Om and Restaurant"
17272,"Only Batti",2025-11-27-69283440c94d0.jpg,"Hotel Om Sai Om and Restaurant"
17273,"Bangda Fish Fry",2025-11-29-692a956bdf0db.jpg,"Shree Misal & Snacks"
17286,"Anda Roll",2025-11-29-692b1f381d43b.jpg,"Rock N Roll"
17287,"Anda Cheese Roll",2025-11-29-692b1fd8a60d9.jpg,"Rock N Roll"
17288,"Anda Chicken Roll",2025-11-29-692b206d3782c.jpg,"Rock N Roll"
17289,"Anda Chicken Cheese Roll",2025-11-29-692b210cd1705.jpg,"Rock N Roll"
17291,"Anda Panner Roll",2025-11-29-692b21e09d454.jpg,"Rock N Roll"
17292,"Anda Panner Cheese Roll",2025-11-29-692b23e8008b3.jpg,"Rock N Roll"
17293,"Anda Noodles Roll",2025-11-29-692b246c08a8f.jpg,"Rock N Roll"
17294,"Anda Noodles Cheese Roll",2025-11-29-692b24c0e5e73.jpg,"Rock N Roll"
17295,"Anda Manchurian Roll",2025-11-29-692b252352870.jpg,"Rock N Roll"
17296,"Anda Manchurian Cheese Roll",2025-11-29-692b258f97137.jpg,"Rock N Roll"
17298,"Anda Soybean Cheese Roll",2025-11-29-692b26457f2eb.jpg,"Rock N Roll"
17299,"Chicken Roll",2025-11-29-692b26918d352.jpg,"Rock N Roll"
17301,"Double Anda Roll",2025-11-29-692b272c9de53.jpg,"Rock N Roll"
17302,"Double Anda Cheese Roll",2025-11-29-692b27922760f.jpg,"Rock N Roll"
17303,"Double Anda Chicken Roll",2025-11-29-692b27e3da9a6.jpg,"Rock N Roll"
17304,"Double Anda Chicken Cheese Roll",2025-11-29-692b283ec2c97.jpg,"Rock N Roll"
17307,"Double Anda Noodles Roll",2025-11-29-692b295ce862d.jpg,"Rock N Roll"
17308,"Double Anda Noodles Cheese Roll",2025-11-29-692b29bbcc71a.jpg,"Rock N Roll"
17309,"Double Anda Manchurian Roll",2025-11-29-692b2a1868da3.jpg,"Rock N Roll"
17310,"Double Anda Manchurian Cheese Roll",2025-11-29-692b2a6e18151.jpg,"Rock N Roll"
17312,"Double Anda Soybean Cheese Roll",2025-11-29-692b2b1d23584.jpg,"Rock N Roll"
17313,"Rock 'N' Roll Special Non Veg Roll",2025-11-29-692b2b7058ea4.jpg,"Rock N Roll"
17314,"Special Chicken Roll",2025-11-29-692b2bd4e9d0c.jpg,"Rock N Roll"
17315,"Special Chicken Cheese Roll",2025-11-29-692b2c4e3e937.jpg,"Rock N Roll"
17316,"Allu Roll",2025-11-29-692b2cacdb7e0.jpg,"Rock N Roll"
17317,"Allu Cheese Roll",2025-11-29-692b2d142db10.jpg,"Rock N Roll"
17319,"Manchurian Roll",2025-11-29-692b2daf8ed4e.jpg,"Rock N Roll"
17321,"Noodles Roll",2025-11-29-692b2e517cefb.jpg,"Rock N Roll"
17322,"Noodles Cheese Roll",2025-11-29-692b2e9d4c9c3.jpg,"Rock N Roll"
17324,"Chapati",2025-11-30-692bd7e77ecc3.jpg,"Hotel Om Sai Om and Restaurant"
17325,"Bajri Bhakri",2025-11-30-692bdc0614af1.jpg,"Hotel Om Sai Om and Restaurant"
17326,"Butter Chapati",2025-11-30-692bf26b0ea16.jpg,"Hotel Om Sai Om and Restaurant"
17327,"Butter Bajri Bhakri",2025-11-30-692bf2e77d9c2.jpg,"Hotel Om Sai Om and Restaurant"
17328,"Tandoor Roti",2025-11-30-692bf3a43a65f.jpg,"Hotel Om Sai Om and Restaurant"
17329,"Plain Papad",2025-11-30-692bf42bc254f.jpg,"Hotel Om Sai Om and Restaurant"
17330,"Masala Papad",2025-11-30-692bf4c0b5f9a.jpg,"Hotel Om Sai Om and Restaurant"
17331,"Nagali Papad",2025-11-30-692bf7eca699c.jpg,"Hotel Om Sai Om and Restaurant"
17332,"Udid Papad",2025-11-30-692bf9b3d1ae6.jpg,"Hotel Om Sai Om and Restaurant"
17333,"Rice Papad",2025-11-30-692bfa4f0c113.jpg,"Hotel Om Sai Om and Restaurant"
17334,"Thecha",2025-11-30-692bfb3522e1c.jpg,"Hotel Om Sai Om and Restaurant"
17335,"Shengadana Chutney",2025-11-30-692c003b13ab0.jpg,"Hotel Om Sai Om and Restaurant"
17336,"Lasun Chutney",2025-11-30-692c00ac6931f.jpg,"Hotel Om Sai Om and Restaurant"
17337,"Belgium Chocolate 6 Cavity Box",2025-11-30-692c16171e178.jpg,"Eversweet Chocolate"
17338,"Aloo Paratha",2025-12-01-692d39488e51e.jpg,"Eversweet Chocolate"
17895,"DETTOL ORGP 150g WRP",2025-12-27-694fa36b0ebb8.jpg,"GP SuperMart"
18346,"DAALYA 250 G",2025-12-24-694bd821ba7db.jpg,"GP SuperMart"
18347,"DAAWAT SUPER BASMATI RICE 1KG",2025-12-24-694bd64524b48.jpg,"GP SuperMart"
18348,"DABUR BABOOL TOOTHPA 20G",2025-12-24-694bd5ec59edd.jpg,"GP SuperMart"
18349,"Dabur Honey 100 g",2025-12-24-694bd59f3226a.jpg,"GP SuperMart"
18350,"Dabur Red Ayurvedic Toothpaste 36 g",2025-12-24-694bd5515b453.jpg,"GP SuperMart"
18351,"Dabur Red Toothpaste 100 g",2025-12-24-694bd4f04051e.jpg,"GP SuperMart"
18352,"DAGDU TELI GULKAND",2025-12-24-694bd4a38bb2d.jpg,"GP SuperMart"
18354,"DAGDU TELI MEHENDI 100GM",2025-12-24-694bdd86aec5d.jpg,"GP SuperMart"
18437,"Dove Con Daily Shine BioPro Care",2025-12-10-69395d2d9104e.webp,"GP SuperMart"
18438,"Dove Cream Beauty Bathing Bar 75 g (Pack of 3)",2025-12-10-69395e5d1caef.jpg,"GP SuperMart"
18455,"DOVE PINK SP 125GX3",2025-12-24-694bc1634d6bf.jpg,"GP SuperMart"
18458,"DR OETKER O 250g PET- VEG MAYO ORIGINAL",2025-12-24-694bc1ac9e3ea.jpg,"GP SuperMart"
18460,"DR OTKR FUC 250G PET- SANDWICH SPREAD",2025-12-24-694bbd9d2bf84.jpg,"GP SuperMart"
18470,"Dry Coconut",2025-12-21-6947de6cb089c.jpg,"GP SuperMart"
18471,"Dry Fruit Mix",2025-12-21-6947d66b44b69.jpg,"GP SuperMart"
18475,"DUKE DIGESTIVECOMBO",2025-12-24-694bc2dc95b8f.jpg,"GP SuperMart"
18476,"DUKES  ORANGE WAFFY",2025-12-24-694bc382057ee.png,"GP SuperMart"
18477,"DUKES STRAWBERRY WAFFY",2025-12-24-694bc08fbf8bd.jpg,"GP SuperMart"
18478,"DUKES WAFFY  PINEAPPLE",2025-12-24-694bc3ee60e52.jpg,"GP SuperMart"
18480,"DURACELL AES PK8 CBD",2025-12-24-694bc26e54605.jpg,"GP SuperMart"
18484,"DUST FREE BROOM PREMIUM",2025-12-24-694bc5d819743.jpg,"GP SuperMart"
18485,"DUST PAN",2025-12-24-694bc696a0bc5.jpg,"GP SuperMart"
18488,"DWT SUP BSRC 5 KG  PP",2025-12-24-694bc78cde11c.jpg,"GP SuperMart"
18489,"E.KASTURI METHI 25G",2025-12-24-694bc7db37be3.jpg,"GP SuperMart"
18490,"Egg",2025-12-24-694bc81b5f68c.jpg,"GP SuperMart"
18491,"ENO LEMON 100G BTL",2025-12-24-694bc869956f4.jpg,"GP SuperMart"
18494,"EVEREADY POWER ZAP",2025-12-24-694bc907120f8.png,"GP SuperMart"
18496,"Everest Kasuri Methi 100 g",2025-12-24-694bc95ae8aad.jpg,"GP SuperMart"
18497,"EVEREST KESARI MILK MASALA 10 G",2025-12-24-694bc9be8c8f3.jpg,"GP SuperMart"
18498,"EVEREST KICHEN KING MASALA 200G",2025-12-24-694bca0eba739.jpg,"GP SuperMart"
18499,"Everest Meat Masala 50 g",2025-12-24-694bca66d0aa4.jpg,"GP SuperMart"
18500,"Everest Pav Bhaji Masala 50 g",2025-12-24-694bdd0a67cf7.jpg,"GP SuperMart"
18501,"EVEREST SABJI MASALA 200 G",2025-12-24-694bcde34864c.jpg,"GP SuperMart"
18502,"Everest Sambhar Masala 50 g",2025-12-24-694bdddb44751.jpg,"GP SuperMart"
18503,"Everest Shahi Biryani Masala 50 g",2025-12-24-694bde3ce0040.jpg,"GP SuperMart"
18504,"Everest Shahi Paneer Masala 50 g",2025-12-24-694bd43dac2fd.jpg,"GP SuperMart"
18505,"Everest Tea Masala",2025-12-24-694bd3eb1c753.jpg,"GP SuperMart"
18506,"Everest Yellow Hing Powder 50 g",2025-12-24-694bd1ab49334.jpg,"GP SuperMart"
18509,"EXO BAR 120GM",2025-12-24-694bd132415cb.jpg,"GP SuperMart"
18510,"EXO ROUND 500 GM GINGER",2025-12-24-694bd0ea307c1.jpg,"GP SuperMart"
18511,"EXO SAFAI STEEL 12IN 1",2025-12-24-694bd09259ecc.jpg,"GP SuperMart"
18512,"Exo Touch & Shine Anti Bacterial Dishwash Bar 700g",2025-12-24-694bd03a7c2af.jpg,"GP SuperMart"
18513,"EXPRESS HYDRATION LOTION",2025-12-24-694bcfd40c9a6.jpg,"GP SuperMart"
18514,"F SOUA BARI 50X200G LC 25GM EX SC",2025-12-24-694bcd99d4912.jpg,"GP SuperMart"
18515,"FA.WA CHARCOOL 150ML",2025-12-24-694bcf7e9b0a0.jpg,"GP SuperMart"
18516,"FA.WA.LEMON 150ML",2025-12-24-694bcee4df778.jpg,"GP SuperMart"
18567,"Fortune Poha",2025-12-21-6947e0986ec4a.jpg,"GP SuperMart"
18571,"Fortune Soya Oil 840 L",2025-12-21-6947df44162fa.jpg,"GP SuperMart"
18573,"Fortune Sugar",2025-12-21-6947db5a05704.jpg,"GP SuperMart"
18574,"Fortune sunflower oil 800 ml",2025-12-21-6947da8f9759d.jpg,"GP SuperMart"
18599,"Gavathi Toop (Desi Ghee)",2025-12-21-6947d8aa18c3c.jpg,"GP SuperMart"
18605,"Gavran Chavali",2025-12-21-6947d79debcc1.jpg,"GP SuperMart"
18644,"Gits Khaman Dhokla Snack Mix 500 g",2025-12-21-6947bfad8a46a.jpg,"GP SuperMart"
18670,"Gowardhan Dahi",2025-12-21-6947b85103b70.jpg,"GP SuperMart"
18672,"Gowardhan Ghee 200 ml",2025-12-21-6947b954b3355.jpg,"GP SuperMart"
18674,"Gowardhan Paneer 200 g",2025-12-21-6947b7394a63a.jpg,"GP SuperMart"
18696,"Himalaya Baby Extra Moist Soap",2025-12-10-69395eb85416a.jpg,"GP SuperMart"
18697,"Himalaya Baby Powder",2025-12-10-69395f7e5d852.jpg,"GP SuperMart"
18764,"Dettol Handwash",2025-12-12-693beb885653e.jpg,"GP SuperMart"
18765,"Hari Elaichi",2025-12-12-693bea9c711ea.jpg,"GP SuperMart"
18776,"Harpic Lemon Disinfectant Bathroom Cleaner 1 L",2025-12-12-693bbd2ae311f.jpg,"GP SuperMart"
18777,"Harpic Power Plus Original Disinfectant Toilet Cleaner 1 L",2025-12-12-693bbc38138e1.jpg,"GP SuperMart"
18778,"Head & Shoulders 2-in-1 Cool Menthol 180 ml",2025-12-12-693bbb309c366.jpg,"GP SuperMart"
18779,"Head & Shoulders 7-in-1 Anti-Dandruff Shampoo",2025-12-12-693bb9ec3e994.jpg,"GP SuperMart"
18781,"Head & Shoulders Smooth & Silky Shampoo",2025-12-12-693bb94d60efe.jpg,"GP SuperMart"
18792,"Himalaya Lotion Coconut Butter",2025-12-12-693bb8a0323d0.jpg,"GP SuperMart"
18793,"Himalaya Lip Balm",2025-12-12-693bb8558d36d.jpg,"GP SuperMart"
18797,"Himani Navratna Oil",2025-12-12-693bb6ac3d1d8.jpg,"GP SuperMart"
18800,"Hirva Vatana",2025-12-12-693bb5b473ca1.jpg,"GP SuperMart"
18819,"Independence Sugar",2025-12-12-693ba8ca3a653.jpg,"GP SuperMart"
18820,"Independent Sugar",2025-12-12-693ba8586b2dc.jpg,"GP SuperMart"
18834,"Jaggery Cube",2025-12-12-693ba624eb9c3.jpg,"GP SuperMart"
18835,"Jaggery Powder",2025-12-12-693ba5e35f528.jpg,"GP SuperMart"
18837,"Jahagirdar Dibichek Biscuit",2025-12-12-693ba36568cdd.jpg,"GP SuperMart"
18838,"Jahagirdar Nagali Biscuit",2025-12-12-693b9fc86a7da.jpg,"GP SuperMart"
18839,"Jahagirdar Nagali Satwa",2025-12-12-693b9ed85dd76.webp,"GP SuperMart"
18840,"Jahagirdar Nashik Chiwda",2025-12-12-693b9d095ff17.jpg,"GP SuperMart"
18843,"Jawar",2025-12-11-693ab8d0de724.jpg,"GP SuperMart"
18844,"Jawas",2025-12-10-6939692cdca8b.jpg,"GP SuperMart"
18845,"Jayfal  -2 PC",2025-12-08-693683dc036a9.jpg,"GP SuperMart"
18846,"Sarvital Moringa Powder",2025-12-06-69341cc572663.jpg,"Sarvital Sarvadnya Foodtech Pvt. Ltd."
18847,"Chicken Lollipop",2025-12-08-6936ee8d680c1.png,"Hotel Shauryawada"
18848,"Lotus Biscoff Cheesecake Cup",2025-12-10-6939441b75a7a.jpg,"Delighto The Cheesecake House By Sakshee"
18849,"Blueberry Cheesecake Cup",2025-12-10-693945c5e1914.jpg,"Delighto The Cheesecake House By Sakshee"
18850,"Oreo Cheesecake Cup",2025-12-10-693946025891a.jpg,"Delighto The Cheesecake House By Sakshee"
18851,"Chocolate Cheesecake Cup",2025-12-10-693946323f4b0.jpg,"Delighto The Cheesecake House By Sakshee"
18852,"item",2025-12-18-6943ba9968601.png,"Tester"
18853,"Mutton Masala",2025-12-12-693be61b67699.jpeg,"Hotel Shauryawada"
18854,"Chicken Raan",2025-12-12-693be90c0d10a.jpeg,"Hotel Shauryawada"
18855,"Ghee Mutton Roast",2025-12-12-693c295c16cd6.png,"Hotel Shauryawada"
18856,"Chicken Tandoori",2025-12-13-693d458a0e712.jpg,"Hotel Shauryawada"
18857,"Chicken Fry [5 Pieces]",2025-12-13-693d4bb0d2f90.jpg,"Hotel Shauryawada"
18858,"Chicken Crispy",2025-12-13-693d4e617738b.jpg,"Hotel Shauryawada"
18859,"Paneer Kurchan",2025-12-13-693d4f86d1699.jpg,"Hotel Shauryawada"
18860,"Murgh Musallam",2025-12-13-693d5212d8ba6.jpg,"Hotel Shauryawada"
18861,"Mutton Fry",2025-12-13-693d545d3fe80.jpg,"Hotel Shauryawada"
18862,"Bajari Bhakri",2025-12-13-693d553eb24e1.jpg,"Hotel Shauryawada"
18864,"Chicken Dum Biryani",2025-12-13-693d571975ef6.jpg,"Hotel Shauryawada"
18865,"Mutton Dum Biryani",2025-12-13-693d57fdef1bf.jpg,"Hotel Shauryawada"
18866,"Chikan Kharada",2025-12-13-693d67463ec8a.png,"Hotel Shauryawada"
18867,"Mutton Ukad",2025-12-13-693d6ab4d32cf.png,"Hotel Shauryawada"
18868,"Mutton Chop Fry",2025-12-13-693d77b32290b.png,"Hotel Shauryawada"
18870,"Mutton Vajadi Fry",2025-12-14-693e8a5b50fc1.png,"Hotel Shauryawada"
18871,"Mutton Malwani Handi",2025-12-14-693e8c98cb2e5.jpg,"Hotel Shauryawada"
18872,"Mutton Kalvan",2025-12-14-693e8ff61e505.jpg,"Hotel Shauryawada"
18873,"Veg Pulao",2025-12-14-693ed5fae6481.jpg,"Hotel Shauryawada"
18874,"Butter Naan",2025-12-14-693ed82d6bdf7.jpg,"Hotel Shauryawada"
18875,"Butter Roti",2025-12-14-693ed8e042455.jpg,"Hotel Shauryawada"
18876,"Paneer Biryani",2025-12-14-693eda1f1efa9.jpg,"Hotel Shauryawada"
18877,"Veg Biryani",2025-12-14-693edc589c5d7.jpg,"Hotel Shauryawada"
18878,"Chicken Fried Rice",2025-12-14-693edd632bbe9.jpg,"Hotel Shauryawada"
18879,"Chicken Schezwan Fried Rice",2025-12-14-693ee09da97a3.jpg,"Hotel Shauryawada"
18880,"Chicken Chilly",2025-12-14-693ee27686142.jpg,"Hotel Shauryawada"
18881,"Chicken Crispy",2025-12-14-693ee3b5ec5eb.jpg,"Hotel Shauryawada"
18882,"Chicken 65",2025-12-14-693ee55f7e077.jpg,"Hotel Shauryawada"
18883,"Veg Maratha",2025-12-14-693ee66598932.jpg,"Hotel Shauryawada"
18884,"Veg Bhuna Masala",2025-12-14-693ee95887b74.jpg,"Hotel Shauryawada"
18885,"Khicha Churi",2025-12-16-69411a01d43a2.jpg,"Bhagat Tarachand"
18886,"Veg Masala Burger",2025-12-17-694278a17a69b.jpg,"Rock N Roll"
18887,"Veg Masala Cheese Burger",2025-12-17-694274d4e6e8a.jpg,"Rock N Roll"
18888,"Veg Masala Tandoor Burger",2025-12-17-694276febf06d.jpg,"Rock N Roll"
18889,"Veg Masala Tandoor Cheese Burger",2025-12-17-694276a90a21a.jpg,"Rock N Roll"
18890,"Veg Schezwan Masala Burger",2025-12-17-69427660cbc6e.jpg,"Rock N Roll"
18891,"Veg Schezwan Cheese Masala Burger",2025-12-17-69427600a9bd9.jpg,"Rock N Roll"
18892,"Veg Sada Sandwich",2025-12-17-694275a64b2ce.jpg,"Rock N Roll"
18893,"Veg Masala Sandwich",2025-12-17-6942756b02ef8.jpg,"Rock N Roll"
18894,"Veg Grill Sandwich",2025-12-17-69427512ed4cd.jpg,"Rock N Roll"
18895,"Veg Grill Cheese Sandwich",2025-12-17-69426ba15c4ec.jpg,"Rock N Roll"
18896,"Veg Tandoor Sandwich",2025-12-17-6942749262d35.jpg,"Rock N Roll"
18897,"Veg Tandoor Cheese Sandwich",2025-12-17-694274369c98f.jpg,"Rock N Roll"
18898,"Veg Schezwan Sandwich",2025-12-17-694273d2a8546.jpg,"Rock N Roll"
18899,"Veg Schezwan Cheese Sandwich",2025-12-17-694273639c5ae.jpg,"Rock N Roll"
18900,"Veg Club Sandwich",2025-12-17-694272bc54036.jpg,"Rock N Roll"
18901,"Veg Club Cheese Sandwich",2025-12-17-6942725eacc04.jpg,"Rock N Roll"
18902,"Veg Club Cheese  Sandwich",2025-12-17-69427107da123.jpg,"Rock N Roll"
18903,"Veg Club Cheese Sandwich",2025-12-17-6942708835eaf.jpg,"Rock N Roll"
18904,"Chocolate Sandwich",2025-12-17-69426f4c7d308.jpg,"Rock N Roll"
18905,"Chocolate Cheese Sandwich",2025-12-17-69426ef9d68fc.jpg,"Rock N Roll"
18906,"Jain Toast Sandwich",2025-12-17-69426c5f97419.jpg,"Rock N Roll"
18907,"Jain Sada Cheese Sandwich",2025-12-17-69427186cadf2.jpg,"Rock N Roll"
18908,"Jain Toast Cheese Sandwich",2025-12-17-6942773872217.jpg,"Rock N Roll"
18909,"Jain Mayonnaise Sandwich",2025-12-17-69427780dfc59.jpg,"Rock N Roll"
18910,"Veg Pizza",2025-12-17-694277c7c30db.jpg,"Rock N Roll"
18912,"Schezwan Pizza",2025-12-17-6942785e598d5.jpg,"Rock N Roll"
18913,"Paneer Schezwan Pizza",2025-12-17-6942780d188b5.jpg,"Rock N Roll"
18914,"Margarita pizza",2025-12-17-69427927137b3.jpg,"Rock N Roll"
18915,"CPL Supersoft Sanitary Pads",2025-12-18-6943c4a6302f4.jpg,"Diapers Point-Best Diaper Shop in Nashik"
18916,"Millet Plum Cake",2025-12-19-694502247d3c4.jpg,"Super Food Millets"
18917,"Bajari Bhakari",2025-12-19-694513cbcc229.jpg,"Aditya Mutton Bhakri"
18918,"Paneer Special",2025-12-19-69452eb0466d3.jpg,"Aditya Mutton Bhakri"
18919,"Millet Puffs Offer",2025-12-19-69452f20db046.jpg,"Super Food Millets"
18920,"Paneer Bhurji",2025-12-19-69452ff2b8beb.jpg,"Aditya Mutton Bhakri"
18921,"Dal Khichdi",2025-12-20-6946a5879b85a.jpg,"Hotel Shauryawada"
18922,"Veg Fried Rice",2025-12-20-6946a63bce43a.jpg,"Hotel Shauryawada"
18923,"Chicken Tikka Masala",2025-12-20-6946a70f886e6.jpg,"Hotel Shauryawada"
18924,"Chicken Masala",2025-12-20-6946a78b7cfa9.jpeg,"Hotel Shauryawada"
18925,"Butter Chicken",2025-12-20-6946a817c2332.jpg,"Hotel Shauryawada"
18926,"Egg masala",2025-12-20-6946a86f30548.jpg,"Hotel Shauryawada"
18927,"Chicken Malwani Handi",2025-12-20-6946a910b302d.jpg,"Hotel Shauryawada"
18928,"Chicken Kalvan",2025-12-20-6946a9c5260f9.jpg,"Hotel Shauryawada"
18929,"Gavran Chicken Handi Kala Masala",2025-12-20-6946aa5f80ac9.jpg,"Hotel Shauryawada"
18930,"Mutton Handi Kala Masala",2025-12-20-6946ab5d76b5d.jpg,"Hotel Shauryawada"
18931,"Paneer Tikka Masala",2025-12-20-6946af4903abd.jpg,"Hotel Shauryawada"
18932,"Paneer Butter Masala",2025-12-20-6946afeb742d7.jpg,"Hotel Shauryawada"
18933,"Chicken Ghee Roast",2025-12-20-6946b2c577ba9.JPG,"Hotel Shauryawada"
18934,"Wada Special",2025-12-21-6947ffd6b4a58.jpg,"Hotel Shauryawada"
18935,"Plain Garlic Naan",2025-12-21-694800f5b6f93.jpg,"Hotel Shauryawada"
18936,"Chapati",2025-12-23-694a795f3b4c3.jpg,"Inayat Cafe"
18937,"Rumali Roti",2025-12-23-694a7b97ec5e0.jpg,"Inayat Cafe"
18938,"Tandoori Paratha",2025-12-23-694a7d67cb22b.jpg,"Inayat Cafe"
18939,"Butter Rumali",2025-12-23-694a7dee10d89.jpg,"Inayat Cafe"
18940,"Chicken Smoke",2025-12-23-694a7ec92042d.png,"Inayat Cafe"
18941,"Chicken Mughlai",2025-12-28-6950f469b9704.jpg,"Inayat Cafe"
18942,"Chicken Tandoori Biryani (Sp.)",2025-12-23-694a817d82635.png,"Inayat Cafe"
18943,"Chicken Afghani",2025-12-23-694a826c95896.jpg,"Inayat Cafe"
18944,"Mutton Seekh Kabab",2025-12-23-694a832aefc15.png,"Inayat Cafe"
18945,"Chicken Rashida",2025-12-23-694a83f72a3f3.jpg,"Inayat Cafe"
18946,"Chicken Kabuli",2025-12-23-694a85eba3b92.jpg,"Inayat Cafe"
18947,"Mutton Sukha Masala (8Pcs.)",2025-12-23-694a8646de057.png,"Inayat Cafe"
18948,"Mutton Salli Boti",2025-12-23-694a8811c6276.png,"Inayat Cafe"
18949,"Mutton Lajawab",2025-12-23-694a894268cfc.png,"Inayat Cafe"
18950,"Bajari pith 500 g",2025-12-25-694d44857f32c.jpg,"GP SuperMart"
18951,"Jwari pith 500 g",2025-12-25-694d4432c9053.jpg,"GP SuperMart"
18952,"Cinthol cool soap 75 g",2025-12-25-694d43a22d18e.jpg,"GP SuperMart"
18953,"Colgate maxfresh blue gel toothpaste 300 g",2025-12-25-694d43590d4d0.jpg,"GP SuperMart"
18954,"Colgate toothbrush (ultra/soft) pack 2",2025-12-25-694d428f380f7.jpg,"GP SuperMart"
18955,"Closeup everfresh red hot toothpaste 80 g",2025-12-25-694d4235a72e1.jpg,"GP SuperMart"
18956,"Camay natural soap 125 g x 3",2025-12-25-694d41dfdb68c.jpg,"GP SuperMart"
18957,"Cinthol fresh soap 125 g x 3",2025-12-25-694d419a47c17.jpg,"GP SuperMart"
18958,"Colgate extra clean toothbrush pack 3",2025-12-25-694d412ccede5.jpg,"GP SuperMart"
18959,"Colgate active salt toothpaste 42 g",2025-12-25-694d40b9c8e40.jpg,"GP SuperMart"
18960,"Colgate herbal essence toothpaste 100 g",2025-12-25-694d3f34ead37.jpg,"GP SuperMart"
18961,"Colgate maxfresh ice toothpaste 150 g",2025-12-26-694e22b97e27c.jpg,"GP SuperMart"
18962,"Colgate kids toothpaste 80 g",2025-12-26-694e231977198.jpg,"GP SuperMart"
18963,"Colgate strong teeth toothpaste 16 g",2025-12-26-694e235aaaaef.jpg,"GP SuperMart"
18964,"Colgate red maxfresh toothpaste 38 g",2025-12-26-694e23a5ba03f.png,"GP SuperMart"
18965,"Cycle 3-in-1 agarbatti 120 g",2025-12-26-694e23fbbd670.jpg,"GP SuperMart"
18966,"Dabur babool toothpaste 20 g",2025-12-25-694d4538d25b9.jpg,"GP SuperMart"
18967,"Dabur red ayurvedic toothpaste 36 g",2025-12-26-694e24431ba6a.jpg,"GP SuperMart"
18968,"Dabur red toothpaste 100 g",2025-12-25-694d44c880ce3.jpg,"GP SuperMart"
18969,"Dabur red toothpaste 100 g (pack)",2025-12-26-694e24e144248.jpg,"GP SuperMart"
18971,"Dettol original soap 100 g",2025-12-26-694e2738202d1.jpg,"GP SuperMart"
18972,"Dettol original soap 150 g",2025-12-26-694e2876aaa8f.jpg,"GP SuperMart"
18973,"Dettol antiseptic liquid 250 ml",2025-12-26-694e6d6926ad1.jpg,"GP SuperMart"
18974,"Dettol antiseptic liquid 750 ml",2025-12-26-694e6dc043a46.jpg,"GP SuperMart"
18975,"Dettol handwash",2025-12-26-694e6dfe13d59.jpg,"GP SuperMart"
18976,"Dettol icy cool soap 150 g x 5",2025-12-26-694e6e4a3b63c.jpg,"GP SuperMart"
18977,"Dettol original soap pack of 4 (100 g)",2025-12-26-694e2b5d91455.jpg,"GP SuperMart"
18978,"Dettol soap pack of 5 (150 g)",2025-12-26-694e2b17508c3.jpg,"GP SuperMart"
18979,"Dettol skincare soap 100 g x 4",2025-12-26-694e2ac5aa9c2.jpg,"GP SuperMart"
18980,"Fortune sunflower oil 4.35 kg",2025-12-26-694e2a26cfa41.jpg,"GP SuperMart"
18981,"Fortune rice bran oil 870 g pouch",2025-12-26-694e29e70dea6.jpg,"GP SuperMart"
18982,"Fortune pure groundnut oil 870 g pouch",2025-12-26-694e29a2b01a7.jpg,"GP SuperMart"
18983,"Fortune refined sunflower oil 13 kg tin",2025-12-26-694e291d2afc9.jpg,"GP SuperMart"
18984,"Fortune sunflower oil 800 g",2025-12-26-694e7012078a4.jpg,"GP SuperMart"
18985,"Gavran chavali 1 kg",2025-12-26-694e708d3c558.jpg,"GP SuperMart"
18986,"Gavran chavali 500 g",2025-12-26-694e70ba1f398.jpg,"GP SuperMart"
18987,"Godrej powerclean dishwash liquid 500 ml",2025-12-26-694e718626823.jpg,"GP SuperMart"
18988,"Harpic floral bathroom cleaner 500 ml",2025-12-26-694e71dc475fd.jpg,"GP SuperMart"
18989,"Harpic lemon bathroom cleaner 1 l",2025-12-26-694e7216bd3b4.jpg,"GP SuperMart"
18990,"Harpic power plus original toilet cleaner 1 l",2025-12-26-694e7255021c0.jpg,"GP SuperMart"
18991,"Independence sugar 1 kg",2025-12-26-694e27e3a7d7d.jpg,"GP SuperMart"
18992,"Lifebuoy neem soap 100 g wrap",2025-12-26-694e729bb09c2.jpg,"GP SuperMart"
18993,"Lifebuoy soap 100 g",2025-12-26-694e28c477955.jpg,"GP SuperMart"
18994,"Lifebuoy handwash pouch",2025-12-26-694e731670cce.jpg,"GP SuperMart"
18995,"Lifebuoy liquid handwash 675 ml",2025-12-26-694e7351c09e4.jpg,"GP SuperMart"
18996,"Lifebuoy handwash buy 3 get 1 free",2025-12-26-694e73b1bf1eb.jpg,"GP SuperMart"
18997,"Lizol citrus disinfectant surface cleaner 1 l",2025-12-26-694e73ffda9ff.jpg,"GP SuperMart"
18998,"Lizol disinfectant floor cleaner 500 ml bottle",2025-12-26-694e745aa2308.jpg,"GP SuperMart"
18999,"Lizol disinfectant surface cleaner 625 ml pet",2025-12-26-694e74dff2d34.jpg,"GP SuperMart"
19000,"Lizol floral disinfectant cleaner 625 ml",2025-12-26-694e751b11e5a.jpg,"GP SuperMart"
19001,"Masur dal 1 kg",2025-12-26-694e756ae55cd.jpg,"GP SuperMart"
19002,"Masur dal loose",2025-12-26-694e75b49b593.jpg,"GP SuperMart"
19003,"Medimix classic soap 125 g wrap",2025-12-26-694e7639a3398.jpg,"GP SuperMart"
19004,"Meswak complete oral care toothpaste 200 g",2025-12-26-694e769433280.jpg,"GP SuperMart"
19005,"Madhur sugar h s 1 kg bottle",2025-12-26-694e76ed60707.jpg,"GP SuperMart"
19008,"Moong dal 1 kg",2025-12-26-694e75e95b23c.jpg,"GP SuperMart"
19009,"Moong dal 200 g",2025-12-26-694e7745d8025.jpg,"GP SuperMart"
19010,"Moong dal 500 g",2025-12-26-694e776ae15ac.jpg,"GP SuperMart"
19011,"Murli sunflower oil pouch 1 l",2025-12-26-694e77af71760.jpg,"GP SuperMart"
19012,"Parivar fine atta 10 kg pouch",2025-12-26-694e7a8406926.jpg,"GP SuperMart"
19013,"Parivar family besan 250 g",2025-12-26-694e791459a1a.jpg,"GP SuperMart"
19014,"Parivar family besan 500 g",2025-12-26-694e7ac391a8b.jpg,"GP SuperMart"
19015,"Pears glycerin soap 100 g",2025-12-26-694e7a2db5398.jpg,"GP SuperMart"
19016,"Patanjali dant kanti cream 100 g",2025-12-26-694e7a62264b6.jpg,"GP SuperMart"
19018,"Patanjali floor cleaner 1 l pet",2025-12-26-694e7abe1069d.jpg,"GP SuperMart"
19019,"Samrat rawa 500 g",2025-12-26-694e7aff1aae0.jpg,"GP SuperMart"
19020,"Savlon handwash pouch",2025-12-26-694e3ad2a732f.jpg,"GP SuperMart"
19021,"Sensodyne toothpaste 70 g cbd",2025-12-26-694e3a8b0a762.jpg,"GP SuperMart"
19022,"Sensodyne sensitive soft toothbrush",2025-12-26-694e3a33efc7d.jpg,"GP SuperMart"
19023,"Saffola gold edible oil 4.55 kg",2025-12-26-694e74f5dd371.jpg,"GP SuperMart"
19024,"Samrat maida 1 kg",2025-12-26-694e7386b0cf9.jpg,"GP SuperMart"
19025,"Sensodyne fresh mint toothpaste 150 g",2025-12-26-694e787137e8b.jpg,"GP SuperMart"
19026,"Sensodyne fresh gel toothpaste 150 g",2025-12-26-694e7b4b91303.jpg,"GP SuperMart"
19027,"Santoor glycerin soap 125 g x3",2025-12-26-694e7b834b96c.jpg,"GP SuperMart"
19028,"Swastik patala poha 500 g",2025-12-26-694e756cd8f35.jpg,"GP SuperMart"
19029,"Tata iodized salt 1 kg pouch",2025-12-26-694e3b2a6acb4.jpg,"GP SuperMart"
19030,"Tur dal kokna 1 kg",2025-12-26-694e78f4a1c99.jpg,"GP SuperMart"
19031,"Tur dal phatka",2025-12-26-694e7bc641914.jpg,"GP SuperMart"
19032,"Vim active dishwash bar 200 g buy 4 get 1",2025-12-26-694e7c303e136.jpg,"GP SuperMart"
19033,"Annapurna sea salt 1 kg",2025-12-26-694e7bdb2547e.jpg,"GP SuperMart"
19034,"Bajri flour 500 g",2025-12-26-694e39b42f6b1.jpg,"GP SuperMart"
19035,"Bigul atta 30 kg",2025-12-26-694e395c2f971.jpg,"GP SuperMart"
19036,"DNV punjabadi papad 180 g",2025-12-26-694e38faa391e.jpg,"GP SuperMart"
19037,"Egg",2025-12-26-694e3866c843e.jpg,"GP SuperMart"
19038,"For super rice raw 1 kg buy 1 get 1",2025-12-26-694e3818e0341.jpg,"GP SuperMart"
19039,"Fortune chakki atta 1 kg buy 2",2025-12-26-694e35dd1557e.jpg,"GP SuperMart"
19040,"Fortune chakki atta 5 kg with 200 g free",2025-12-26-694e359428c08.jpg,"GP SuperMart"
19041,"Gavathi Toop ghee 1 kg",2025-12-26-694e74899f48e.jpg,"GP SuperMart"
19042,"Gavathi toop ghee 500 g",2025-12-26-694e353d2f994.jpg,"GP SuperMart"
19043,"Jaggery mithai topline",2025-12-26-694e6aace4c00.jpg,"GP SuperMart"
19044,"M30 sugar 50 kg",2025-12-26-694e341c36afe.jpg,"GP SuperMart"
19045,"Maize flour 500 g",2025-12-26-694e33cc99d8c.jpg,"GP SuperMart"
19046,"Masur Dal 500 g",2025-12-26-694e7429e5668.jpg,"GP SuperMart"
19047,"Maggy Veg Atta 290 g",2025-12-26-694e73dc3ef26.jpg,"GP SuperMart"
19048,"Rajgira flour 200 g",2025-12-26-694e6a548f509.jpg,"GP SuperMart"
19049,"Sabudana flour 200 g",2025-12-26-694e6a067f334.jpg,"GP SuperMart"
19050,"Shingada flour 200 g",2025-12-26-694e68e5ee309.jpg,"GP SuperMart"
19051,"Sugar 5 kg",2025-12-26-694e689899ac9.jpg,"GP SuperMart"
19052,"Tata pink salt",2025-12-26-694e685cb41af.jpg,"GP SuperMart"
19053,"Whole moong flour 500 g",2025-12-26-694e681a4a11f.jpg,"GP SuperMart"
19054,"Clinic plus shampoo sachet 6 ml",2025-12-26-694e67a3c4245.jpg,"GP SuperMart"
19055,"Colgate strong teeth toothpaste 50 g",2025-12-26-694e67612937c.jpg,"GP SuperMart"
19056,"Colgate strong teeth dental cream 36 g",2025-12-26-694e3d2689eb9.jpg,"GP SuperMart"
19057,"Cool bathing soap 100 g",2025-12-26-694e3cea92d12.jpg,"GP SuperMart"
19058,"Cinthol super soft peach soap 85 g",2025-12-26-694e3c2ee4f95.jpg,"GP SuperMart"
19059,"Cinthol super soft berries soap",2025-12-26-694e7cf4ce2d1.jpg,"GP SuperMart"
19060,"Patanjali dant kanti junior toothpaste strawberry 80 g",2025-12-26-694e6cef003ef.jpg,"GP SuperMart"
19061,"Patanjali dant kanti natural toothpaste pack",2025-12-26-694e6c971f7f5.webp,"GP SuperMart"
19062,"Patanjali dant kanti natural toothpaste 100 g",2025-12-26-694e6c0fc924d.jpg,"GP SuperMart"
19063,"Dettol original handwash 200 ml pet",2025-12-26-694e6bd113eb6.jpg,"GP SuperMart"
19064,"Dettol original handwash pouch 675 ml",2025-12-26-694e6b8e576a6.jpg,"GP SuperMart"
19065,"Dettol sensitive handwash pouch 675 ml",2025-12-26-694e6b585bfdd.jpg,"GP SuperMart"
19066,"Dettol skincare handwash pouch 675 ml",2025-12-26-694e3be90ac36.jpg,"GP SuperMart"
19067,"Fiama shower gel charcoal 150 ml",2025-12-26-694e6b1519b0f.jpg,"GP SuperMart"
19068,"Fiama shower gel lemon 150 ml",2025-12-26-694e3ba641390.jpg,"GP SuperMart"
19069,"Fiama shower gel papaya 150 ml",2025-12-26-694e7d6b2f68e.jpg,"GP SuperMart"
19070,"Fiama shower gel vitamin c",2025-12-26-694e7de614d2b.jpg,"GP SuperMart"
19071,"Fogg fat foamy shaving foam regular 418 g",2025-12-26-694e7e3fae074.jpg,"GP SuperMart"
19082,"Gillette presto buy 3 get 1",2025-12-26-694e7103d467d.jpg,"GP SuperMart"
19095,"Lotus herbals sunscreen spf 50 425 ml",2025-12-26-694e816b3fe28.jpg,"GP SuperMart"
19096,"Lotus herbals honey almond body lotion 100 ml",2025-12-27-694fa2a3d49f6.jpg,"GP SuperMart"
19097,"Lotus herbals pure aloe vera gel 400 ml",2025-12-27-694fa310b9cb7.jpg,"GP SuperMart"
19107,"Oral b sensitive x pack 2",2025-12-27-694fa492e17dc.jpg,"GP SuperMart"
19201,"Biryani masala",2025-12-25-694d356bf0284.jpg,"GP SuperMart"
19202,"Khaskhas",2025-12-25-694d392fde5eb.jpg,"GP SuperMart"
19203,"Khichadi masala",2025-12-25-694d3e5ae9d31.jpg,"GP SuperMart"
19204,"Miri",2025-12-25-694d35b066f93.jpg,"GP SuperMart"
19205,"Paneer masala",2025-12-25-694d35fe7bc1b.jpg,"GP SuperMart"
19206,"Exo round dishwash bar ginger 500 g",2025-12-25-694d36747b26c.jpg,"GP SuperMart"
19207,"Giffy yellow scrub pad combo 250 g plus 250 g",2025-12-25-694d36bf05bd3.jpg,"GP SuperMart"
19208,"Giffy tough grease removal scrub",2025-12-25-694d3713e2b69.jpg,"GP SuperMart"
19210,"Harpic bathroom cleaner 200 ml",2025-12-25-694d37cc0b513.jpg,"GP SuperMart"
19211,"Harpic bathroom cleaner 500 ml",2025-12-25-694d38565bef7.jpg,"GP SuperMart"
19212,"Harpic drain cleaner 50 g",2025-12-25-694d3b17084b0.jpg,"GP SuperMart"
19213,"Herbal wash detergent powder 1 kg",2025-12-25-694d3b85ebf20.jpg,"GP SuperMart"
19214,"Lizol surface cleaner citrus 200 ml",2025-12-25-694d341a7ec89.jpg,"GP SuperMart"
19215,"Lizol surface cleaner floral 200 ml",2025-12-25-694d380815eab.jpg,"GP SuperMart"
19216,"Max kleen dishwash bar buy 2 get 1",2025-12-26-694e3117b69df.jpg,"GP SuperMart"
19217,"Super dish wash bar 225 g",2025-12-26-694e31a1a657d.jpg,"GP SuperMart"
19218,"Super dish wash bar pack of 4",2025-12-26-694e31f7a63b9.jpg,"GP SuperMart"
19219,"Super dish wash bar",2025-12-26-694e3276354de.jpg,"GP SuperMart"
19220,"Vim dishwash bar 250 g tub with scrubber free",2025-12-26-694e32f7b8fcb.jpg,"GP SuperMart"
19221,"Vim floor cleaner ultraplus lemon 500 ml",2025-12-26-694e3097a13cc.jpg,"GP SuperMart"
19225,"whspr Choice ON XXL 16s",2025-12-26-694e2e5285aa2.jpg,"GP SuperMart"
19226,"whspr Choice Ultr",2025-12-26-694e2df461d4b.jpg,"GP SuperMart"
19227,"whspr Choice Ultr 10s",2025-12-26-694e2d61878ae.jpg,"GP SuperMart"
19228,"whspr Choice Ultra",2025-12-26-694e2d1d642ae.jpg,"GP SuperMart"
19229,"whspr Choice Wing 20s",2025-12-26-694e2bc7ac9e1.jpg,"GP SuperMart"
19230,"whspr Choice XL",2025-12-26-694e334ff1da2.jpg,"GP SuperMart"
19231,"whspr Choice XL 36s",2025-12-25-694d38f2c6273.jpg,"GP SuperMart"
19232,"Pohe",2025-12-25-694d3e1f3f3f8.jpg,"Mirchi Cafe"
19233,"Chicken Handi",2025-12-28-6950da7b8b4d3.jpg,"Aditya Mutton Bhakri"
19234,"Kantara Special Chicken Thali",2025-12-28-6950efb92b4fd.png,"Kantara Food"
19235,"Chicken Makhni",2025-12-28-6950f9b1cd8c5.jpg,"Inayat Cafe"
19236,"Chicken Harabhara Bonless",2025-12-28-6950fa427a105.jpg,"Inayat Cafe"
19237,"Chicken Kolhapuri",2025-12-28-6950fb32f00e1.jpg,"Inayat Cafe"
19238,"Chaap Fry Masala (6 Pcs)",2025-12-28-6950fccc2a2da.jpg,"Inayat Cafe"
19239,"Mutton Kolhapuri",2025-12-28-6950fdcc4ba30.jpg,"Inayat Cafe"
19240,"Mutton Mughlai",2025-12-28-6950ff560e2a3.jpg,"Inayat Cafe"
19241,"Mutton Afghani",2025-12-28-695101d6009d4.jpg,"Inayat Cafe"
19242,"Mutton Kabuli",2025-12-28-695102a29a8c7.jpg,"Inayat Cafe"
19243,"Mutton Special Masala (6Pcs)",2025-12-28-69510563688e7.jpg,"Inayat Cafe"
19244,"Chicken Tandoori",2025-12-28-69510869c8781.jpg,"Inayat Cafe"
19245,"Shezwan Tikka",2025-12-28-69510a3279827.jpg,"Inayat Cafe"
19246,"Chicken Bhuna Kabab",2025-12-28-69510b054dd45.jpg,"Inayat Cafe"
19247,"Chicken Dry Fry",2025-12-28-69510cbb8d5b3.jpg,"Inayat Cafe"
19248,"Mutton Plain Fry",2025-12-28-695110cd93c24.jpg,"Inayat Cafe"
19249,"Dal Khichada",2025-12-28-695116462dd44.jpg,"Inayat Cafe"
19250,"Pani Puri Combo [60 Pieces]",2025-12-28-6951229e44e1e.jpg,"Ganesh Sweet Mart"
19251,"Pani Puri [120 Pieces]",2025-12-28-695123bbaac4c.jpg,"Ganesh Sweet Mart"
19252,"Mutton Manchurian",2025-12-29-6952194bf3701.jpg,"Inayat Cafe"
19253,"Mutton Chilli Gravy",2025-12-29-69521c35e4cf4.jpg,"Inayat Cafe"
19254,"Veg Chilli",2025-12-29-69522ee6260c6.jpg,"Inayat Cafe"
19255,"Veg American Chopsuey",2025-12-29-69523187a800f.jpg,"Inayat Cafe"
19256,"Veg Special Chilli",2025-12-29-6952326ed61fc.jpg,"Inayat Cafe"
19257,"Mutton Korma",2025-12-29-6952337b1f7cc.jpg,"Inayat Cafe"
19258,"Special Kalegi Gurda Masala",2025-12-29-695234468df56.jpg,"Inayat Cafe"
19259,"Paya Masala",2025-12-29-695234f01a2be.jpg,"Inayat Cafe"
19260,"Dal Fry",2025-12-29-69523d1cb8c89.jpg,"Inayat Cafe"
19261,"Veg Jaipuri",2025-12-29-69523fd7de3ed.jpg,"Inayat Cafe"
19262,"Veg Makhni",2025-12-29-695240c3a2e50.jpg,"Inayat Cafe"
19264,"tax included",2026-01-05-695b796a6bb61.png,"Tester"
19265,"tax Excluded",2026-01-05-695b79a71c61a.png,"Tester"
